"annotation_id","annotator","choice","created_at","id","lead_time","updated_at","video"
1,"1","Bad Video","2026-04-20T02:34:32.629242Z",1,19.179,"2026-04-20T02:38:54.069207Z","/data/local-files/?d=downloads/740691-31798223_HighHome.mp4"
4,"1","Bad Video","2026-04-20T02:39:28.583139Z",2,23.46,"2026-04-20T02:39:28.583159Z","/data/local-files/?d=downloads/740691-31798225_HighHome.mp4"
3,"1","Bad Video","2026-04-20T02:39:19.767424Z",3,11.975,"2026-04-20T02:39:19.767442Z","/data/local-files/?d=downloads/740691-31798228_HighHome.mp4"
5,"1","Bad Video","2026-04-20T02:39:32.432820Z",4,3.642,"2026-04-20T02:39:32.432841Z","/data/local-files/?d=downloads/740691-31798229_HighHome.mp4"
6,"1","Bad Video","2026-04-20T02:40:07.771232Z",5,35.172,"2026-04-20T02:40:07.771247Z","/data/local-files/?d=downloads/740691-31798238_HighHome.mp4"
7,"1","Bad Video","2026-04-20T02:40:16.635321Z",6,2.554,"2026-04-20T02:40:16.635340Z","/data/local-files/?d=downloads/740691-31798240_HighHome.mp4"
8,"1","Bad Video","2026-04-20T02:40:18.769313Z",7,1.937,"2026-04-20T02:40:18.769330Z","/data/local-files/?d=downloads/740691-31798241_HighHome.mp4"
9,"1","Bad Video","2026-04-20T02:40:21.125774Z",8,2.178,"2026-04-20T02:40:21.125794Z","/data/local-files/?d=downloads/740691-31798243_HighHome.mp4"
10,"1","Bad Video","2026-04-20T02:40:22.661971Z",9,1.366,"2026-04-20T02:40:22.661990Z","/data/local-files/?d=downloads/740691-31798245_HighHome.mp4"
11,"1","Bad Video","2026-04-20T02:40:23.966249Z",10,1.111,"2026-04-20T02:40:23.966265Z","/data/local-files/?d=downloads/740691-31798247_HighHome.mp4"
12,"1","Bad Video","2026-04-20T02:40:25.371982Z",11,1.248,"2026-04-20T02:40:25.372001Z","/data/local-files/?d=downloads/740691-31798249_HighHome.mp4"
13,"1","Bad Video","2026-04-20T02:40:26.770187Z",12,1.235,"2026-04-20T02:40:26.770204Z","/data/local-files/?d=downloads/740691-31798251_HighHome.mp4"
14,"1","Bad Video","2026-04-20T02:40:28.014645Z",13,1.071,"2026-04-20T02:40:28.014662Z","/data/local-files/?d=downloads/740691-31798252_HighHome.mp4"
15,"1","Bad Video","2026-04-20T02:40:29.237641Z",14,1.054,"2026-04-20T02:40:29.237658Z","/data/local-files/?d=downloads/740691-31798254_HighHome.mp4"
16,"1","Bad Video","2026-04-20T02:40:30.413096Z",15,1.007,"2026-04-20T02:40:30.413113Z","/data/local-files/?d=downloads/740691-31798256_HighHome.mp4"
17,"1","Bad Video","2026-04-20T02:40:31.634276Z",16,1.026,"2026-04-20T02:40:31.634294Z","/data/local-files/?d=downloads/740691-31798257_HighHome.mp4"
18,"1","Bad Video","2026-04-20T02:40:32.927642Z",17,1.117,"2026-04-20T02:40:32.927659Z","/data/local-files/?d=downloads/740691-31798258_HighHome.mp4"
19,"1","Bad Video","2026-04-20T02:40:34.167080Z",18,1.072,"2026-04-20T02:40:34.167098Z","/data/local-files/?d=downloads/740691-31798259_HighHome.mp4"
20,"1","Bad Video","2026-04-20T02:40:35.476420Z",19,1.114,"2026-04-20T02:40:35.476439Z","/data/local-files/?d=downloads/740691-31798260_HighHome.mp4"
21,"1","Bad Video","2026-04-20T02:40:36.791622Z",20,1.11,"2026-04-20T02:40:36.791639Z","/data/local-files/?d=downloads/740691-31798261_HighHome.mp4"
22,"1","Bad Video","2026-04-20T02:40:38.067615Z",21,1.081,"2026-04-20T02:40:38.067633Z","/data/local-files/?d=downloads/740691-31798262_HighHome.mp4"
23,"1","Bad Video","2026-04-20T02:40:39.368793Z",22,1.104,"2026-04-20T02:40:39.368808Z","/data/local-files/?d=downloads/740691-31798263_HighHome.mp4"
24,"1","Bad Video","2026-04-20T02:40:40.742084Z",23,1.175,"2026-04-20T02:40:40.742101Z","/data/local-files/?d=downloads/740691-31798264_HighHome.mp4"
25,"1","Bad Video","2026-04-20T02:40:42.007312Z",24,1.088,"2026-04-20T02:40:42.007330Z","/data/local-files/?d=downloads/740691-31798266_HighHome.mp4"
26,"1","Bad Video","2026-04-20T02:40:43.293102Z",25,1.112,"2026-04-20T02:40:43.293121Z","/data/local-files/?d=downloads/740691-31798268_HighHome.mp4"
27,"1","Bad Video","2026-04-20T02:40:44.613023Z",26,1.124,"2026-04-20T02:40:44.613042Z","/data/local-files/?d=downloads/740691-31798270_HighHome.mp4"
28,"1","Bad Video","2026-04-20T02:40:45.792624Z",27,1.01,"2026-04-20T02:40:45.792639Z","/data/local-files/?d=downloads/740691-31798271_HighHome.mp4"
29,"1","Bad Video","2026-04-20T02:40:46.990294Z",28,1.028,"2026-04-20T02:40:46.990310Z","/data/local-files/?d=downloads/740691-31798273_HighHome.mp4"
30,"1","Bad Video","2026-04-20T02:40:48.148176Z",29,0.988,"2026-04-20T02:40:48.148197Z","/data/local-files/?d=downloads/740691-31798274_HighHome.mp4"
31,"1","Bad Video","2026-04-20T02:40:49.555811Z",30,1.231,"2026-04-20T02:40:49.555828Z","/data/local-files/?d=downloads/740691-31798275_HighHome.mp4"
32,"1","Bad Video","2026-04-20T02:40:50.674456Z",31,0.945,"2026-04-20T02:40:50.674477Z","/data/local-files/?d=downloads/740691-31798276_HighHome.mp4"
33,"1","Bad Video","2026-04-20T02:40:51.856412Z",32,1.009,"2026-04-20T02:40:51.856431Z","/data/local-files/?d=downloads/740691-31798277_HighHome.mp4"
34,"1","Bad Video","2026-04-20T02:40:52.973012Z",33,0.945,"2026-04-20T02:40:52.973029Z","/data/local-files/?d=downloads/740691-31798278_HighHome.mp4"
35,"1","Bad Video","2026-04-20T02:40:54.250561Z",34,1.077,"2026-04-20T02:40:54.250581Z","/data/local-files/?d=downloads/749845-31975305_HighHome.mp4"
36,"1","Bad Video","2026-04-20T02:40:55.778276Z",35,1.331,"2026-04-20T02:40:55.778294Z","/data/local-files/?d=downloads/749845-31975356_HighHome.mp4"
37,"1","Bad Video","2026-04-20T02:41:00.820525Z",36,4.881,"2026-04-20T02:41:00.820539Z","/data/local-files/?d=downloads/749848-32129266_HighHome.mp4"
38,"1","Bad Video","2026-04-20T02:41:04.737920Z",37,3.744,"2026-04-20T02:41:04.737941Z","/data/local-files/?d=downloads/767614-33192796_HighHome.mp4"
39,"1","Bad Video","2026-04-20T02:41:05.941510Z",38,1.017,"2026-04-20T02:41:05.941534Z","/data/local-files/?d=downloads/767614-33192897_HighHome.mp4"
40,"1","Bad Video","2026-04-20T02:41:07.382850Z",39,1.256,"2026-04-20T02:41:07.382870Z","/data/local-files/?d=downloads/767614-33192898_HighHome.mp4"
41,"1","","2026-04-20T02:41:08.955794Z",40,1.37,"2026-04-20T02:41:08.955811Z","/data/local-files/?d=downloads/767614-33192899_HighHome.mp4"
42,"1","Bad Video","2026-04-20T02:41:12.346849Z",41,3.215,"2026-04-20T02:41:12.346862Z","/data/local-files/?d=downloads/767614-33192900_HighHome.mp4"
43,"1","Bad Video","2026-04-20T02:41:13.474668Z",42,0.96,"2026-04-20T02:41:13.474682Z","/data/local-files/?d=downloads/767614-33192901_HighHome.mp4"
44,"1","Bad Video","2026-04-20T02:41:14.644427Z",43,0.963,"2026-04-20T02:41:14.644446Z","/data/local-files/?d=downloads/767614-33192902_HighHome.mp4"
45,"1","Bad Video","2026-04-20T02:41:15.753177Z",44,0.933,"2026-04-20T02:41:15.753196Z","/data/local-files/?d=downloads/767614-33192904_HighHome.mp4"
46,"1","Bad Video","2026-04-20T02:41:16.899084Z",45,0.969,"2026-04-20T02:41:16.899101Z","/data/local-files/?d=downloads/767614-33192905_HighHome.mp4"
47,"1","Bad Video","2026-04-20T02:41:18.201896Z",46,1.127,"2026-04-20T02:41:18.201910Z","/data/local-files/?d=downloads/767614-33192906_HighHome.mp4"
48,"1","Bad Video","2026-04-20T02:41:21.819885Z",47,3.455,"2026-04-20T02:41:21.819899Z","/data/local-files/?d=downloads/767614-33192907_HighHome.mp4"
49,"1","Bad Video","2026-04-20T02:41:23.426623Z",48,1.442,"2026-04-20T02:41:23.426642Z","/data/local-files/?d=downloads/767614-33192908_HighHome.mp4"
50,"1","Bad Video","2026-04-20T02:41:24.923306Z",49,1.338,"2026-04-20T02:41:24.923323Z","/data/local-files/?d=downloads/767614-33192909_HighHome.mp4"
51,"1","Bad Video","2026-04-20T02:41:26.268829Z",50,1.189,"2026-04-20T02:41:26.268847Z","/data/local-files/?d=downloads/767614-33192910_HighHome.mp4"
52,"1","Bad Video","2026-04-20T02:41:27.429874Z",51,0.993,"2026-04-20T02:41:27.429891Z","/data/local-files/?d=downloads/767614-33192912_HighHome.mp4"
53,"1","Bad Video","2026-04-20T02:41:28.907984Z",52,1.314,"2026-04-20T02:41:28.908002Z","/data/local-files/?d=downloads/777859-33803435_HighHome.mp4"
54,"1","Bad Video","2026-04-20T02:41:30.033462Z",53,0.961,"2026-04-20T02:41:30.033481Z","/data/local-files/?d=downloads/777859-33803436_HighHome.mp4"
55,"1","Bad Video","2026-04-20T02:41:31.152445Z",54,0.953,"2026-04-20T02:41:31.152466Z","/data/local-files/?d=downloads/777859-33803437_HighHome.mp4"
56,"1","Bad Video","2026-04-20T02:41:32.217647Z",55,0.902,"2026-04-20T02:41:32.217662Z","/data/local-files/?d=downloads/777859-33803438_HighHome.mp4"
57,"1","Bad Video","2026-04-20T02:41:35.112251Z",56,2.735,"2026-04-20T02:41:35.112268Z","/data/local-files/?d=downloads/777859-33803439_HighHome.mp4"
58,"1","Bad Video","2026-04-20T02:41:36.273890Z",57,0.981,"2026-04-20T02:41:36.273908Z","/data/local-files/?d=downloads/777859-33803441_HighHome.mp4"
59,"1","Bad Video","2026-04-20T02:41:37.571647Z",58,1.094,"2026-04-20T02:41:37.571667Z","/data/local-files/?d=downloads/777859-33803442_HighHome.mp4"
60,"1","Bad Video","2026-04-20T02:41:38.708410Z",59,0.955,"2026-04-20T02:41:38.708427Z","/data/local-files/?d=downloads/777859-33803443_HighHome.mp4"
61,"1","Bad Video","2026-04-20T02:41:39.951595Z",60,1.073,"2026-04-20T02:41:39.951615Z","/data/local-files/?d=downloads/777859-33803445_HighHome.mp4"
62,"1","Bad Video","2026-04-20T02:41:41.129577Z",61,1.011,"2026-04-20T02:41:41.129595Z","/data/local-files/?d=downloads/777859-33803446_HighHome.mp4"
63,"1","Bad Video","2026-04-20T02:41:42.220462Z",62,0.941,"2026-04-20T02:41:42.220480Z","/data/local-files/?d=downloads/777859-33803447_HighHome.mp4"
64,"1","Bad Video","2026-04-20T02:41:43.300080Z",63,0.92,"2026-04-20T02:41:43.300098Z","/data/local-files/?d=downloads/777859-33803448_HighHome.mp4"
65,"1","Bad Video","2026-04-20T02:41:44.357810Z",64,0.883,"2026-04-20T02:41:44.357826Z","/data/local-files/?d=downloads/777859-33803449_HighHome.mp4"
66,"1","Bad Video","2026-04-20T02:41:45.406588Z",65,0.875,"2026-04-20T02:41:45.406603Z","/data/local-files/?d=downloads/777861-34313275_HighHome.mp4"
67,"1","Bad Video","2026-04-20T02:41:46.713426Z",66,1.101,"2026-04-20T02:41:46.713443Z","/data/local-files/?d=downloads/777861-34313505_HighHome.mp4"
68,"1","Knee-down Right","2026-04-20T02:41:55.444618Z",67,8.57,"2026-04-20T02:41:55.444636Z","/data/local-files/?d=downloads/787583-34443691_CF.mp4"
69,"1","Knee-down Right","2026-04-20T02:41:59.415356Z",68,3.819,"2026-04-20T02:41:59.415369Z","/data/local-files/?d=downloads/787583-34443692_CF.mp4"
70,"1","Knee-down Right","2026-04-20T02:42:03.139510Z",69,3.579,"2026-04-20T02:42:03.139528Z","/data/local-files/?d=downloads/787583-34443693_CF.mp4"
71,"1","Knee-down Right","2026-04-20T02:42:06.757907Z",70,3.464,"2026-04-20T02:42:06.757921Z","/data/local-files/?d=downloads/787583-34443695_CF.mp4"
72,"1","Knee-down Right","2026-04-20T02:42:10.948126Z",71,4.041,"2026-04-20T02:42:10.948143Z","/data/local-files/?d=downloads/787583-34443696_CF.mp4"
73,"1","Knee-down Right","2026-04-20T02:42:15.284010Z",72,4.145,"2026-04-20T02:42:15.284030Z","/data/local-files/?d=downloads/787583-34443697_CF.mp4"
74,"1","Knee-down Right","2026-04-20T02:42:21.560425Z",73,6.112,"2026-04-20T02:42:21.560445Z","/data/local-files/?d=downloads/787583-34443698_CF.mp4"
75,"1","Knee-down Right","2026-04-20T02:42:26.784214Z",74,5.074,"2026-04-20T02:42:26.784233Z","/data/local-files/?d=downloads/787583-34443699_CF.mp4"
76,"1","Knee-down Right","2026-04-20T02:42:33.110190Z",75,6.173,"2026-04-20T02:42:33.110209Z","/data/local-files/?d=downloads/787583-34443700_CF.mp4"
77,"1","Knee-down Right","2026-04-20T02:42:38.273523Z",76,4.98,"2026-04-20T02:42:38.273540Z","/data/local-files/?d=downloads/787583-34443701_CF.mp4"
78,"1","Knee-down Right","2026-04-20T02:42:44.791936Z",77,6.369,"2026-04-20T02:42:44.791951Z","/data/local-files/?d=downloads/787583-34443702_CF.mp4"
79,"1","Knee-down Right","2026-04-20T02:42:49.680372Z",78,4.73,"2026-04-20T02:42:49.680389Z","/data/local-files/?d=downloads/787583-34443703_CF.mp4"
80,"1","Knee-down Right","2026-04-20T02:42:53.899763Z",79,4.077,"2026-04-20T02:42:53.899777Z","/data/local-files/?d=downloads/787583-34443704_CF.mp4"
81,"1","Knee-down Right","2026-04-20T02:42:57.977940Z",80,3.92,"2026-04-20T02:42:57.977956Z","/data/local-files/?d=downloads/787583-34443705_CF.mp4"
82,"1","Knee-down Right","2026-04-20T02:43:02.316237Z",81,4.186,"2026-04-20T02:43:02.316253Z","/data/local-files/?d=downloads/787583-34443706_CF.mp4"
83,"1","Knee-down Right","2026-04-20T02:43:07.283992Z",82,4.787,"2026-04-20T02:43:07.284010Z","/data/local-files/?d=downloads/787583-34443707_CF.mp4"
84,"1","Knee-down Right","2026-04-20T02:43:12.367334Z",83,4.931,"2026-04-20T02:43:12.367348Z","/data/local-files/?d=downloads/787583-34443708_CF.mp4"
85,"1","Knee-down Right","2026-04-20T02:43:17.276326Z",84,4.716,"2026-04-20T02:43:17.276346Z","/data/local-files/?d=downloads/787583-34443709_CF.mp4"
86,"1","Knee-down Right","2026-04-20T02:43:21.395501Z",85,3.935,"2026-04-20T02:43:21.395519Z","/data/local-files/?d=downloads/787583-34443710_CF.mp4"
87,"1","Knee-down Right","2026-04-20T02:43:25.856584Z",86,4.298,"2026-04-20T02:43:25.856603Z","/data/local-files/?d=downloads/787583-34443711_CF.mp4"
88,"1","Knee-down Right","2026-04-20T02:43:30.709432Z",87,4.697,"2026-04-20T02:43:30.709449Z","/data/local-files/?d=downloads/787583-34443713_CF.mp4"
89,"1","Knee-down Right","2026-04-20T02:43:34.523639Z",88,3.654,"2026-04-20T02:43:34.523659Z","/data/local-files/?d=downloads/787583-34443714_CF.mp4"
90,"1","Knee-down Right","2026-04-20T02:43:38.006917Z",89,3.294,"2026-04-20T02:43:38.006936Z","/data/local-files/?d=downloads/787583-34443715_CF.mp4"
91,"1","Knee-down Right","2026-04-20T02:43:42.448999Z",90,4.273,"2026-04-20T02:43:42.449016Z","/data/local-files/?d=downloads/787583-34443716_CF.mp4"
92,"1","Knee-down Right","2026-04-20T02:43:46.467582Z",91,3.86,"2026-04-20T02:43:46.467601Z","/data/local-files/?d=downloads/787583-34443717_CF.mp4"
93,"1","Knee-down Right","2026-04-20T02:43:50.720974Z",92,4.092,"2026-04-20T02:43:50.720988Z","/data/local-files/?d=downloads/787583-34443718_CF.mp4"
94,"1","Knee-down Right","2026-04-20T02:43:55.231137Z",93,4.346,"2026-04-20T02:43:55.231154Z","/data/local-files/?d=downloads/787583-34443719_CF.mp4"
95,"1","Knee-down Right","2026-04-20T02:43:59.121774Z",94,3.697,"2026-04-20T02:43:59.121791Z","/data/local-files/?d=downloads/787583-34443720_CF.mp4"
96,"1","Knee-down Right","2026-04-20T02:44:04.144572Z",95,4.855,"2026-04-20T02:44:04.144587Z","/data/local-files/?d=downloads/787583-34443721_CF.mp4"
97,"1","Knee-down Right","2026-04-20T02:44:09.550683Z",96,5.232,"2026-04-20T02:44:09.550704Z","/data/local-files/?d=downloads/787583-34443722_CF.mp4"
98,"1","Knee-down Right","2026-04-20T02:44:13.566382Z",97,3.846,"2026-04-20T02:44:13.566398Z","/data/local-files/?d=downloads/787583-34443723_CF.mp4"
99,"1","Knee-down Right","2026-04-20T02:44:16.476985Z",98,2.731,"2026-04-20T02:44:16.477005Z","/data/local-files/?d=downloads/787583-34443724_CF.mp4"
100,"1","Knee-down Right","2026-04-20T02:44:19.401239Z",99,2.721,"2026-04-20T02:44:19.401257Z","/data/local-files/?d=downloads/787583-34443726_CF.mp4"
101,"1","Knee-down Right","2026-04-20T02:44:24.252245Z",100,4.668,"2026-04-20T02:44:24.252264Z","/data/local-files/?d=downloads/787583-34443727_CF.mp4"
102,"1","Knee-down Right","2026-04-20T02:44:27.696470Z",101,3.263,"2026-04-20T02:44:27.696496Z","/data/local-files/?d=downloads/787583-34443728_CF.mp4"
103,"1","Knee-down Right","2026-04-20T02:44:32.651549Z",102,4.772,"2026-04-20T02:44:32.651564Z","/data/local-files/?d=downloads/787583-34443729_CF.mp4"
104,"1","Knee-down Right","2026-04-20T02:44:36.703942Z",103,3.881,"2026-04-20T02:44:36.703962Z","/data/local-files/?d=downloads/787583-34443730_CF.mp4"
105,"1","Knee-down Right","2026-04-20T02:44:40.161341Z",104,3.293,"2026-04-20T02:44:40.161357Z","/data/local-files/?d=downloads/787583-34443745_CF.mp4"
106,"1","Knee-down Right","2026-04-20T02:44:45.124963Z",105,4.766,"2026-04-20T02:44:45.124981Z","/data/local-files/?d=downloads/787583-34443746_CF.mp4"
107,"1","Knee-down Right","2026-04-20T02:44:49.325764Z",106,4.032,"2026-04-20T02:44:49.325785Z","/data/local-files/?d=downloads/787583-34443747_CF.mp4"
108,"1","Knee-down Right","2026-04-20T02:44:55.208727Z",107,5.721,"2026-04-20T02:44:55.208743Z","/data/local-files/?d=downloads/787583-34443748_CF.mp4"
109,"1","Knee-down Right","2026-04-20T02:44:59.211704Z",108,3.815,"2026-04-20T02:44:59.211725Z","/data/local-files/?d=downloads/787583-34443750_CF.mp4"
110,"1","Knee-down Right","2026-04-20T02:45:02.102871Z",109,2.695,"2026-04-20T02:45:02.102890Z","/data/local-files/?d=downloads/787583-34443751_CF.mp4"
111,"1","Knee-down Right","2026-04-20T02:45:05.854500Z",110,3.571,"2026-04-20T02:45:05.854523Z","/data/local-files/?d=downloads/787583-34443752_CF.mp4"
112,"1","Knee-down Right","2026-04-20T02:45:10.537873Z",111,4.499,"2026-04-20T02:45:10.537895Z","/data/local-files/?d=downloads/787583-34443753_CF.mp4"
113,"1","Knee-down Right","2026-04-20T02:45:13.717022Z",112,2.872,"2026-04-20T02:45:13.717040Z","/data/local-files/?d=downloads/787583-34443754_CF.mp4"
114,"1","Knee-down Right","2026-04-20T02:45:18.228066Z",113,4.344,"2026-04-20T02:45:18.228090Z","/data/local-files/?d=downloads/787583-34443755_CF.mp4"
115,"1","Knee-down Right","2026-04-20T02:45:22.134821Z",114,3.719,"2026-04-20T02:45:22.134839Z","/data/local-files/?d=downloads/787583-34443756_CF.mp4"
116,"1","Knee-down Right","2026-04-20T02:45:25.718941Z",115,3.397,"2026-04-20T02:45:25.718959Z","/data/local-files/?d=downloads/787583-34443757_CF.mp4"
117,"1","Knee-down Right","2026-04-20T02:45:28.547311Z",116,2.675,"2026-04-20T02:45:28.547330Z","/data/local-files/?d=downloads/787583-34443758_CF.mp4"
118,"1","Knee-down Right","2026-04-20T02:45:32.750956Z",117,4.049,"2026-04-20T02:45:32.750975Z","/data/local-files/?d=downloads/787583-34443759_CF.mp4"
119,"1","Knee-down Right","2026-04-20T02:45:36.684534Z",118,3.741,"2026-04-20T02:45:36.684552Z","/data/local-files/?d=downloads/787583-34443760_CF.mp4"
120,"1","Knee-down Right","2026-04-20T02:45:39.775268Z",119,2.902,"2026-04-20T02:45:39.775287Z","/data/local-files/?d=downloads/787583-34443761_CF.mp4"
121,"1","Knee-down Right","2026-04-20T02:45:43.413244Z",120,3.484,"2026-04-20T02:45:43.413261Z","/data/local-files/?d=downloads/787583-34443762_CF.mp4"
122,"1","Knee-down Right","2026-04-20T02:45:48.532388Z",121,4.955,"2026-04-20T02:45:48.532404Z","/data/local-files/?d=downloads/787583-34443763_CF.mp4"
123,"1","Knee-down Right","2026-04-20T02:45:52.509713Z",122,3.769,"2026-04-20T02:45:52.509730Z","/data/local-files/?d=downloads/787583-34443764_CF.mp4"
124,"1","Knee-down Right","2026-04-20T02:45:56.511213Z",123,3.816,"2026-04-20T02:45:56.511231Z","/data/local-files/?d=downloads/787583-34443765_CF.mp4"
125,"1","Knee-down Right","2026-04-20T02:45:59.556078Z",124,2.861,"2026-04-20T02:45:59.556097Z","/data/local-files/?d=downloads/787583-34443766_CF.mp4"
126,"1","Knee-down Right","2026-04-20T02:46:02.214545Z",125,2.489,"2026-04-20T02:46:02.214564Z","/data/local-files/?d=downloads/787583-34443767_CF.mp4"
127,"1","Knee-down Right","2026-04-20T02:46:04.955495Z",126,2.581,"2026-04-20T02:46:04.955514Z","/data/local-files/?d=downloads/787583-34443768_CF.mp4"
128,"1","Knee-down Right","2026-04-20T02:46:10.445104Z",127,5.326,"2026-04-20T02:46:10.445119Z","/data/local-files/?d=downloads/787583-34443769_CF.mp4"
129,"1","Knee-down Right","2026-04-20T02:46:14.661596Z",128,4.02,"2026-04-20T02:46:14.661613Z","/data/local-files/?d=downloads/787583-34443770_CF.mp4"
130,"1","Knee-down Right","2026-04-20T02:46:19.611112Z",129,4.744,"2026-04-20T02:46:19.611131Z","/data/local-files/?d=downloads/787583-34443771_CF.mp4"
131,"1","Knee-down Right","2026-04-20T02:46:22.301710Z",130,2.51,"2026-04-20T02:46:22.301730Z","/data/local-files/?d=downloads/787583-34443773_CF.mp4"
132,"1","Knee-down Right","2026-04-20T02:46:24.884103Z",131,2.411,"2026-04-20T02:46:24.884122Z","/data/local-files/?d=downloads/787583-34443774_CF.mp4"
133,"1","Knee-down Right","2026-04-20T02:46:27.448451Z",132,2.397,"2026-04-20T02:46:27.448468Z","/data/local-files/?d=downloads/787583-34443775_CF.mp4"
134,"1","Knee-down Right","2026-04-20T02:46:31.364967Z",133,3.733,"2026-04-20T02:46:31.364986Z","/data/local-files/?d=downloads/787583-34443776_CF.mp4"
135,"1","Knee-down Right","2026-04-20T02:46:35.432330Z",134,3.893,"2026-04-20T02:46:35.432348Z","/data/local-files/?d=downloads/787583-34443777_CF.mp4"
136,"1","Knee-down Right","2026-04-20T02:46:38.832922Z",135,3.213,"2026-04-20T02:46:38.832945Z","/data/local-files/?d=downloads/787583-34443778_CF.mp4"
137,"1","Knee-down Right","2026-04-20T02:46:42.863097Z",136,3.833,"2026-04-20T02:46:42.863116Z","/data/local-files/?d=downloads/787583-34443779_CF.mp4"
138,"1","Knee-down Right","2026-04-20T02:46:46.724193Z",137,3.69,"2026-04-20T02:46:46.724208Z","/data/local-files/?d=downloads/787583-34443780_CF.mp4"
139,"1","Knee-down Right","2026-04-20T02:46:51.066306Z",138,4.184,"2026-04-20T02:46:51.066324Z","/data/local-files/?d=downloads/787583-34443781_CF.mp4"
140,"1","Knee-down Right","2026-04-20T02:46:56.458810Z",139,5.218,"2026-04-20T02:46:56.458825Z","/data/local-files/?d=downloads/787583-34443782_CF.mp4"
141,"1","Knee-down Right","2026-04-20T02:47:00.586682Z",140,3.952,"2026-04-20T02:47:00.586698Z","/data/local-files/?d=downloads/787583-34443783_CF.mp4"
142,"1","Knee-down Right","2026-04-20T02:47:05.046981Z",141,4.256,"2026-04-20T02:47:05.047002Z","/data/local-files/?d=downloads/787583-34443784_CF.mp4"
143,"1","Knee-down Right","2026-04-20T02:47:08.257680Z",142,3.036,"2026-04-20T02:47:08.257698Z","/data/local-files/?d=downloads/787583-34443785_CF.mp4"
144,"1","Knee-down Right","2026-04-20T02:47:11.543992Z",143,3.104,"2026-04-20T02:47:11.544006Z","/data/local-files/?d=downloads/787583-34443786_CF.mp4"
145,"1","Knee-down Right","2026-04-20T02:47:14.839282Z",144,3.134,"2026-04-20T02:47:14.839297Z","/data/local-files/?d=downloads/787583-34443787_CF.mp4"
146,"1","Knee-down Right","2026-04-20T02:47:18.698816Z",145,3.699,"2026-04-20T02:47:18.698831Z","/data/local-files/?d=downloads/787583-34443791_CF.mp4"
147,"1","Knee-down Right","2026-04-20T02:47:22.690781Z",146,3.833,"2026-04-20T02:47:22.690796Z","/data/local-files/?d=downloads/787583-34443792_CF.mp4"
148,"1","Knee-down Right","2026-04-20T02:47:27.457783Z",147,4.589,"2026-04-20T02:47:27.457800Z","/data/local-files/?d=downloads/787583-34443793_CF.mp4"
149,"1","Knee-down Right","2026-04-20T02:47:30.571357Z",148,2.936,"2026-04-20T02:47:30.571373Z","/data/local-files/?d=downloads/787583-34443794_CF.mp4"
150,"1","Knee-down Right","2026-04-20T02:47:36.491424Z",149,5.734,"2026-04-20T02:47:36.491443Z","/data/local-files/?d=downloads/787583-34443812_CF.mp4"
151,"1","Knee-down Right","2026-04-20T02:47:41.795566Z",150,5.121,"2026-04-20T02:47:41.795583Z","/data/local-files/?d=downloads/787583-34443813_CF.mp4"
152,"1","Knee-down Right","2026-04-20T02:47:47.362448Z",151,5.41,"2026-04-20T02:47:47.362463Z","/data/local-files/?d=downloads/787583-34443814_CF.mp4"
153,"1","Knee-down Right","2026-04-20T02:47:52.298485Z",152,4.763,"2026-04-20T02:47:52.298508Z","/data/local-files/?d=downloads/787583-34443815_CF.mp4"
154,"1","Knee-down Right","2026-04-20T02:47:57.409311Z",153,4.937,"2026-04-20T02:47:57.409326Z","/data/local-files/?d=downloads/787583-34443817_CF.mp4"
155,"1","Knee-down Right","2026-04-20T02:48:02.386690Z",154,4.782,"2026-04-20T02:48:02.386713Z","/data/local-files/?d=downloads/787583-34443818_CF.mp4"
156,"1","Knee-down Right","2026-04-20T02:48:06.114451Z",155,3.555,"2026-04-20T02:48:06.114473Z","/data/local-files/?d=downloads/787583-34443819_CF.mp4"
157,"1","Knee-down Right","2026-04-20T02:48:10.754120Z",156,4.449,"2026-04-20T02:48:10.754138Z","/data/local-files/?d=downloads/787583-34443820_CF.mp4"
158,"1","Knee-down Right","2026-04-20T02:48:15.925607Z",157,4.983,"2026-04-20T02:48:15.925623Z","/data/local-files/?d=downloads/787583-34443821_CF.mp4"
159,"1","Knee-down Right","2026-04-20T02:48:18.875777Z",158,2.75,"2026-04-20T02:48:18.875796Z","/data/local-files/?d=downloads/787583-34443822_CF.mp4"
160,"1","Knee-down Right","2026-04-20T02:48:21.938841Z",159,2.849,"2026-04-20T02:48:21.938860Z","/data/local-files/?d=downloads/787583-34443845_CF.mp4"
161,"1","Knee-down Right","2026-04-20T02:48:26.571638Z",160,4.456,"2026-04-20T02:48:26.571661Z","/data/local-files/?d=downloads/787583-34443846_CF.mp4"
162,"1","Knee-down Right","2026-04-20T02:48:31.903822Z",161,5.171,"2026-04-20T02:48:31.903839Z","/data/local-files/?d=downloads/787583-34443847_CF.mp4"
163,"1","Knee-down Right","2026-04-20T02:48:34.747359Z",162,2.664,"2026-04-20T02:48:34.747373Z","/data/local-files/?d=downloads/787583-34443848_CF.mp4"
164,"1","Knee-down Right","2026-04-20T02:48:39.740166Z",163,4.795,"2026-04-20T02:48:39.740185Z","/data/local-files/?d=downloads/787583-34443849_CF.mp4"
165,"1","Knee-down Right","2026-04-20T02:48:43.781920Z",164,3.856,"2026-04-20T02:48:43.781935Z","/data/local-files/?d=downloads/787583-34443850_CF.mp4"
166,"1","Knee-down Right","2026-04-20T02:48:49.237408Z",165,5.293,"2026-04-20T02:48:49.237429Z","/data/local-files/?d=downloads/787583-34443851_CF.mp4"
167,"1","Knee-down Right","2026-04-20T02:48:53.812252Z",166,4.408,"2026-04-20T02:48:53.812270Z","/data/local-files/?d=downloads/787583-34443852_CF.mp4"
168,"1","Knee-down Right","2026-04-20T02:48:57.771721Z",167,3.789,"2026-04-20T02:48:57.771738Z","/data/local-files/?d=downloads/787583-34443853_CF.mp4"
169,"1","Knee-down Right","2026-04-20T02:49:00.968540Z",168,3.031,"2026-04-20T02:49:00.968556Z","/data/local-files/?d=downloads/787583-34443854_CF.mp4"
170,"1","Knee-down Right","2026-04-20T02:49:03.824457Z",169,2.689,"2026-04-20T02:49:03.824476Z","/data/local-files/?d=downloads/787583-34443856_CF.mp4"
171,"1","Knee-down Right","2026-04-20T02:49:06.633149Z",170,2.637,"2026-04-20T02:49:06.633164Z","/data/local-files/?d=downloads/787583-34443857_CF.mp4"
172,"1","Knee-down Right","2026-04-20T02:49:10.561657Z",171,3.768,"2026-04-20T02:49:10.561677Z","/data/local-files/?d=downloads/787583-34443859_CF.mp4"
173,"1","Knee-down Right","2026-04-20T02:49:13.036938Z",172,2.321,"2026-04-20T02:49:13.036956Z","/data/local-files/?d=downloads/787583-34443860_CF.mp4"
174,"1","Knee-down Right","2026-04-20T02:49:15.894394Z",173,2.687,"2026-04-20T02:49:15.894415Z","/data/local-files/?d=downloads/787583-34443861_CF.mp4"
175,"1","Knee-down Right","2026-04-20T02:49:18.785719Z",174,2.729,"2026-04-20T02:49:18.785732Z","/data/local-files/?d=downloads/787583-34443871_CF.mp4"
176,"1","Knee-down Right","2026-04-20T02:49:22.147638Z",175,3.194,"2026-04-20T02:49:22.147656Z","/data/local-files/?d=downloads/787583-34443872_CF.mp4"
177,"1","Knee-down Right","2026-04-20T02:49:25.283904Z",176,2.968,"2026-04-20T02:49:25.283921Z","/data/local-files/?d=downloads/787583-34443873_CF.mp4"
178,"1","Knee-down Right","2026-04-20T02:49:28.336705Z",177,2.876,"2026-04-20T02:49:28.336725Z","/data/local-files/?d=downloads/787583-34443874_CF.mp4"
179,"1","Knee-down Right","2026-04-20T02:49:30.221914Z",178,1.718,"2026-04-20T02:49:30.221931Z","/data/local-files/?d=downloads/787583-34443875_CF.mp4"
180,"1","Knee-down Right","2026-04-20T02:49:33.363876Z",179,2.949,"2026-04-20T02:49:33.363894Z","/data/local-files/?d=downloads/787583-34443876_CF.mp4"
181,"1","Knee-down Right","2026-04-20T02:49:35.718519Z",180,2.173,"2026-04-20T02:49:35.718536Z","/data/local-files/?d=downloads/787583-34443877_CF.mp4"
182,"1","Knee-down Right","2026-04-20T02:49:37.813140Z",181,1.931,"2026-04-20T02:49:37.813158Z","/data/local-files/?d=downloads/787583-34443878_CF.mp4"
183,"1","Knee-down Right","2026-04-20T02:49:41.337213Z",182,3.355,"2026-04-20T02:49:41.337228Z","/data/local-files/?d=downloads/787583-34443879_CF.mp4"
184,"1","Knee-down Right","2026-04-20T02:49:45.553035Z",183,4.047,"2026-04-20T02:49:45.553053Z","/data/local-files/?d=downloads/787583-34443880_CF.mp4"
185,"1","Knee-down Right","2026-04-20T02:49:49.077411Z",184,3.352,"2026-04-20T02:49:49.077425Z","/data/local-files/?d=downloads/787583-34443881_CF.mp4"
186,"1","Knee-down Right","2026-04-20T02:49:52.710253Z",185,3.44,"2026-04-20T02:49:52.710276Z","/data/local-files/?d=downloads/787583-34443883_CF.mp4"
187,"1","Knee-down Right","2026-04-20T02:49:57.769189Z",186,4.895,"2026-04-20T02:49:57.769204Z","/data/local-files/?d=downloads/787583-34443885_CF.mp4"
188,"1","Knee-down Right","2026-04-20T02:50:02.986374Z",187,5.057,"2026-04-20T02:50:02.986388Z","/data/local-files/?d=downloads/787583-34443887_CF.mp4"
189,"1","Knee-down Right","2026-04-20T02:50:06.803929Z",188,3.616,"2026-04-20T02:50:06.803951Z","/data/local-files/?d=downloads/787583-34443888_CF.mp4"
190,"1","Knee-down Right","2026-04-20T02:50:11.042122Z",189,4.057,"2026-04-20T02:50:11.042141Z","/data/local-files/?d=downloads/787583-34443889_CF.mp4"
191,"1","Knee-down Right","2026-04-20T02:50:14.969488Z",190,3.751,"2026-04-20T02:50:14.969511Z","/data/local-files/?d=downloads/787583-34443890_CF.mp4"
192,"1","Knee-down Right","2026-04-20T02:50:17.826862Z",191,2.698,"2026-04-20T02:50:17.826877Z","/data/local-files/?d=downloads/787583-34443891_CF.mp4"
193,"1","Knee-down Right","2026-04-20T02:50:21.730081Z",192,3.727,"2026-04-20T02:50:21.730102Z","/data/local-files/?d=downloads/787583-34443892_CF.mp4"
194,"1","Knee-down Right","2026-04-20T02:50:24.157400Z",193,2.231,"2026-04-20T02:50:24.157419Z","/data/local-files/?d=downloads/787583-34443893_CF.mp4"
195,"1","Knee-down Right","2026-04-20T02:50:26.425985Z",194,2.07,"2026-04-20T02:50:26.426003Z","/data/local-files/?d=downloads/787583-34443902_CF.mp4"
196,"1","Knee-down Right","2026-04-20T02:50:28.484664Z",195,1.856,"2026-04-20T02:50:28.484680Z","/data/local-files/?d=downloads/787583-34443903_CF.mp4"
197,"1","Knee-down Right","2026-04-20T02:50:30.520910Z",196,1.856,"2026-04-20T02:50:30.520930Z","/data/local-files/?d=downloads/787583-34443904_CF.mp4"
198,"1","Knee-down Right","2026-04-20T02:50:33.499299Z",197,2.799,"2026-04-20T02:50:33.499321Z","/data/local-files/?d=downloads/787583-34443905_CF.mp4"
199,"1","Knee-down Right","2026-04-20T02:50:35.762458Z",198,2.091,"2026-04-20T02:50:35.762476Z","/data/local-files/?d=downloads/787583-34443906_CF.mp4"
200,"1","Knee-down Right","2026-04-20T02:50:38.773119Z",199,2.839,"2026-04-20T02:50:38.773133Z","/data/local-files/?d=downloads/787583-34443907_CF.mp4"
201,"1","Knee-down Right","2026-04-20T02:50:40.899193Z",200,1.963,"2026-04-20T02:50:40.899211Z","/data/local-files/?d=downloads/787583-34443908_CF.mp4"
202,"1","Knee-down Right","2026-04-20T02:50:42.853904Z",201,1.789,"2026-04-20T02:50:42.853923Z","/data/local-files/?d=downloads/787583-34443909_CF.mp4"
203,"1","Knee-down Right","2026-04-20T02:50:44.770550Z",202,1.748,"2026-04-20T02:50:44.770569Z","/data/local-files/?d=downloads/787583-34443910_CF.mp4"
204,"1","Knee-down Right","2026-04-20T02:50:46.955120Z",203,2.006,"2026-04-20T02:50:46.955136Z","/data/local-files/?d=downloads/787583-34443911_CF.mp4"
205,"1","Knee-down Right","2026-04-20T02:50:49.035738Z",204,1.9,"2026-04-20T02:50:49.035758Z","/data/local-files/?d=downloads/787583-34443912_CF.mp4"
206,"1","Knee-down Right","2026-04-20T02:50:50.546716Z",205,1.333,"2026-04-20T02:50:50.546733Z","/data/local-files/?d=downloads/787583-34443913_CF.mp4"
207,"1","Knee-down Right","2026-04-20T02:50:53.533709Z",206,2.777,"2026-04-20T02:50:53.533726Z","/data/local-files/?d=downloads/787583-34443914_CF.mp4"
208,"1","Knee-down Right","2026-04-20T02:50:59.628109Z",207,5.917,"2026-04-20T02:50:59.628126Z","/data/local-files/?d=downloads/787583-34443915_CF.mp4"
209,"1","Knee-down Right","2026-04-20T02:51:02.430066Z",208,2.607,"2026-04-20T02:51:02.430086Z","/data/local-files/?d=downloads/787583-34443916_CF.mp4"
210,"1","Knee-down Right","2026-04-20T02:51:04.037597Z",209,1.432,"2026-04-20T02:51:04.037615Z","/data/local-files/?d=downloads/787583-34443917_CF.mp4"
211,"1","Knee-down Right","2026-04-20T02:51:08.708852Z",210,4.464,"2026-04-20T02:51:08.708868Z","/data/local-files/?d=downloads/787583-34443918_CF.mp4"
212,"1","Knee-down Right","2026-04-20T02:51:11.509152Z",211,2.61,"2026-04-20T02:51:11.509169Z","/data/local-files/?d=downloads/787583-34443919_CF.mp4"
213,"1","Knee-down Right","2026-04-20T02:51:13.302837Z",212,1.621,"2026-04-20T02:51:13.302859Z","/data/local-files/?d=downloads/787583-34443920_CF.mp4"
214,"1","Knee-down Right","2026-04-20T02:51:16.845825Z",213,3.361,"2026-04-20T02:51:16.845845Z","/data/local-files/?d=downloads/787583-34443921_CF.mp4"
215,"1","Knee-down Right","2026-04-20T02:51:39.803237Z",214,22.778,"2026-04-20T02:51:39.803255Z","/data/local-files/?d=downloads/colleges-floridast-websync-260327-duke-florida-st-0-0140b.mp4"
216,"1","Knee-down Right","2026-04-20T02:51:42.481186Z",215,2.464,"2026-04-20T02:51:42.481203Z","/data/local-files/?d=downloads/colleges-floridast-websync-260327-duke-florida-st-0-0141b.mp4"
217,"1","Knee-down Right","2026-04-20T02:51:44.636815Z",216,1.941,"2026-04-20T02:51:44.636836Z","/data/local-files/?d=downloads/colleges-floridast-websync-260327-duke-florida-st-0-0142b.mp4"
218,"1","Knee-down Right","2026-04-20T02:51:47.021371Z",217,2.185,"2026-04-20T02:51:47.021389Z","/data/local-files/?d=downloads/colleges-floridast-websync-260327-duke-florida-st-0-0144b.mp4"
219,"1","Knee-down Right","2026-04-20T02:51:48.384151Z",218,1.174,"2026-04-20T02:51:48.384168Z","/data/local-files/?d=downloads/colleges-floridast-websync-260327-duke-florida-st-0-0145b.mp4"
220,"1","Knee-down Right","2026-04-20T02:51:49.793312Z",219,1.197,"2026-04-20T02:51:49.793330Z","/data/local-files/?d=downloads/colleges-floridast-websync-260327-duke-florida-st-0-0146b.mp4"
221,"1","Knee-down Right","2026-04-20T02:51:51.171752Z",220,1.163,"2026-04-20T02:51:51.171772Z","/data/local-files/?d=downloads/colleges-floridast-websync-260327-duke-florida-st-0-0147b.mp4"
222,"1","Knee-down Right","2026-04-20T02:51:52.758795Z",221,1.39,"2026-04-20T02:51:52.758815Z","/data/local-files/?d=downloads/colleges-floridast-websync-260327-duke-florida-st-0-0148b.mp4"
223,"1","Knee-down Right","2026-04-20T02:51:55.398182Z",222,2.449,"2026-04-20T02:51:55.398203Z","/data/local-files/?d=downloads/colleges-floridast-websync-260327-duke-florida-st-0-0149b.mp4"
224,"1","Knee-down Right","2026-04-20T02:51:57.353530Z",223,1.764,"2026-04-20T02:51:57.353546Z","/data/local-files/?d=downloads/colleges-floridast-websync-260327-duke-florida-st-0-0150b.mp4"
225,"1","Knee-down Right","2026-04-20T02:51:58.851847Z",224,1.309,"2026-04-20T02:51:58.851866Z","/data/local-files/?d=downloads/colleges-floridast-websync-260327-duke-florida-st-0-0168b.mp4"
226,"1","Knee-down Right","2026-04-20T02:52:00.845946Z",225,1.701,"2026-04-20T02:52:00.845958Z","/data/local-files/?d=downloads/colleges-floridast-websync-260327-duke-florida-st-0-0169b.mp4"
227,"1","Knee-down Right","2026-04-20T02:52:02.374805Z",226,1.324,"2026-04-20T02:52:02.374824Z","/data/local-files/?d=downloads/colleges-floridast-websync-260327-duke-florida-st-0-0170b.mp4"
228,"1","Knee-down Right","2026-04-20T02:52:03.813077Z",227,1.226,"2026-04-20T02:52:03.813094Z","/data/local-files/?d=downloads/colleges-floridast-websync-260327-duke-florida-st-0-0171b.mp4"
229,"1","Knee-down Right","2026-04-20T02:52:05.545760Z",228,1.549,"2026-04-20T02:52:05.545774Z","/data/local-files/?d=downloads/colleges-floridast-websync-260327-duke-florida-st-0-0172b.mp4"
230,"1","Knee-down Right","2026-04-20T02:52:07.185527Z",229,1.42,"2026-04-20T02:52:07.185547Z","/data/local-files/?d=downloads/colleges-floridast-websync-260327-duke-florida-st-0-0173b.mp4"
231,"1","Knee-down Right","2026-04-20T02:52:09.029116Z",230,1.655,"2026-04-20T02:52:09.029134Z","/data/local-files/?d=downloads/colleges-floridast-websync-260327-duke-florida-st-0-0174b.mp4"
232,"1","Knee-down Right","2026-04-20T02:52:10.463991Z",231,1.224,"2026-04-20T02:52:10.464011Z","/data/local-files/?d=downloads/colleges-floridast-websync-260327-duke-florida-st-0-0175b.mp4"
233,"1","Knee-down Right","2026-04-20T02:52:11.992602Z",232,1.314,"2026-04-20T02:52:11.992619Z","/data/local-files/?d=downloads/colleges-floridast-websync-260327-duke-florida-st-0-0176b.mp4"
234,"1","Knee-down Right","2026-04-20T02:52:13.487875Z",233,1.278,"2026-04-20T02:52:13.487891Z","/data/local-files/?d=downloads/colleges-floridast-websync-260327-duke-florida-st-0-0177b.mp4"
235,"1","Knee-down Right","2026-04-20T02:52:15.196913Z",234,1.511,"2026-04-20T02:52:15.196930Z","/data/local-files/?d=downloads/colleges-floridast-websync-260327-duke-florida-st-0-0178b.mp4"
236,"1","Knee-down Right","2026-04-20T02:52:16.720956Z",235,1.322,"2026-04-20T02:52:16.720973Z","/data/local-files/?d=downloads/colleges-floridast-websync-260327-duke-florida-st-0-0200b.mp4"
237,"1","Knee-down Right","2026-04-20T02:52:18.246463Z",236,1.316,"2026-04-20T02:52:18.246481Z","/data/local-files/?d=downloads/colleges-floridast-websync-260327-duke-florida-st-0-0201b.mp4"
238,"1","Knee-down Right","2026-04-20T02:52:19.575318Z",237,1.137,"2026-04-20T02:52:19.575337Z","/data/local-files/?d=downloads/colleges-floridast-websync-260327-duke-florida-st-0-0202b.mp4"
239,"1","Knee-down Right","2026-04-20T02:52:21.092225Z",238,1.319,"2026-04-20T02:52:21.092245Z","/data/local-files/?d=downloads/colleges-floridast-websync-260327-duke-florida-st-0-0203b.mp4"
240,"1","Knee-down Right","2026-04-20T02:52:22.559656Z",239,1.248,"2026-04-20T02:52:22.559671Z","/data/local-files/?d=downloads/colleges-floridast-websync-260327-duke-florida-st-0-0204b.mp4"
241,"1","Knee-down Right","2026-04-20T02:52:24.435705Z",240,1.673,"2026-04-20T02:52:24.435723Z","/data/local-files/?d=downloads/colleges-floridast-websync-260327-duke-florida-st-0-0205b.mp4"
242,"1","Knee-down Right","2026-04-20T02:52:25.754440Z",241,1.129,"2026-04-20T02:52:25.754458Z","/data/local-files/?d=downloads/colleges-floridast-websync-260327-duke-florida-st-0-0206b.mp4"
243,"1","Knee-down Right","2026-04-20T02:52:27.187208Z",242,1.228,"2026-04-20T02:52:27.187228Z","/data/local-files/?d=downloads/colleges-floridast-websync-260327-duke-florida-st-0-0207b.mp4"
244,"1","Knee-down Right","2026-04-20T02:52:28.839848Z",243,1.455,"2026-04-20T02:52:28.839866Z","/data/local-files/?d=downloads/colleges-floridast-websync-260327-duke-florida-st-0-0208b.mp4"
245,"1","Knee-down Right","2026-04-20T02:52:30.213702Z",244,1.185,"2026-04-20T02:52:30.213723Z","/data/local-files/?d=downloads/colleges-floridast-websync-260327-duke-florida-st-0-0209b.mp4"
246,"1","Knee-down Right","2026-04-20T02:52:31.493329Z",245,1.093,"2026-04-20T02:52:31.493344Z","/data/local-files/?d=downloads/colleges-floridast-websync-260327-duke-florida-st-0-0210b.mp4"
247,"1","Knee-down Right","2026-04-20T02:52:32.972306Z",246,1.23,"2026-04-20T02:52:32.972322Z","/data/local-files/?d=downloads/colleges-floridast-websync-260327-duke-florida-st-0-0211b.mp4"
248,"1","Knee-down Right","2026-04-20T02:52:34.247490Z",247,1.078,"2026-04-20T02:52:34.247505Z","/data/local-files/?d=downloads/colleges-floridast-websync-260327-duke-florida-st-0-0212b.mp4"
249,"1","Knee-down Right","2026-04-20T02:52:35.572796Z",248,1.138,"2026-04-20T02:52:35.572815Z","/data/local-files/?d=downloads/colleges-floridast-websync-260327-duke-florida-st-0-0213b.mp4"
250,"1","Knee-down Right","2026-04-20T02:52:36.920295Z",249,1.161,"2026-04-20T02:52:36.920312Z","/data/local-files/?d=downloads/colleges-floridast-websync-260327-duke-florida-st-0-0214b.mp4"
251,"1","Knee-down Right","2026-04-20T02:52:38.203893Z",250,1.079,"2026-04-20T02:52:38.203910Z","/data/local-files/?d=downloads/colleges-floridast-websync-260327-duke-florida-st-0-0215b.mp4"
252,"1","Knee-down Right","2026-04-20T02:52:39.545482Z",251,1.121,"2026-04-20T02:52:39.545501Z","/data/local-files/?d=downloads/colleges-floridast-websync-260327-duke-florida-st-0-0216b.mp4"
253,"1","Knee-down Right","2026-04-20T02:52:40.801281Z",252,1.053,"2026-04-20T02:52:40.801302Z","/data/local-files/?d=downloads/colleges-floridast-websync-260327-duke-florida-st-0-0217b.mp4"
254,"1","Knee-down Right","2026-04-20T02:52:42.129255Z",253,1.139,"2026-04-20T02:52:42.129282Z","/data/local-files/?d=downloads/colleges-floridast-websync-260327-duke-florida-st-0-0218b.mp4"
255,"1","Knee-down Right","2026-04-20T02:52:43.413054Z",254,1.06,"2026-04-20T02:52:43.413070Z","/data/local-files/?d=downloads/colleges-floridast-websync-260327-duke-florida-st-0-0219b.mp4"
256,"1","Knee-down Right","2026-04-20T02:52:45.030225Z",255,1.415,"2026-04-20T02:52:45.030239Z","/data/local-files/?d=downloads/colleges-floridast-websync-260327-duke-florida-st-0-0220b.mp4"
257,"1","Knee-down Right","2026-04-20T02:52:46.539124Z",256,1.327,"2026-04-20T02:52:46.539142Z","/data/local-files/?d=downloads/colleges-floridast-websync-260327-duke-florida-st-0-0221b.mp4"
258,"1","Knee-down Right","2026-04-20T02:52:47.828049Z",257,1.074,"2026-04-20T02:52:47.828068Z","/data/local-files/?d=downloads/colleges-floridast-websync-260327-duke-florida-st-0-0241b.mp4"
259,"1","Knee-down Right","2026-04-20T02:52:49.161470Z",258,1.138,"2026-04-20T02:52:49.161488Z","/data/local-files/?d=downloads/colleges-floridast-websync-260327-duke-florida-st-0-0242b.mp4"
260,"1","Knee-down Right","2026-04-20T02:52:50.305738Z",259,0.96,"2026-04-20T02:52:50.305758Z","/data/local-files/?d=downloads/colleges-floridast-websync-260327-duke-florida-st-0-0243b.mp4"
261,"1","Knee-down Right","2026-04-20T02:52:51.572514Z",260,1.079,"2026-04-20T02:52:51.572533Z","/data/local-files/?d=downloads/colleges-floridast-websync-260327-duke-florida-st-0-0244b.mp4"
262,"1","Knee-down Right","2026-04-20T02:52:52.802854Z",261,0.999,"2026-04-20T02:52:52.802871Z","/data/local-files/?d=downloads/colleges-floridast-websync-260327-duke-florida-st-0-0245b.mp4"
263,"1","Knee-down Right","2026-04-20T02:52:54.092197Z",262,1.082,"2026-04-20T02:52:54.092214Z","/data/local-files/?d=downloads/colleges-floridast-websync-260327-duke-florida-st-0-0246b.mp4"
264,"1","Knee-down Right","2026-04-20T02:52:55.238073Z",263,0.965,"2026-04-20T02:52:55.238092Z","/data/local-files/?d=downloads/colleges-floridast-websync-260327-duke-florida-st-0-0247b.mp4"
265,"1","Knee-down Right","2026-04-20T02:52:56.527895Z",264,1.077,"2026-04-20T02:52:56.527912Z","/data/local-files/?d=downloads/colleges-floridast-websync-260327-duke-florida-st-0-0248b.mp4"
266,"1","Knee-down Right","2026-04-20T02:52:57.778163Z",265,1.035,"2026-04-20T02:52:57.778183Z","/data/local-files/?d=downloads/colleges-floridast-websync-260327-duke-florida-st-0-0249b.mp4"
267,"1","Knee-down Right","2026-04-20T02:52:58.957914Z",266,0.975,"2026-04-20T02:52:58.957928Z","/data/local-files/?d=downloads/colleges-floridast-websync-260327-duke-florida-st-0-0250b.mp4"
268,"1","Knee-down Right","2026-04-20T02:53:00.154112Z",267,0.999,"2026-04-20T02:53:00.154127Z","/data/local-files/?d=downloads/colleges-floridast-websync-260327-duke-florida-st-0-0251b.mp4"
269,"1","Knee-down Right","2026-04-20T02:53:01.427495Z",268,1.08,"2026-04-20T02:53:01.427512Z","/data/local-files/?d=downloads/colleges-floridast-websync-260327-duke-florida-st-0-0252b.mp4"
270,"1","Knee-down Right","2026-04-20T02:53:02.919796Z",269,1.268,"2026-04-20T02:53:02.919816Z","/data/local-files/?d=downloads/colleges-floridast-websync-260327-duke-florida-st-0-0253b.mp4"
271,"1","Knee-down Right","2026-04-20T02:53:04.146417Z",270,0.992,"2026-04-20T02:53:04.146440Z","/data/local-files/?d=downloads/colleges-floridast-websync-260327-duke-florida-st-0-0254b.mp4"
272,"1","Knee-down Right","2026-04-20T02:53:05.288865Z",271,0.909,"2026-04-20T02:53:05.288888Z","/data/local-files/?d=downloads/colleges-floridast-websync-260327-duke-florida-st-0-0255b.mp4"
273,"1","Knee-down Right","2026-04-20T02:53:06.403296Z",272,0.878,"2026-04-20T02:53:06.403316Z","/data/local-files/?d=downloads/colleges-floridast-websync-260327-duke-florida-st-0-0256b.mp4"
274,"1","Knee-down Right","2026-04-20T02:53:07.631527Z",273,1.009,"2026-04-20T02:53:07.631546Z","/data/local-files/?d=downloads/colleges-floridast-websync-260327-duke-florida-st-0-0268b.mp4"
275,"1","Knee-down Right","2026-04-20T02:53:08.921993Z",274,1.091,"2026-04-20T02:53:08.922012Z","/data/local-files/?d=downloads/colleges-floridast-websync-260327-duke-florida-st-0-0269b.mp4"
276,"1","Knee-down Right","2026-04-20T02:53:10.256963Z",275,1.128,"2026-04-20T02:53:10.256982Z","/data/local-files/?d=downloads/colleges-floridast-websync-260327-duke-florida-st-0-0270b.mp4"
277,"1","Knee-down Right","2026-04-20T02:53:11.458859Z",276,0.983,"2026-04-20T02:53:11.458877Z","/data/local-files/?d=downloads/colleges-floridast-websync-260327-duke-florida-st-0-0271b.mp4"
278,"1","Knee-down Right","2026-04-20T02:53:12.680588Z",277,1.033,"2026-04-20T02:53:12.680602Z","/data/local-files/?d=downloads/colleges-floridast-websync-260327-duke-florida-st-0-0272b.mp4"
279,"1","Knee-down Right","2026-04-20T02:53:14.051662Z",278,1.164,"2026-04-20T02:53:14.051685Z","/data/local-files/?d=downloads/colleges-floridast-websync-260327-duke-florida-st-0-0273b.mp4"
280,"1","Knee-down Right","2026-04-20T02:53:15.341185Z",279,1.083,"2026-04-20T02:53:15.341201Z","/data/local-files/?d=downloads/colleges-floridast-websync-260327-duke-florida-st-0-0274b.mp4"
281,"1","Knee-down Right","2026-04-20T02:53:16.592854Z",280,1.008,"2026-04-20T02:53:16.592874Z","/data/local-files/?d=downloads/colleges-floridast-websync-260327-duke-florida-st-0-0275b.mp4"
282,"1","Knee-down Right","2026-04-20T02:53:17.829315Z",281,1.042,"2026-04-20T02:53:17.829330Z","/data/local-files/?d=downloads/colleges-floridast-websync-260327-duke-florida-st-0-0276b.mp4"
283,"1","Knee-down Right","2026-04-20T02:53:19.001189Z",282,0.985,"2026-04-20T02:53:19.001207Z","/data/local-files/?d=downloads/colleges-floridast-websync-260327-duke-florida-st-0-0277b.mp4"
284,"1","Knee-down Right","2026-04-20T02:53:20.227316Z",283,1.038,"2026-04-20T02:53:20.227335Z","/data/local-files/?d=downloads/colleges-floridast-websync-260327-duke-florida-st-0-0278b.mp4"
285,"1","Knee-down Right","2026-04-20T02:53:22.420340Z",284,1.996,"2026-04-20T02:53:22.420355Z","/data/local-files/?d=downloads/colleges-floridast-websync-260327-duke-florida-st-0-0279b.mp4"
286,"1","Knee-down Right","2026-04-20T02:53:23.633698Z",285,1.026,"2026-04-20T02:53:23.633713Z","/data/local-files/?d=downloads/colleges-floridast-websync-260327-duke-florida-st-0-0280b.mp4"
287,"1","Knee-down Right","2026-04-20T02:53:24.817168Z",286,0.986,"2026-04-20T02:53:24.817190Z","/data/local-files/?d=downloads/colleges-floridast-websync-260327-duke-florida-st-0-0296b.mp4"
288,"1","Knee-down Right","2026-04-20T02:53:26.052440Z",287,1.012,"2026-04-20T02:53:26.052460Z","/data/local-files/?d=downloads/colleges-floridast-websync-260327-duke-florida-st-0-0297b.mp4"
289,"1","Knee-down Right","2026-04-20T02:53:27.318992Z",288,1.066,"2026-04-20T02:53:27.319011Z","/data/local-files/?d=downloads/colleges-floridast-websync-260327-duke-florida-st-0-0298b.mp4"
290,"1","Knee-down Right","2026-04-20T02:53:28.570367Z",289,1.033,"2026-04-20T02:53:28.570381Z","/data/local-files/?d=downloads/colleges-floridast-websync-260327-duke-florida-st-0-0299b.mp4"
291,"1","Knee-down Right","2026-04-20T02:53:29.749091Z",290,0.987,"2026-04-20T02:53:29.749109Z","/data/local-files/?d=downloads/colleges-floridast-websync-260327-duke-florida-st-0-0300b.mp4"
292,"1","Knee-down Right","2026-04-20T02:53:31.706594Z",291,1.732,"2026-04-20T02:53:31.706612Z","/data/local-files/?d=downloads/colleges-floridast-websync-260327-duke-florida-st-0-0301b.mp4"
293,"1","Knee-down Right","2026-04-20T02:53:33.083326Z",292,1.182,"2026-04-20T02:53:33.083343Z","/data/local-files/?d=downloads/colleges-floridast-websync-260327-duke-florida-st-0-0302b.mp4"
294,"1","Knee-down Right","2026-04-20T02:53:34.338786Z",293,1.032,"2026-04-20T02:53:34.338804Z","/data/local-files/?d=downloads/colleges-floridast-websync-260327-duke-florida-st-0-0303b.mp4"
295,"1","Knee-down Right","2026-04-20T02:53:35.884960Z",294,1.313,"2026-04-20T02:53:35.884980Z","/data/local-files/?d=downloads/colleges-floridast-websync-260327-duke-florida-st-0-0304b.mp4"
296,"1","Knee-down Right","2026-04-20T02:53:37.130751Z",295,1.009,"2026-04-20T02:53:37.130770Z","/data/local-files/?d=downloads/colleges-floridast-websync-260327-duke-florida-st-0-0305b.mp4"
297,"1","Knee-down Right","2026-04-20T02:53:38.397879Z",296,1.038,"2026-04-20T02:53:38.397899Z","/data/local-files/?d=downloads/colleges-floridast-websync-260327-duke-florida-st-0-0306b.mp4"
298,"1","Knee-down Right","2026-04-20T02:53:39.754049Z",297,1.125,"2026-04-20T02:53:39.754066Z","/data/local-files/?d=downloads/colleges-floridast-websync-260327-duke-florida-st-0-0307b.mp4"
299,"1","Knee-down Right","2026-04-20T02:53:41.170096Z",298,1.198,"2026-04-20T02:53:41.170116Z","/data/local-files/?d=downloads/colleges-floridast-websync-260327-duke-florida-st-0-0308b.mp4"
300,"1","Knee-down Right","2026-04-20T02:53:42.572580Z",299,1.175,"2026-04-20T02:53:42.572599Z","/data/local-files/?d=downloads/colleges-floridast-websync-260327-duke-florida-st-0-0309b.mp4"
301,"1","Knee-down Right","2026-04-20T02:53:44.428901Z",300,1.617,"2026-04-20T02:53:44.428920Z","/data/local-files/?d=downloads/colleges-floridast-websync-260327-duke-florida-st-0-0310b.mp4"
302,"1","Knee-down Right","2026-04-20T02:53:45.935896Z",301,1.268,"2026-04-20T02:53:45.935917Z","/data/local-files/?d=downloads/colleges-floridast-websync-260327-duke-florida-st-0-0311b.mp4"
303,"1","Knee-down Right","2026-04-20T02:53:47.662033Z",302,1.523,"2026-04-20T02:53:47.662052Z","/data/local-files/?d=downloads/colleges-floridast-websync-260327-duke-florida-st-0-0329b.mp4"
304,"1","Knee-down Right","2026-04-20T02:53:49.175632Z",303,1.309,"2026-04-20T02:53:49.175649Z","/data/local-files/?d=downloads/colleges-floridast-websync-260327-duke-florida-st-0-0330b.mp4"
305,"1","Knee-down Right","2026-04-20T02:53:53.072374Z",304,3.671,"2026-04-20T02:53:53.072391Z","/data/local-files/?d=downloads/colleges-floridast-websync-260327-duke-florida-st-0-0331b.mp4"
306,"1","Knee-down Right","2026-04-20T02:53:55.019431Z",305,1.721,"2026-04-20T02:53:55.019449Z","/data/local-files/?d=downloads/colleges-floridast-websync-260327-duke-florida-st-0-0333b.mp4"
307,"1","Knee-down Right","2026-04-20T02:53:57.873146Z",306,2.626,"2026-04-20T02:53:57.873163Z","/data/local-files/?d=downloads/colleges-floridast-websync-260327-duke-florida-st-0-0334b.mp4"
308,"1","Knee-down Right","2026-04-20T02:53:59.382848Z",307,1.307,"2026-04-20T02:53:59.382868Z","/data/local-files/?d=downloads/colleges-floridast-websync-260327-duke-florida-st-0-0335b.mp4"
309,"1","Knee-down Right","2026-04-20T02:54:00.649907Z",308,1.07,"2026-04-20T02:54:00.649927Z","/data/local-files/?d=downloads/colleges-floridast-websync-260327-duke-florida-st-0-0336b.mp4"
310,"1","Knee-down Right","2026-04-20T02:54:01.898026Z",309,1.017,"2026-04-20T02:54:01.898044Z","/data/local-files/?d=downloads/colleges-floridast-websync-260327-duke-florida-st-0-0337b.mp4"
311,"1","Knee-down Right","2026-04-20T02:54:03.347410Z",310,1.238,"2026-04-20T02:54:03.347425Z","/data/local-files/?d=downloads/colleges-floridast-websync-260327-duke-florida-st-0-0338b.mp4"
312,"1","Knee-down Right","2026-04-20T02:54:04.846170Z",311,1.265,"2026-04-20T02:54:04.846188Z","/data/local-files/?d=downloads/colleges-floridast-websync-260327-duke-florida-st-0-0339b.mp4"
313,"1","Knee-down Right","2026-04-20T02:54:06.152034Z",312,1.091,"2026-04-20T02:54:06.152051Z","/data/local-files/?d=downloads/colleges-floridast-websync-260327-duke-florida-st-0-0340b.mp4"
314,"1","Knee-down Right","2026-04-20T02:54:07.370467Z",313,1.02,"2026-04-20T02:54:07.370485Z","/data/local-files/?d=downloads/colleges-floridast-websync-260327-duke-florida-st-0-0341b.mp4"
315,"1","Knee-down Right","2026-04-20T02:54:08.695523Z",314,1.13,"2026-04-20T02:54:08.695540Z","/data/local-files/?d=downloads/colleges-floridast-websync-260327-duke-florida-st-0-0342b.mp4"
316,"1","Knee-down Right","2026-04-20T02:54:10.463561Z",315,1.534,"2026-04-20T02:54:10.463578Z","/data/local-files/?d=downloads/colleges-floridast-websync-260327-duke-florida-st-0-0343b.mp4"
317,"1","Knee-down Right","2026-04-20T02:54:12.035173Z",316,1.359,"2026-04-20T02:54:12.035190Z","/data/local-files/?d=downloads/colleges-floridast-websync-260327-duke-florida-st-0-0344b.mp4"
318,"1","Knee-down Right","2026-04-20T02:54:13.514826Z",317,1.253,"2026-04-20T02:54:13.514844Z","/data/local-files/?d=downloads/colleges-floridast-websync-260327-duke-florida-st-0-0345b.mp4"
319,"1","Knee-down Right","2026-04-20T02:54:15.073934Z",318,1.318,"2026-04-20T02:54:15.073951Z","/data/local-files/?d=downloads/colleges-floridast-websync-260327-duke-florida-st-0-0346b.mp4"
320,"1","Knee-down Right","2026-04-20T02:54:16.346204Z",319,1.075,"2026-04-20T02:54:16.346223Z","/data/local-files/?d=downloads/colleges-floridast-websync-260327-duke-florida-st-0-0360b.mp4"
321,"1","Knee-down Right","2026-04-20T02:54:17.665895Z",320,1.112,"2026-04-20T02:54:17.665911Z","/data/local-files/?d=downloads/colleges-floridast-websync-260327-duke-florida-st-0-0361b.mp4"
322,"1","Knee-down Right","2026-04-20T02:54:18.986789Z",321,1.088,"2026-04-20T02:54:18.986808Z","/data/local-files/?d=downloads/colleges-floridast-websync-260327-duke-florida-st-0-0362b.mp4"
323,"1","Knee-down Right","2026-04-20T02:54:21.063507Z",322,1.833,"2026-04-20T02:54:21.063525Z","/data/local-files/?d=downloads/colleges-floridast-websync-260327-duke-florida-st-0-0363b.mp4"
324,"1","Knee-down Right","2026-04-20T02:54:22.675705Z",323,1.376,"2026-04-20T02:54:22.675725Z","/data/local-files/?d=downloads/colleges-floridast-websync-260327-duke-florida-st-0-0364b.mp4"
325,"1","Knee-down Right","2026-04-20T02:54:24.111278Z",324,1.223,"2026-04-20T02:54:24.111292Z","/data/local-files/?d=downloads/colleges-floridast-websync-260327-duke-florida-st-0-0365b.mp4"
326,"1","Knee-down Right","2026-04-20T02:54:25.531721Z",325,1.219,"2026-04-20T02:54:25.531735Z","/data/local-files/?d=downloads/colleges-floridast-websync-260327-duke-florida-st-0-0366b.mp4"
327,"1","Knee-down Right","2026-04-20T02:54:26.919929Z",326,1.149,"2026-04-20T02:54:26.919951Z","/data/local-files/?d=downloads/colleges-floridast-websync-260327-duke-florida-st-0-0367b.mp4"
328,"1","Knee-down Right","2026-04-20T02:54:28.261472Z",327,1.109,"2026-04-20T02:54:28.261487Z","/data/local-files/?d=downloads/colleges-floridast-websync-260327-duke-florida-st-0-0368b.mp4"
329,"1","Knee-down Right","2026-04-20T02:54:29.495808Z",328,1.036,"2026-04-20T02:54:29.495827Z","/data/local-files/?d=downloads/colleges-floridast-websync-260327-duke-florida-st-0-0369b.mp4"
330,"1","Knee-down Right","2026-04-20T02:54:30.828206Z",329,1.137,"2026-04-20T02:54:30.828229Z","/data/local-files/?d=downloads/colleges-floridast-websync-260327-duke-florida-st-0-0370b.mp4"
331,"1","Knee-down Right","2026-04-20T02:54:32.757417Z",330,1.735,"2026-04-20T02:54:32.757433Z","/data/local-files/?d=downloads/colleges-floridast-websync-260327-duke-florida-st-0-0371b.mp4"
332,"1","Knee-down Right","2026-04-20T02:54:34.181067Z",331,1.203,"2026-04-20T02:54:34.181085Z","/data/local-files/?d=downloads/colleges-floridast-websync-260327-duke-florida-st-0-0372b.mp4"
333,"1","Knee-down Right","2026-04-20T02:54:35.595376Z",332,1.181,"2026-04-20T02:54:35.595393Z","/data/local-files/?d=downloads/colleges-floridast-websync-260327-duke-florida-st-0-0373b.mp4"
334,"1","Knee-down Right","2026-04-20T02:54:37.295915Z",333,1.492,"2026-04-20T02:54:37.295931Z","/data/local-files/?d=downloads/colleges-floridast-websync-260327-duke-florida-st-0-0394b.mp4"
335,"1","Knee-down Right","2026-04-20T02:54:38.913038Z",334,1.407,"2026-04-20T02:54:38.913056Z","/data/local-files/?d=downloads/colleges-floridast-websync-260327-duke-florida-st-0-0395b.mp4"
336,"1","Knee-down Right","2026-04-20T02:54:40.361975Z",335,1.246,"2026-04-20T02:54:40.361993Z","/data/local-files/?d=downloads/colleges-floridast-websync-260327-duke-florida-st-0-0396b.mp4"
337,"1","Knee-down Right","2026-04-20T02:54:41.601971Z",336,1.022,"2026-04-20T02:54:41.601995Z","/data/local-files/?d=downloads/colleges-floridast-websync-260327-duke-florida-st-0-0397b.mp4"
338,"1","Knee-down Right","2026-04-20T02:54:42.888306Z",337,1.077,"2026-04-20T02:54:42.888326Z","/data/local-files/?d=downloads/colleges-floridast-websync-260327-duke-florida-st-0-0398b.mp4"
339,"1","Knee-down Right","2026-04-20T02:54:44.164901Z",338,1.049,"2026-04-20T02:54:44.164918Z","/data/local-files/?d=downloads/colleges-floridast-websync-260327-duke-florida-st-0-0399b.mp4"
340,"1","Knee-down Right","2026-04-20T02:54:45.408137Z",339,1.004,"2026-04-20T02:54:45.408154Z","/data/local-files/?d=downloads/colleges-floridast-websync-260327-duke-florida-st-0-0401b.mp4"
341,"1","Knee-down Right","2026-04-20T02:54:47.510513Z",340,1.856,"2026-04-20T02:54:47.510533Z","/data/local-files/?d=downloads/colleges-floridast-websync-260327-duke-florida-st-0-0403b.mp4"
342,"1","Knee-down Right","2026-04-20T02:54:48.963053Z",341,1.203,"2026-04-20T02:54:48.963071Z","/data/local-files/?d=downloads/colleges-floridast-websync-260327-duke-florida-st-0-0404b.mp4"
343,"1","Knee-down Right","2026-04-20T02:54:50.242577Z",342,1.034,"2026-04-20T02:54:50.242594Z","/data/local-files/?d=downloads/colleges-floridast-websync-260327-duke-florida-st-0-0405b.mp4"
344,"1","Knee-down Right","2026-04-20T02:54:51.638574Z",343,1.17,"2026-04-20T02:54:51.638592Z","/data/local-files/?d=downloads/colleges-floridast-websync-260327-duke-florida-st-0-0406b.mp4"
345,"1","Knee-down Right","2026-04-20T02:54:52.836732Z",344,0.986,"2026-04-20T02:54:52.836746Z","/data/local-files/?d=downloads/colleges-floridast-websync-260327-duke-florida-st-0-0407b.mp4"
346,"1","Knee-down Right","2026-04-20T02:54:54.043671Z",345,1.007,"2026-04-20T02:54:54.043688Z","/data/local-files/?d=downloads/colleges-floridast-websync-260327-duke-florida-st-0-0408b.mp4"
347,"1","Knee-down Right","2026-04-20T02:54:55.337866Z",346,1.054,"2026-04-20T02:54:55.337886Z","/data/local-files/?d=downloads/colleges-floridast-websync-260327-duke-florida-st-0-0409b.mp4"
348,"1","Knee-down Right","2026-04-20T02:54:56.860518Z",347,1.184,"2026-04-20T02:54:56.860539Z","/data/local-files/?d=downloads/colleges-floridast-websync-260327-duke-florida-st-0-0410b.mp4"
349,"1","Knee-down Right","2026-04-20T02:55:16.735333Z",348,19.633,"2026-04-20T02:55:16.735348Z","/data/local-files/?d=downloads/colleges-floridast-websync-260328-duke-florida-st-2-0140b.mp4"
350,"1","Knee-down Right","2026-04-20T02:55:20.904814Z",349,3.918,"2026-04-20T02:55:20.904833Z","/data/local-files/?d=downloads/colleges-floridast-websync-260328-duke-florida-st-2-0141b.mp4"
351,"1","Knee-down Right","2026-04-20T02:55:23.885024Z",350,2.741,"2026-04-20T02:55:23.885042Z","/data/local-files/?d=downloads/colleges-floridast-websync-260328-duke-florida-st-2-0142b.mp4"
352,"1","Knee-down Right","2026-04-20T02:55:27.040652Z",351,2.951,"2026-04-20T02:55:27.040670Z","/data/local-files/?d=downloads/colleges-floridast-websync-260328-duke-florida-st-2-0143b.mp4"
353,"1","Knee-down Right","2026-04-20T02:55:29.857039Z",352,2.572,"2026-04-20T02:55:29.857061Z","/data/local-files/?d=downloads/colleges-floridast-websync-260328-duke-florida-st-2-0144b.mp4"
354,"1","Knee-down Right","2026-04-20T02:55:32.308668Z",353,2.24,"2026-04-20T02:55:32.308687Z","/data/local-files/?d=downloads/colleges-floridast-websync-260328-duke-florida-st-2-0145b.mp4"
355,"1","Knee-down Right","2026-04-20T02:55:35.996833Z",354,3.489,"2026-04-20T02:55:35.996852Z","/data/local-files/?d=downloads/colleges-floridast-websync-260328-duke-florida-st-2-0146b.mp4"
356,"1","Knee-down Right","2026-04-20T02:55:38.701867Z",355,2.483,"2026-04-20T02:55:38.701882Z","/data/local-files/?d=downloads/colleges-floridast-websync-260328-duke-florida-st-2-0147b.mp4"
357,"1","Knee-down Right","2026-04-20T02:55:41.952325Z",356,3.0,"2026-04-20T02:55:41.952350Z","/data/local-files/?d=downloads/colleges-floridast-websync-260328-duke-florida-st-2-0148b.mp4"
358,"1","Knee-down Right","2026-04-20T02:55:44.612649Z",357,2.426,"2026-04-20T02:55:44.612668Z","/data/local-files/?d=downloads/colleges-floridast-websync-260328-duke-florida-st-2-0149b.mp4"
359,"1","Knee-down Right","2026-04-20T02:55:48.296841Z",358,3.47,"2026-04-20T02:55:48.296859Z","/data/local-files/?d=downloads/colleges-floridast-websync-260328-duke-florida-st-2-0151b.mp4"
360,"1","Knee-down Right","2026-04-20T02:55:51.650980Z",359,3.125,"2026-04-20T02:55:51.650997Z","/data/local-files/?d=downloads/colleges-floridast-websync-260328-duke-florida-st-2-0152b.mp4"
361,"1","Knee-down Right","2026-04-20T02:55:54.663392Z",360,2.764,"2026-04-20T02:55:54.663411Z","/data/local-files/?d=downloads/colleges-floridast-websync-260328-duke-florida-st-2-0153b.mp4"
362,"1","Knee-down Right","2026-04-20T02:55:57.970529Z",361,3.069,"2026-04-20T02:55:57.970547Z","/data/local-files/?d=downloads/colleges-floridast-websync-260328-duke-florida-st-2-0154b.mp4"
363,"1","Knee-down Right","2026-04-20T02:56:00.524361Z",362,2.327,"2026-04-20T02:56:00.524380Z","/data/local-files/?d=downloads/colleges-floridast-websync-260328-duke-florida-st-2-0155b.mp4"
364,"1","Knee-down Right","2026-04-20T02:56:02.790294Z",363,2.023,"2026-04-20T02:56:02.790314Z","/data/local-files/?d=downloads/colleges-floridast-websync-260328-duke-florida-st-2-0156b.mp4"
365,"1","Knee-down Right","2026-04-20T02:56:04.803280Z",364,1.815,"2026-04-20T02:56:04.803298Z","/data/local-files/?d=downloads/colleges-floridast-websync-260328-duke-florida-st-2-0157b.mp4"
366,"1","Knee-down Right","2026-04-20T02:56:07.242595Z",365,2.226,"2026-04-20T02:56:07.242617Z","/data/local-files/?d=downloads/colleges-floridast-websync-260328-duke-florida-st-2-0158b.mp4"
367,"1","Knee-down Right","2026-04-20T02:56:09.163210Z",366,1.681,"2026-04-20T02:56:09.163226Z","/data/local-files/?d=downloads/colleges-floridast-websync-260328-duke-florida-st-2-0159b.mp4"
368,"1","Knee-down Right","2026-04-20T02:56:11.102728Z",367,1.635,"2026-04-20T02:56:11.102752Z","/data/local-files/?d=downloads/colleges-floridast-websync-260328-duke-florida-st-2-0160b.mp4"
369,"1","Knee-down Right","2026-04-20T02:56:13.708402Z",368,2.358,"2026-04-20T02:56:13.708422Z","/data/local-files/?d=downloads/colleges-floridast-websync-260328-duke-florida-st-2-0161b.mp4"
370,"1","Knee-down Right","2026-04-20T02:56:16.293368Z",369,2.341,"2026-04-20T02:56:16.293385Z","/data/local-files/?d=downloads/colleges-floridast-websync-260328-duke-florida-st-2-0162b.mp4"
371,"1","Knee-down Right","2026-04-20T02:56:17.981316Z",370,1.437,"2026-04-20T02:56:17.981333Z","/data/local-files/?d=downloads/colleges-floridast-websync-260328-duke-florida-st-2-0163b.mp4"
372,"1","Knee-down Right","2026-04-20T02:56:20.248175Z",371,2.022,"2026-04-20T02:56:20.248191Z","/data/local-files/?d=downloads/colleges-floridast-websync-260328-duke-florida-st-2-0164b.mp4"
373,"1","Knee-down Right","2026-04-20T02:56:22.110260Z",372,1.619,"2026-04-20T02:56:22.110279Z","/data/local-files/?d=downloads/colleges-floridast-websync-260328-duke-florida-st-2-0165b.mp4"
374,"1","Knee-down Right","2026-04-20T02:56:25.153530Z",373,2.832,"2026-04-20T02:56:25.153548Z","/data/local-files/?d=downloads/colleges-floridast-websync-260328-duke-florida-st-2-0200b.mp4"
375,"1","Knee-down Right","2026-04-20T02:56:28.624802Z",374,3.225,"2026-04-20T02:56:28.624819Z","/data/local-files/?d=downloads/colleges-floridast-websync-260328-duke-florida-st-2-0201b.mp4"
376,"1","Knee-down Right","2026-04-20T02:56:32.187806Z",375,3.325,"2026-04-20T02:56:32.187825Z","/data/local-files/?d=downloads/colleges-floridast-websync-260328-duke-florida-st-2-0202b.mp4"
377,"1","Knee-down Right","2026-04-20T02:56:34.692357Z",376,2.29,"2026-04-20T02:56:34.692378Z","/data/local-files/?d=downloads/colleges-floridast-websync-260328-duke-florida-st-2-0203b.mp4"
378,"1","Knee-down Right","2026-04-20T02:56:38.313721Z",377,3.375,"2026-04-20T02:56:38.313737Z","/data/local-files/?d=downloads/colleges-floridast-websync-260328-duke-florida-st-2-0204b.mp4"
379,"1","Knee-down Right","2026-04-20T02:56:40.915657Z",378,2.36,"2026-04-20T02:56:40.915680Z","/data/local-files/?d=downloads/colleges-floridast-websync-260328-duke-florida-st-2-0205b.mp4"
380,"1","Knee-down Right","2026-04-20T02:56:43.911350Z",379,2.763,"2026-04-20T02:56:43.911369Z","/data/local-files/?d=downloads/colleges-floridast-websync-260328-duke-florida-st-2-0206b.mp4"
381,"1","Knee-down Right","2026-04-20T02:56:46.401540Z",380,2.278,"2026-04-20T02:56:46.401559Z","/data/local-files/?d=downloads/colleges-floridast-websync-260328-duke-florida-st-2-0207b.mp4"
382,"1","Knee-down Right","2026-04-20T02:56:49.595295Z",381,2.995,"2026-04-20T02:56:49.595312Z","/data/local-files/?d=downloads/colleges-floridast-websync-260328-duke-florida-st-2-0208b.mp4"
383,"1","Knee-down Right","2026-04-20T02:56:51.614660Z",382,1.79,"2026-04-20T02:56:51.614678Z","/data/local-files/?d=downloads/colleges-floridast-websync-260328-duke-florida-st-2-0209b.mp4"
384,"1","Knee-down Right","2026-04-20T02:56:53.849246Z",383,2.01,"2026-04-20T02:56:53.849264Z","/data/local-files/?d=downloads/colleges-floridast-websync-260328-duke-florida-st-2-0210b.mp4"
385,"1","Knee-down Right","2026-04-20T02:56:55.869374Z",384,1.785,"2026-04-20T02:56:55.869394Z","/data/local-files/?d=downloads/colleges-floridast-websync-260328-duke-florida-st-2-0211b.mp4"
386,"1","Knee-down Right","2026-04-20T02:56:58.678162Z",385,2.58,"2026-04-20T02:56:58.678177Z","/data/local-files/?d=downloads/colleges-floridast-websync-260328-duke-florida-st-2-0212b.mp4"
387,"1","Knee-down Right","2026-04-20T02:57:00.558223Z",386,1.63,"2026-04-20T02:57:00.558246Z","/data/local-files/?d=downloads/colleges-floridast-websync-260328-duke-florida-st-2-0213b.mp4"
388,"1","Knee-down Right","2026-04-20T02:57:01.926507Z",387,1.119,"2026-04-20T02:57:01.926524Z","/data/local-files/?d=downloads/colleges-floridast-websync-260328-duke-florida-st-2-0214b.mp4"
389,"1","Knee-down Right","2026-04-20T02:57:04.976764Z",388,2.832,"2026-04-20T02:57:04.976781Z","/data/local-files/?d=downloads/colleges-floridast-websync-260328-duke-florida-st-2-0215b.mp4"
390,"1","Knee-down Right","2026-04-20T02:57:07.268721Z",389,2.044,"2026-04-20T02:57:07.268740Z","/data/local-files/?d=downloads/colleges-floridast-websync-260328-duke-florida-st-2-0216b.mp4"
391,"1","Knee-down Right","2026-04-20T02:57:09.906232Z",390,2.386,"2026-04-20T02:57:09.906247Z","/data/local-files/?d=downloads/colleges-floridast-websync-260328-duke-florida-st-2-0217b.mp4"
392,"1","Knee-down Right","2026-04-20T02:57:12.295026Z",391,2.171,"2026-04-20T02:57:12.295045Z","/data/local-files/?d=downloads/colleges-floridast-websync-260328-duke-florida-st-2-0218b.mp4"
393,"1","Knee-down Right","2026-04-20T02:57:14.063061Z",392,1.528,"2026-04-20T02:57:14.063078Z","/data/local-files/?d=downloads/colleges-floridast-websync-260328-duke-florida-st-2-0219b.mp4"
394,"1","Knee-down Right","2026-04-20T02:57:15.642990Z",393,1.319,"2026-04-20T02:57:15.643008Z","/data/local-files/?d=downloads/colleges-floridast-websync-260328-duke-florida-st-2-0220b.mp4"
395,"1","Knee-down Right","2026-04-20T02:57:19.075861Z",394,3.18,"2026-04-20T02:57:19.075877Z","/data/local-files/?d=downloads/colleges-floridast-websync-260328-duke-florida-st-2-0221b.mp4"
396,"1","Knee-down Right","2026-04-20T02:57:21.418226Z",395,2.131,"2026-04-20T02:57:21.418244Z","/data/local-files/?d=downloads/colleges-floridast-websync-260328-duke-florida-st-2-0222b.mp4"
397,"1","Knee-down Right","2026-04-20T02:57:23.700261Z",396,2.043,"2026-04-20T02:57:23.700283Z","/data/local-files/?d=downloads/colleges-floridast-websync-260328-duke-florida-st-2-0223b.mp4"
398,"1","Knee-down Right","2026-04-20T02:57:26.389018Z",397,2.459,"2026-04-20T02:57:26.389034Z","/data/local-files/?d=downloads/colleges-floridast-websync-260328-duke-florida-st-2-0249b.mp4"
399,"1","Knee-down Right","2026-04-20T02:57:29.387248Z",398,2.755,"2026-04-20T02:57:29.387267Z","/data/local-files/?d=downloads/colleges-floridast-websync-260328-duke-florida-st-2-0250b.mp4"
400,"1","Knee-down Right","2026-04-20T02:57:33.232439Z",399,3.627,"2026-04-20T02:57:33.232454Z","/data/local-files/?d=downloads/colleges-floridast-websync-260328-duke-florida-st-2-0251b.mp4"
401,"1","Knee-down Right","2026-04-20T02:57:36.632062Z",400,3.165,"2026-04-20T02:57:36.632077Z","/data/local-files/?d=downloads/colleges-floridast-websync-260328-duke-florida-st-2-0252b.mp4"
402,"1","Knee-down Right","2026-04-20T02:57:40.537182Z",401,3.655,"2026-04-20T02:57:40.537202Z","/data/local-files/?d=downloads/colleges-floridast-websync-260328-duke-florida-st-2-0253b.mp4"
403,"1","Knee-down Right","2026-04-20T02:57:43.176104Z",402,2.419,"2026-04-20T02:57:43.176123Z","/data/local-files/?d=downloads/colleges-floridast-websync-260328-duke-florida-st-2-0254b.mp4"
404,"1","Knee-down Right","2026-04-20T02:57:45.027925Z",403,1.614,"2026-04-20T02:57:45.027943Z","/data/local-files/?d=downloads/colleges-floridast-websync-260328-duke-florida-st-2-0255b.mp4"
405,"1","Knee-down Right","2026-04-20T02:57:47.672381Z",404,2.414,"2026-04-20T02:57:47.672400Z","/data/local-files/?d=downloads/colleges-floridast-websync-260328-duke-florida-st-2-0256b.mp4"
406,"1","Knee-down Right","2026-04-20T02:57:49.494645Z",405,1.599,"2026-04-20T02:57:49.494664Z","/data/local-files/?d=downloads/colleges-floridast-websync-260328-duke-florida-st-2-0257b.mp4"
407,"1","Knee-down Right","2026-04-20T02:57:52.674406Z",406,2.94,"2026-04-20T02:57:52.674422Z","/data/local-files/?d=downloads/colleges-floridast-websync-260328-duke-florida-st-2-0258b.mp4"
408,"1","Knee-down Right","2026-04-20T02:57:54.614691Z",407,1.687,"2026-04-20T02:57:54.614706Z","/data/local-files/?d=downloads/colleges-floridast-websync-260328-duke-florida-st-2-0259b.mp4"
409,"1","Knee-down Right","2026-04-20T02:57:56.690002Z",408,1.855,"2026-04-20T02:57:56.690022Z","/data/local-files/?d=downloads/colleges-floridast-websync-260328-duke-florida-st-2-0260b.mp4"
410,"1","Knee-down Right","2026-04-20T02:57:58.761169Z",409,1.861,"2026-04-20T02:57:58.761188Z","/data/local-files/?d=downloads/colleges-floridast-websync-260328-duke-florida-st-2-0261b.mp4"
411,"1","Knee-down Right","2026-04-20T02:58:00.680523Z",410,1.693,"2026-04-20T02:58:00.680542Z","/data/local-files/?d=downloads/colleges-floridast-websync-260328-duke-florida-st-2-0262b.mp4"
412,"1","Knee-down Right","2026-04-20T02:58:03.096310Z",411,2.176,"2026-04-20T02:58:03.096325Z","/data/local-files/?d=downloads/colleges-floridast-websync-260328-duke-florida-st-2-0263b.mp4"
413,"1","Knee-down Right","2026-04-20T02:58:06.106231Z",412,2.786,"2026-04-20T02:58:06.106250Z","/data/local-files/?d=downloads/colleges-floridast-websync-260328-duke-florida-st-2-0273b.mp4"
414,"1","Knee-down Right","2026-04-20T02:58:09.487001Z",413,3.142,"2026-04-20T02:58:09.487015Z","/data/local-files/?d=downloads/colleges-floridast-websync-260328-duke-florida-st-2-0274b.mp4"
415,"1","Knee-down Right","2026-04-20T02:58:11.274331Z",414,1.567,"2026-04-20T02:58:11.274349Z","/data/local-files/?d=downloads/colleges-floridast-websync-260328-duke-florida-st-2-0275b.mp4"
416,"1","Knee-down Right","2026-04-20T02:58:13.343215Z",415,1.838,"2026-04-20T02:58:13.343232Z","/data/local-files/?d=downloads/colleges-floridast-websync-260328-duke-florida-st-2-0276b.mp4"
417,"1","Knee-down Right","2026-04-20T02:58:15.829264Z",416,2.261,"2026-04-20T02:58:15.829279Z","/data/local-files/?d=downloads/colleges-floridast-websync-260328-duke-florida-st-2-0277b.mp4"
418,"1","Knee-down Right","2026-04-20T02:58:18.731834Z",417,2.655,"2026-04-20T02:58:18.731850Z","/data/local-files/?d=downloads/colleges-floridast-websync-260328-duke-florida-st-2-0278b.mp4"
419,"1","Knee-down Right","2026-04-20T02:58:21.872094Z",418,2.913,"2026-04-20T02:58:21.872117Z","/data/local-files/?d=downloads/colleges-floridast-websync-260328-duke-florida-st-2-0279b.mp4"
420,"1","Knee-down Right","2026-04-20T02:58:25.983558Z",419,3.9,"2026-04-20T02:58:25.983575Z","/data/local-files/?d=downloads/colleges-floridast-websync-260328-duke-florida-st-2-0280b.mp4"
421,"1","Knee-down Right","2026-04-20T02:58:28.936731Z",420,2.744,"2026-04-20T02:58:28.936746Z","/data/local-files/?d=downloads/colleges-floridast-websync-260328-duke-florida-st-2-0281b.mp4"
422,"1","Knee-down Right","2026-04-20T02:58:31.652509Z",421,2.464,"2026-04-20T02:58:31.652525Z","/data/local-files/?d=downloads/colleges-floridast-websync-260328-duke-florida-st-2-0282b.mp4"
423,"1","Knee-down Right","2026-04-20T02:58:34.682962Z",422,2.79,"2026-04-20T02:58:34.682983Z","/data/local-files/?d=downloads/colleges-floridast-websync-260328-duke-florida-st-2-0283b.mp4"
424,"1","Knee-down Right","2026-04-20T02:58:38.261303Z",423,3.355,"2026-04-20T02:58:38.261320Z","/data/local-files/?d=downloads/colleges-floridast-websync-260328-duke-florida-st-2-0284b.mp4"
425,"1","Knee-down Right","2026-04-20T02:58:42.313737Z",424,3.815,"2026-04-20T02:58:42.313753Z","/data/local-files/?d=downloads/colleges-floridast-websync-260328-duke-florida-st-2-0285b.mp4"
426,"1","Knee-down Right","2026-04-20T02:58:45.457964Z",425,2.915,"2026-04-20T02:58:45.457985Z","/data/local-files/?d=downloads/colleges-floridast-websync-260328-duke-florida-st-2-0286b.mp4"
427,"1","Knee-down Right","2026-04-20T02:58:48.836661Z",426,3.137,"2026-04-20T02:58:48.836677Z","/data/local-files/?d=downloads/colleges-floridast-websync-260328-duke-florida-st-2-0287b.mp4"
428,"1","Knee-down Right","2026-04-20T02:58:53.774970Z",427,4.705,"2026-04-20T02:58:53.774996Z","/data/local-files/?d=downloads/colleges-floridast-websync-260328-duke-florida-st-2-0288b.mp4"
429,"1","Knee-down Right","2026-04-20T02:58:58.741980Z",428,4.751,"2026-04-20T02:58:58.741996Z","/data/local-files/?d=downloads/colleges-floridast-websync-260328-duke-florida-st-2-0289b.mp4"
430,"1","Knee-down Right","2026-04-20T02:59:02.435013Z",429,3.448,"2026-04-20T02:59:02.435029Z","/data/local-files/?d=downloads/colleges-floridast-websync-260328-duke-florida-st-2-0290b.mp4"
431,"1","Knee-down Right","2026-04-20T02:59:05.962847Z",430,3.262,"2026-04-20T02:59:05.962861Z","/data/local-files/?d=downloads/colleges-floridast-websync-260328-duke-florida-st-2-0291b.mp4"
432,"1","Knee-down Right","2026-04-20T02:59:09.683361Z",431,3.47,"2026-04-20T02:59:09.683379Z","/data/local-files/?d=downloads/colleges-floridast-websync-260328-duke-florida-st-2-0306b.mp4"
433,"1","Knee-down Right","2026-04-20T02:59:13.928869Z",432,4.008,"2026-04-20T02:59:13.928887Z","/data/local-files/?d=downloads/colleges-floridast-websync-260328-duke-florida-st-2-0307b.mp4"
434,"1","Knee-down Right","2026-04-20T02:59:17.198909Z",433,3.013,"2026-04-20T02:59:17.198939Z","/data/local-files/?d=downloads/colleges-floridast-websync-260328-duke-florida-st-2-0308b.mp4"
435,"1","Knee-down Right","2026-04-20T02:59:19.652524Z",434,2.189,"2026-04-20T02:59:19.652543Z","/data/local-files/?d=downloads/colleges-floridast-websync-260328-duke-florida-st-2-0309b.mp4"
436,"1","Knee-down Right","2026-04-20T02:59:23.469587Z",435,3.566,"2026-04-20T02:59:23.469606Z","/data/local-files/?d=downloads/colleges-floridast-websync-260328-duke-florida-st-2-0310b.mp4"
437,"1","Knee-down Right","2026-04-20T02:59:27.177865Z",436,3.476,"2026-04-20T02:59:27.177881Z","/data/local-files/?d=downloads/colleges-floridast-websync-260328-duke-florida-st-2-0311b.mp4"
438,"1","Knee-down Right","2026-04-20T02:59:31.092514Z",437,3.642,"2026-04-20T02:59:31.092541Z","/data/local-files/?d=downloads/colleges-floridast-websync-260328-duke-florida-st-2-0312b.mp4"
439,"1","Knee-down Right","2026-04-20T02:59:35.732521Z",438,4.332,"2026-04-20T02:59:35.732535Z","/data/local-files/?d=downloads/colleges-floridast-websync-260328-duke-florida-st-2-0313b.mp4"
440,"1","Knee-down Right","2026-04-20T02:59:40.575686Z",439,4.608,"2026-04-20T02:59:40.575705Z","/data/local-files/?d=downloads/colleges-floridast-websync-260328-duke-florida-st-2-0314b.mp4"
441,"1","Knee-down Right","2026-04-20T02:59:47.439095Z",440,6.623,"2026-04-20T02:59:47.439113Z","/data/local-files/?d=downloads/colleges-floridast-websync-260328-duke-florida-st-2-0315b.mp4"
442,"1","Knee-down Right","2026-04-20T02:59:53.060352Z",441,5.38,"2026-04-20T02:59:53.060371Z","/data/local-files/?d=downloads/colleges-floridast-websync-260328-duke-florida-st-2-0316b.mp4"
443,"1","Knee-down Right","2026-04-20T02:59:58.742760Z",442,5.432,"2026-04-20T02:59:58.742780Z","/data/local-files/?d=downloads/colleges-floridast-websync-260328-duke-florida-st-2-0317b.mp4"
444,"1","Knee-down Right","2026-04-21T14:42:21.691139Z",443,8.466,"2026-04-21T14:42:21.691156Z","/data/local-files/?d=downloads/colleges-floridast-websync-260328-duke-florida-st-2-0318b.mp4"
445,"1","Knee-down Right","2026-04-21T14:42:25.762607Z",444,3.909,"2026-04-21T14:42:25.762622Z","/data/local-files/?d=downloads/colleges-floridast-websync-260328-duke-florida-st-2-0320b.mp4"
446,"1","Knee-down Right","2026-04-21T14:42:30.396220Z",445,4.479,"2026-04-21T14:42:30.396237Z","/data/local-files/?d=downloads/colleges-floridast-websync-260328-duke-florida-st-2-0321b.mp4"
447,"1","Knee-down Right","2026-04-21T14:42:32.883806Z",446,2.327,"2026-04-21T14:42:32.883827Z","/data/local-files/?d=downloads/colleges-floridast-websync-260328-duke-florida-st-2-0334b.mp4"
448,"1","Knee-down Right","2026-04-21T14:42:35.320327Z",447,2.277,"2026-04-21T14:42:35.320347Z","/data/local-files/?d=downloads/colleges-floridast-websync-260328-duke-florida-st-2-0335b.mp4"
449,"1","Knee-down Right","2026-04-21T14:42:37.669938Z",448,2.2,"2026-04-21T14:42:37.669953Z","/data/local-files/?d=downloads/colleges-floridast-websync-260328-duke-florida-st-2-0336b.mp4"
450,"1","Knee-down Right","2026-04-21T14:42:41.021355Z",449,3.197,"2026-04-21T14:42:41.021396Z","/data/local-files/?d=downloads/colleges-floridast-websync-260328-duke-florida-st-2-0337b.mp4"
451,"1","Knee-down Right","2026-04-21T14:42:43.425744Z",450,2.239,"2026-04-21T14:42:43.425765Z","/data/local-files/?d=downloads/colleges-floridast-websync-260328-duke-florida-st-2-0338b.mp4"
452,"1","Knee-down Right","2026-04-21T14:42:46.065962Z",451,2.473,"2026-04-21T14:42:46.065979Z","/data/local-files/?d=downloads/colleges-floridast-websync-260328-duke-florida-st-2-0339b.mp4"
453,"1","Knee-down Right","2026-04-21T14:42:48.258210Z",452,2.016,"2026-04-21T14:42:48.258226Z","/data/local-files/?d=downloads/colleges-floridast-websync-260328-duke-florida-st-2-0340b.mp4"
454,"1","Knee-down Right","2026-04-21T14:42:50.809463Z",453,2.399,"2026-04-21T14:42:50.809482Z","/data/local-files/?d=downloads/colleges-floridast-websync-260328-duke-florida-st-2-0341b.mp4"
455,"1","Knee-down Right","2026-04-21T14:42:53.262115Z",454,2.291,"2026-04-21T14:42:53.262133Z","/data/local-files/?d=downloads/colleges-floridast-websync-260328-duke-florida-st-2-0342b.mp4"
456,"1","Knee-down Right","2026-04-21T14:42:55.558687Z",455,2.129,"2026-04-21T14:42:55.558707Z","/data/local-files/?d=downloads/colleges-floridast-websync-260328-duke-florida-st-2-0343b.mp4"
457,"1","Knee-down Right","2026-04-21T14:42:58.640715Z",456,2.934,"2026-04-21T14:42:58.640733Z","/data/local-files/?d=downloads/colleges-floridast-websync-260328-duke-florida-st-2-0344b.mp4"
458,"1","Knee-down Right","2026-04-21T14:43:00.857612Z",457,2.05,"2026-04-21T14:43:00.857642Z","/data/local-files/?d=downloads/colleges-floridast-websync-260328-duke-florida-st-2-0345b.mp4"
459,"1","Knee-down Right","2026-04-21T14:43:05.810126Z",458,4.79,"2026-04-21T14:43:05.810143Z","/data/local-files/?d=downloads/colleges-floridast-websync-260328-duke-florida-st-2-0346b.mp4"
460,"1","Knee-down Right","2026-04-21T14:43:13.700521Z",459,7.738,"2026-04-21T14:43:13.700544Z","/data/local-files/?d=downloads/colleges-floridast-websync-260328-duke-florida-st-2-0347b.mp4"
461,"1","Knee-down Right","2026-04-21T14:43:18.898481Z",460,5.041,"2026-04-21T14:43:18.898503Z","/data/local-files/?d=downloads/colleges-floridast-websync-260328-duke-florida-st-2-0348b.mp4"
462,"1","Knee-down Right","2026-04-21T14:43:22.166919Z",461,3.103,"2026-04-21T14:43:22.166941Z","/data/local-files/?d=downloads/colleges-floridast-websync-260328-duke-florida-st-2-0349b.mp4"
463,"1","Knee-down Right","2026-04-21T14:43:44.273498Z",462,21.939,"2026-04-21T14:43:44.273517Z","/data/local-files/?d=downloads/colleges-floridast-websync-260328-duke-florida-st-2-0350b.mp4"
464,"1","Knee-down Right","2026-04-21T14:43:54.095853Z",463,9.663,"2026-04-21T14:43:54.095874Z","/data/local-files/?d=downloads/colleges-floridast-websync-260328-duke-florida-st-2-0351b.mp4"
465,"1","Knee-down Right","2026-04-21T14:44:03.058719Z",464,8.791,"2026-04-21T14:44:03.058741Z","/data/local-files/?d=downloads/colleges-floridast-websync-260328-duke-florida-st-2-0352b.mp4"
466,"1","Knee-down Right","2026-04-21T14:44:07.497189Z",465,4.284,"2026-04-21T14:44:07.497206Z","/data/local-files/?d=downloads/colleges-floridast-websync-260328-duke-florida-st-2-0376b.mp4"
467,"1","Knee-down Right","2026-04-21T14:44:12.124452Z",466,4.472,"2026-04-21T14:44:12.124473Z","/data/local-files/?d=downloads/colleges-floridast-websync-260328-duke-florida-st-2-0377b.mp4"
468,"1","Knee-down Right","2026-04-21T14:44:17.238911Z",467,4.95,"2026-04-21T14:44:17.238928Z","/data/local-files/?d=downloads/colleges-floridast-websync-260328-duke-florida-st-2-0378b.mp4"
469,"1","Knee-down Right","2026-04-21T14:44:19.604566Z",468,2.211,"2026-04-21T14:44:19.604583Z","/data/local-files/?d=downloads/colleges-floridast-websync-260328-duke-florida-st-2-0379b.mp4"
470,"1","Knee-down Right","2026-04-21T14:44:22.400487Z",469,2.624,"2026-04-21T14:44:22.400511Z","/data/local-files/?d=downloads/colleges-floridast-websync-260328-duke-florida-st-2-0380b.mp4"
471,"1","Knee-down Right","2026-04-21T14:44:25.603253Z",470,3.044,"2026-04-21T14:44:25.603278Z","/data/local-files/?d=downloads/colleges-floridast-websync-260328-duke-florida-st-2-0381b.mp4"
472,"1","Knee-down Right","2026-04-21T14:44:28.680269Z",471,2.912,"2026-04-21T14:44:28.680292Z","/data/local-files/?d=downloads/colleges-floridast-websync-260328-duke-florida-st-2-0382b.mp4"
473,"1","Knee-down Right","2026-04-21T14:44:32.927367Z",472,4.09,"2026-04-21T14:44:32.927385Z","/data/local-files/?d=downloads/colleges-floridast-websync-260328-duke-florida-st-2-0383b.mp4"
474,"1","Knee-down Right","2026-04-21T14:44:35.116606Z",473,2.041,"2026-04-21T14:44:35.116624Z","/data/local-files/?d=downloads/colleges-floridast-websync-260328-duke-florida-st-2-0421b.mp4"
475,"1","Knee-down Right","2026-04-21T14:44:46.065301Z",474,10.803,"2026-04-21T14:44:46.065321Z","/data/local-files/?d=downloads/colleges-floridast-websync-260328-duke-florida-st-2-0422b.mp4"
476,"1","Knee-down Right","2026-04-21T14:44:50.440757Z",475,4.228,"2026-04-21T14:44:50.440778Z","/data/local-files/?d=downloads/colleges-floridast-websync-260328-duke-florida-st-2-0423b.mp4"
477,"1","Knee-down Right","2026-04-21T14:44:53.924899Z",476,3.33,"2026-04-21T14:44:53.924917Z","/data/local-files/?d=downloads/colleges-floridast-websync-260328-duke-florida-st-2-0424b.mp4"
478,"1","Knee-down Right","2026-04-21T14:44:57.252946Z",477,3.168,"2026-04-21T14:44:57.252966Z","/data/local-files/?d=downloads/colleges-floridast-websync-260328-duke-florida-st-2-0425b.mp4"
479,"1","Knee-down Right","2026-04-21T14:44:59.005991Z",478,1.577,"2026-04-21T14:44:59.006011Z","/data/local-files/?d=downloads/colleges-floridast-websync-260328-duke-florida-st-2-0426b.mp4"
480,"1","Knee-down Right","2026-04-21T14:45:00.703650Z",479,1.534,"2026-04-21T14:45:00.703670Z","/data/local-files/?d=downloads/colleges-floridast-websync-260328-duke-florida-st-2-0427b.mp4"
481,"1","Knee-down Right","2026-04-21T14:45:02.282672Z",480,1.425,"2026-04-21T14:45:02.282692Z","/data/local-files/?d=downloads/colleges-floridast-websync-260328-duke-florida-st-2-0428b.mp4"
482,"1","Knee-down Right","2026-04-21T14:45:04.245404Z",481,1.814,"2026-04-21T14:45:04.245422Z","/data/local-files/?d=downloads/colleges-floridast-websync-260328-duke-florida-st-2-0429b.mp4"
483,"1","Knee-down Right","2026-04-21T14:45:06.936645Z",482,2.521,"2026-04-21T14:45:06.936656Z","/data/local-files/?d=downloads/colleges-floridast-websync-260328-duke-florida-st-2-0430b.mp4"
484,"1","Knee-down Right","2026-04-21T14:45:09.121289Z",483,2.035,"2026-04-21T14:45:09.121309Z","/data/local-files/?d=downloads/colleges-floridast-websync-260328-duke-florida-st-2-0431b.mp4"
485,"1","Knee-down Right","2026-04-21T14:45:15.285199Z",484,6.004,"2026-04-21T14:45:15.285218Z","/data/local-files/?d=downloads/colleges-floridast-websync-260328-duke-florida-st-2-0432b.mp4"
486,"1","Knee-down Right","2026-04-21T14:45:18.700081Z",485,3.258,"2026-04-21T14:45:18.700103Z","/data/local-files/?d=downloads/colleges-floridast-websync-260328-duke-florida-st-2-0433b.mp4"
487,"1","Knee-down Right","2026-04-21T14:45:21.095332Z",486,2.239,"2026-04-21T14:45:21.095349Z","/data/local-files/?d=downloads/colleges-floridast-websync-260328-duke-florida-st-2-0434b.mp4"
488,"1","Knee-down Right","2026-04-21T14:45:23.369660Z",487,2.111,"2026-04-21T14:45:23.369678Z","/data/local-files/?d=downloads/colleges-floridast-websync-260328-duke-florida-st-2-0435b.mp4"
489,"1","Knee-down Right","2026-04-21T14:45:48.917999Z",488,25.392,"2026-04-21T14:45:48.918019Z","/data/local-files/?d=downloads/colleges-floridast-websync-260328-duke-florida-st-2-0436b.mp4"
490,"1","Knee-down Right","2026-04-21T14:45:50.865756Z",489,1.786,"2026-04-21T14:45:50.865778Z","/data/local-files/?d=downloads/colleges-floridast-websync-260328-duke-florida-st-2-0437b.mp4"
491,"1","Knee-down Right","2026-04-21T14:45:53.245412Z",490,2.211,"2026-04-21T14:45:53.245430Z","/data/local-files/?d=downloads/colleges-floridast-websync-260328-duke-florida-st-2-0438b.mp4"
492,"1","Knee-down Right","2026-04-21T14:45:55.924564Z",491,2.506,"2026-04-21T14:45:55.924584Z","/data/local-files/?d=downloads/colleges-floridast-websync-260328-duke-florida-st-2-0439b.mp4"
493,"1","Knee-down Right","2026-04-21T14:45:59.729310Z",492,3.62,"2026-04-21T14:45:59.729331Z","/data/local-files/?d=downloads/colleges-floridast-websync-260328-duke-florida-st-2-0440b.mp4"
494,"1","Knee-down Right","2026-04-21T14:46:01.563701Z",493,1.657,"2026-04-21T14:46:01.563718Z","/data/local-files/?d=downloads/colleges-floridast-websync-260328-duke-florida-st-2-0441b.mp4"
495,"1","Knee-down Right","2026-04-21T14:46:04.236294Z",494,2.495,"2026-04-21T14:46:04.236315Z","/data/local-files/?d=downloads/colleges-floridast-websync-260328-duke-florida-st-2-0442b.mp4"
496,"1","Knee-down Right","2026-04-21T14:46:06.701490Z",495,2.29,"2026-04-21T14:46:06.701503Z","/data/local-files/?d=downloads/colleges-floridast-websync-260328-duke-florida-st-2-0443b.mp4"
497,"1","Knee-down Right","2026-04-21T14:46:09.461836Z",496,2.593,"2026-04-21T14:46:09.461860Z","/data/local-files/?d=downloads/colleges-floridast-websync-260328-duke-florida-st-2-0444b.mp4"
498,"1","Knee-down Right","2026-04-21T14:46:13.158377Z",497,3.552,"2026-04-21T14:46:13.158399Z","/data/local-files/?d=downloads/colleges-floridast-websync-260328-duke-florida-st-2-0445b.mp4"
499,"1","Knee-down Right","2026-04-21T14:46:16.188730Z",498,2.885,"2026-04-21T14:46:16.188746Z","/data/local-files/?d=downloads/colleges-floridast-websync-260328-duke-florida-st-2-0446b.mp4"
500,"1","Knee-down Right","2026-04-21T14:46:18.279476Z",499,1.93,"2026-04-21T14:46:18.279487Z","/data/local-files/?d=downloads/colleges-floridast-websync-260328-duke-florida-st-2-0447b.mp4"
501,"1","Knee-down Right","2026-04-21T14:46:20.971469Z",500,2.551,"2026-04-21T14:46:20.971489Z","/data/local-files/?d=downloads/colleges-floridast-websync-260328-duke-florida-st-2-0448b.mp4"
502,"1","Knee-down Right","2026-04-21T14:46:23.627479Z",501,2.502,"2026-04-21T14:46:23.627493Z","/data/local-files/?d=downloads/colleges-floridast-websync-260328-duke-florida-st-2-0449b.mp4"
503,"1","Knee-down Right","2026-04-21T14:46:25.870222Z",502,2.099,"2026-04-21T14:46:25.870236Z","/data/local-files/?d=downloads/colleges-floridast-websync-260328-duke-florida-st-2-0450b.mp4"
504,"1","Knee-down Right","2026-04-21T14:46:28.361933Z",503,2.336,"2026-04-21T14:46:28.361950Z","/data/local-files/?d=downloads/colleges-floridast-websync-260328-duke-florida-st-2-0451b.mp4"
505,"1","Knee-down Right","2026-04-21T14:46:31.999939Z",504,3.476,"2026-04-21T14:46:31.999959Z","/data/local-files/?d=downloads/colleges-floridast-websync-260328-duke-florida-st-2-0452b.mp4"
506,"1","Knee-down Right","2026-04-21T14:46:35.083236Z",505,2.924,"2026-04-21T14:46:35.083251Z","/data/local-files/?d=downloads/colleges-floridast-websync-260328-duke-florida-st-2-0453b.mp4"
507,"1","Knee-down Right","2026-04-21T14:46:37.075201Z",506,1.834,"2026-04-21T14:46:37.075218Z","/data/local-files/?d=downloads/colleges-floridast-websync-260328-duke-florida-st-2-0454b.mp4"
508,"1","Knee-down Right","2026-04-21T14:46:45.667704Z",507,8.427,"2026-04-21T14:46:45.667717Z","/data/local-files/?d=downloads/colleges-floridast-websync-260328-duke-florida-st-2-0455b.mp4"
509,"1","Knee-down Right","2026-04-21T14:46:49.488450Z",508,3.666,"2026-04-21T14:46:49.488469Z","/data/local-files/?d=downloads/colleges-floridast-websync-260328-duke-florida-st-2-0456b.mp4"
510,"1","Knee-down Right","2026-04-21T14:46:52.896348Z",509,3.254,"2026-04-21T14:46:52.896367Z","/data/local-files/?d=downloads/colleges-floridast-websync-260328-duke-florida-st-2-0457b.mp4"
511,"1","Knee-down Right","2026-04-21T14:46:56.327056Z",510,3.277,"2026-04-21T14:46:56.327073Z","/data/local-files/?d=downloads/colleges-floridast-websync-260328-duke-florida-st-2-0458b.mp4"
512,"1","Knee-down Right","2026-04-21T14:47:23.650858Z",511,27.173,"2026-04-21T14:47:23.650876Z","/data/local-files/?d=downloads/colleges-floridast-websync-260328-duke-florida-st-2-0459b.mp4"
513,"1","Knee-down Right","2026-04-21T14:47:27.094527Z",512,3.274,"2026-04-21T14:47:27.094543Z","/data/local-files/?d=downloads/colleges-floridast-websync-260328-duke-florida-st-2-0460b.mp4"
514,"1","Knee-down Right","2026-04-21T14:47:29.635142Z",513,2.383,"2026-04-21T14:47:29.635154Z","/data/local-files/?d=downloads/colleges-floridast-websync-260328-duke-florida-st-2-0461b.mp4"
515,"1","Knee-down Right","2026-04-21T14:47:34.630659Z",514,4.843,"2026-04-21T14:47:34.630679Z","/data/local-files/?d=downloads/colleges-floridast-websync-260328-duke-florida-st-2-0462b.mp4"
516,"1","Knee-down Right","2026-04-21T14:47:47.535826Z",515,12.736,"2026-04-21T14:47:47.535855Z","/data/local-files/?d=downloads/colleges-floridast-websync-260328-duke-florida-st-2-0472b.mp4"
517,"1","Knee-down Right","2026-04-21T14:48:17.241648Z",516,29.546,"2026-04-21T14:48:17.241665Z","/data/local-files/?d=downloads/colleges-floridast-websync-260328-duke-florida-st-2-0473b.mp4"
518,"1","Knee-down Right","2026-04-21T14:48:20.282997Z",517,2.884,"2026-04-21T14:48:20.283016Z","/data/local-files/?d=downloads/colleges-floridast-websync-260328-duke-florida-st-2-0474b.mp4"
519,"1","Knee-down Right","2026-04-21T14:48:23.740705Z",518,3.271,"2026-04-21T14:48:23.740721Z","/data/local-files/?d=downloads/colleges-floridast-websync-260328-duke-florida-st-2-0475b.mp4"
520,"1","Knee-down Right","2026-04-21T14:48:26.695969Z",519,2.786,"2026-04-21T14:48:26.695987Z","/data/local-files/?d=downloads/colleges-floridast-websync-260328-duke-florida-st-2-0476b.mp4"
521,"1","Knee-down Right","2026-04-21T14:48:29.104531Z",520,2.277,"2026-04-21T14:48:29.104550Z","/data/local-files/?d=downloads/colleges-floridast-websync-260328-duke-florida-st-2-0477b.mp4"
522,"1","Knee-down Right","2026-04-21T14:48:31.105580Z",521,1.837,"2026-04-21T14:48:31.105599Z","/data/local-files/?d=downloads/colleges-floridast-websync-260328-duke-florida-st-2-0478b.mp4"
523,"1","Knee-down Right","2026-04-21T14:48:33.452362Z",522,2.18,"2026-04-21T14:48:33.452383Z","/data/local-files/?d=downloads/colleges-floridast-websync-260328-duke-florida-st-2-0479b.mp4"
524,"1","Knee-down Right","2026-04-21T14:48:35.488936Z",523,1.873,"2026-04-21T14:48:35.488954Z","/data/local-files/?d=downloads/colleges-floridast-websync-260328-duke-florida-st-2-0480b.mp4"
525,"1","Knee-down Right","2026-04-21T14:48:37.026414Z",524,1.375,"2026-04-21T14:48:37.026433Z","/data/local-files/?d=downloads/colleges-floridast-websync-260328-duke-florida-st-2-0481b.mp4"
526,"1","Knee-down Right","2026-04-21T14:48:38.206177Z",525,1.027,"2026-04-21T14:48:38.206209Z","/data/local-files/?d=downloads/colleges-floridast-websync-260328-duke-florida-st-2-0482b.mp4"
527,"1","Knee-down Right","2026-04-21T14:48:39.504077Z",526,1.137,"2026-04-21T14:48:39.504098Z","/data/local-files/?d=downloads/colleges-floridast-websync-260328-duke-florida-st-2-0483b.mp4"
528,"1","Knee-down Right","2026-04-21T14:48:40.639406Z",527,0.978,"2026-04-21T14:48:40.639426Z","/data/local-files/?d=downloads/colleges-floridast-websync-260328-duke-florida-st-2-0484b.mp4"
529,"1","Knee-down Right","2026-04-21T14:48:41.777468Z",528,0.969,"2026-04-21T14:48:41.777484Z","/data/local-files/?d=downloads/colleges-floridast-websync-260328-duke-florida-st-2-0485b.mp4"
530,"1","Knee-down Right","2026-04-21T14:48:44.381064Z",529,2.446,"2026-04-21T14:48:44.381084Z","/data/local-files/?d=downloads/colleges-floridast-websync-260328-duke-florida-st-2-0486b.mp4"
531,"1","Knee-down Right","2026-04-21T14:48:48.870259Z",530,4.336,"2026-04-21T14:48:48.870275Z","/data/local-files/?d=downloads/colleges-floridast-websync-260328-duke-florida-st-2-0487b.mp4"
532,"1","Knee-down Right","2026-04-21T14:48:51.618516Z",531,2.584,"2026-04-21T14:48:51.618536Z","/data/local-files/?d=downloads/colleges-floridast-websync-260328-duke-florida-st-2-0488b.mp4"
533,"1","Knee-down Right","2026-04-21T14:48:54.365949Z",532,2.588,"2026-04-21T14:48:54.365967Z","/data/local-files/?d=downloads/colleges-floridast-websync-260328-duke-florida-st-2-0489b.mp4"
534,"1","Knee-down Right","2026-04-21T14:48:56.675669Z",533,2.132,"2026-04-21T14:48:56.675689Z","/data/local-files/?d=downloads/colleges-floridast-websync-260328-duke-florida-st-2-0490b.mp4"
535,"1","Knee-down Right","2026-04-21T14:48:58.914121Z",534,2.065,"2026-04-21T14:48:58.914131Z","/data/local-files/?d=downloads/colleges-floridast-websync-260328-duke-florida-st-2-0491b.mp4"
536,"1","Knee-down Right","2026-04-21T14:49:01.146886Z",535,2.098,"2026-04-21T14:49:01.146908Z","/data/local-files/?d=downloads/colleges-floridast-websync-260328-duke-florida-st-2-0492b.mp4"
1354,"1","Bad Video","2026-04-21T20:22:48.067951Z",536,8.358,"2026-04-21T20:22:48.067971Z","/data/local-files/?d=downloads/init.mp4"
538,"1","Knee-down Right","2026-04-21T14:49:24.471757Z",537,11.466,"2026-04-21T14:49:24.471779Z","/data/local-files/?d=downloads/pitch-pix-699c8975ec6d0833c15a1638-1001-1016.mp4"
539,"1","Knee-down Right","2026-04-21T14:49:36.439198Z",538,11.798,"2026-04-21T14:49:36.439212Z","/data/local-files/?d=downloads/pitch-pix-699c8975ec6d0833c15a1638-10027-10039.mp4"
540,"1","Knee-down Right","2026-04-21T14:49:45.456840Z",539,8.859,"2026-04-21T14:49:45.456856Z","/data/local-files/?d=downloads/pitch-pix-699c8975ec6d0833c15a1638-10043-10067.mp4"
541,"1","Knee-down Right","2026-04-21T14:49:55.283823Z",540,9.666,"2026-04-21T14:49:55.283836Z","/data/local-files/?d=downloads/pitch-pix-699c8975ec6d0833c15a1638-10076-10089.mp4"
542,"1","Knee-down Right","2026-04-21T14:50:04.928669Z",541,9.482,"2026-04-21T14:50:04.928684Z","/data/local-files/?d=downloads/pitch-pix-699c8975ec6d0833c15a1638-10146-10159.mp4"
543,"1","Knee-down Right","2026-04-21T14:50:14.549067Z",542,9.468,"2026-04-21T14:50:14.549082Z","/data/local-files/?d=downloads/pitch-pix-699c8975ec6d0833c15a1638-10166-10178.mp4"
544,"1","Knee-down Right","2026-04-21T14:50:24.602488Z",543,9.9,"2026-04-21T14:50:24.602506Z","/data/local-files/?d=downloads/pitch-pix-699c8975ec6d0833c15a1638-10188-10200.mp4"
545,"1","Knee-down Right","2026-04-21T14:50:34.126852Z",544,9.381,"2026-04-21T14:50:34.126865Z","/data/local-files/?d=downloads/pitch-pix-699c8975ec6d0833c15a1638-1020-1037.mp4"
546,"1","Knee-down Right","2026-04-21T14:50:43.674318Z",545,9.393,"2026-04-21T14:50:43.674335Z","/data/local-files/?d=downloads/pitch-pix-699c8975ec6d0833c15a1638-1053-1067.mp4"
547,"1","Knee-down Right","2026-04-21T14:50:53.053250Z",546,9.228,"2026-04-21T14:50:53.053264Z","/data/local-files/?d=downloads/pitch-pix-699c8975ec6d0833c15a1638-1069-1082.mp4"
548,"1","Knee-down Right","2026-04-21T14:51:01.856585Z",547,8.637,"2026-04-21T14:51:01.856602Z","/data/local-files/?d=downloads/pitch-pix-699c8975ec6d0833c15a1638-1085-1099.mp4"
549,"1","Knee-down Right","2026-04-21T14:51:10.888976Z",548,8.869,"2026-04-21T14:51:10.888994Z","/data/local-files/?d=downloads/pitch-pix-699c8975ec6d0833c15a1638-1102-1116.mp4"
550,"1","Knee-down Right","2026-04-21T14:51:21.944474Z",549,10.897,"2026-04-21T14:51:21.944489Z","/data/local-files/?d=downloads/pitch-pix-699c8975ec6d0833c15a1638-11724-11738.mp4"
551,"1","Knee-down Right","2026-04-21T14:51:30.000491Z",550,7.903,"2026-04-21T14:51:30.000501Z","/data/local-files/?d=downloads/pitch-pix-699c8975ec6d0833c15a1638-11740-11759.mp4"
552,"1","Knee-down Right","2026-04-21T14:51:39.274792Z",551,9.14,"2026-04-21T14:51:39.274803Z","/data/local-files/?d=downloads/pitch-pix-699c8975ec6d0833c15a1638-11772-11787.mp4"
553,"1","Knee-down Right","2026-04-21T14:51:59.469078Z",552,20.042,"2026-04-21T14:51:59.469091Z","/data/local-files/?d=downloads/pitch-pix-699c8975ec6d0833c15a1638-11810-11820.mp4"
554,"1","Knee-down Right","2026-04-21T14:52:10.097954Z",553,10.463,"2026-04-21T14:52:10.097974Z","/data/local-files/?d=downloads/pitch-pix-699c8975ec6d0833c15a1638-11824-11837.mp4"
555,"1","Knee-down Right","2026-04-21T14:52:18.536401Z",554,8.278,"2026-04-21T14:52:18.536420Z","/data/local-files/?d=downloads/pitch-pix-699c8975ec6d0833c15a1638-11841-11854.mp4"
556,"1","Knee-down Right","2026-04-21T14:52:25.732722Z",555,7.051,"2026-04-21T14:52:25.732734Z","/data/local-files/?d=downloads/pitch-pix-699c8975ec6d0833c15a1638-11863-11876.mp4"
557,"1","Knee-down Right","2026-04-21T14:52:38.123845Z",556,12.234,"2026-04-21T14:52:38.123861Z","/data/local-files/?d=downloads/pitch-pix-699c8975ec6d0833c15a1638-1443-1457.mp4"
558,"1","Knee-down Right","2026-04-21T14:52:48.471719Z",557,10.2,"2026-04-21T14:52:48.471731Z","/data/local-files/?d=downloads/pitch-pix-699c8975ec6d0833c15a1638-1462-1476.mp4"
559,"1","Knee-down Right","2026-04-21T14:52:57.555593Z",558,8.917,"2026-04-21T14:52:57.555614Z","/data/local-files/?d=downloads/pitch-pix-699c8975ec6d0833c15a1638-1492-1504.mp4"
560,"1","Knee-down Right","2026-04-21T14:53:08.627561Z",559,10.907,"2026-04-21T14:53:08.627575Z","/data/local-files/?d=downloads/pitch-pix-699c8975ec6d0833c15a1638-1507-1521.mp4"
561,"1","Knee-down Right","2026-04-21T14:53:19.871322Z",560,11.077,"2026-04-21T14:53:19.871344Z","/data/local-files/?d=downloads/pitch-pix-699c8975ec6d0833c15a1638-1531-1556.mp4"
562,"1","Knee-down Right","2026-04-21T14:53:32.594272Z",561,12.576,"2026-04-21T14:53:32.594287Z","/data/local-files/?d=downloads/pitch-pix-699c8975ec6d0833c15a1638-1565-1580.mp4"
563,"1","Knee-down Right","2026-04-21T14:53:40.573044Z",562,7.833,"2026-04-21T14:53:40.573056Z","/data/local-files/?d=downloads/pitch-pix-699c8975ec6d0833c15a1638-1608-1622.mp4"
564,"1","Knee-down Right","2026-04-21T14:53:51.426508Z",563,10.699,"2026-04-21T14:53:51.426524Z","/data/local-files/?d=downloads/pitch-pix-699c8975ec6d0833c15a1638-1628-1644.mp4"
565,"1","Knee-down Right","2026-04-21T14:53:57.751728Z",564,6.174,"2026-04-21T14:53:57.751744Z","/data/local-files/?d=downloads/pitch-pix-699c8975ec6d0833c15a1638-1659-1672.mp4"
566,"1","Knee-down Right","2026-04-21T14:54:08.842268Z",565,10.939,"2026-04-21T14:54:08.842285Z","/data/local-files/?d=downloads/pitch-pix-699c8975ec6d0833c15a1638-1676-1697.mp4"
567,"1","Knee-down Right","2026-04-21T14:54:15.022600Z",566,6.014,"2026-04-21T14:54:15.022615Z","/data/local-files/?d=downloads/pitch-pix-699c8975ec6d0833c15a1638-1715-1726.mp4"
568,"1","Knee-down Right","2026-04-21T14:54:26.069808Z",567,10.892,"2026-04-21T14:54:26.069824Z","/data/local-files/?d=downloads/pitch-pix-699c8975ec6d0833c15a1638-1730-1745.mp4"
569,"1","Knee-down Right","2026-04-21T14:54:35.362465Z",568,9.143,"2026-04-21T14:54:35.362484Z","/data/local-files/?d=downloads/pitch-pix-699c8975ec6d0833c15a1638-1786-1798.mp4"
570,"1","Knee-down Right","2026-04-21T14:54:46.835318Z",569,11.321,"2026-04-21T14:54:46.835332Z","/data/local-files/?d=downloads/pitch-pix-699c8975ec6d0833c15a1638-1804-1818.mp4"
571,"1","Knee-down Right","2026-04-21T14:54:54.777519Z",570,7.775,"2026-04-21T14:54:54.777538Z","/data/local-files/?d=downloads/pitch-pix-699c8975ec6d0833c15a1638-1831-1843.mp4"
572,"1","Knee-down Right","2026-04-21T14:55:01.543864Z",571,6.615,"2026-04-21T14:55:01.543877Z","/data/local-files/?d=downloads/pitch-pix-699c8975ec6d0833c15a1638-1861-1875.mp4"
573,"1","Knee-down Right","2026-04-21T14:55:10.287056Z",572,8.584,"2026-04-21T14:55:10.287074Z","/data/local-files/?d=downloads/pitch-pix-699c8975ec6d0833c15a1638-2449-2463.mp4"
574,"1","Knee-down Right","2026-04-21T14:55:24.719923Z",573,14.274,"2026-04-21T14:55:24.719938Z","/data/local-files/?d=downloads/pitch-pix-699c8975ec6d0833c15a1638-2485-2503.mp4"
575,"1","Knee-down Right","2026-04-21T14:55:34.453344Z",574,9.579,"2026-04-21T14:55:34.453359Z","/data/local-files/?d=downloads/pitch-pix-699c8975ec6d0833c15a1638-2516-2529.mp4"
576,"1","Knee-down Right","2026-04-21T14:55:49.539821Z",575,14.937,"2026-04-21T14:55:49.539835Z","/data/local-files/?d=downloads/pitch-pix-699c8975ec6d0833c15a1638-2529-2541.mp4"
577,"1","Knee-down Right","2026-04-21T14:55:58.544638Z",576,8.844,"2026-04-21T14:55:58.544659Z","/data/local-files/?d=downloads/pitch-pix-699c8975ec6d0833c15a1638-2541-2555.mp4"
578,"1","Knee-down Right","2026-04-21T14:56:13.092398Z",577,14.394,"2026-04-21T14:56:13.092417Z","/data/local-files/?d=downloads/pitch-pix-699c8975ec6d0833c15a1638-2570-2589.mp4"
579,"1","Knee-down Right","2026-04-21T14:56:23.012718Z",578,9.76,"2026-04-21T14:56:23.012737Z","/data/local-files/?d=downloads/pitch-pix-699c8975ec6d0833c15a1638-2605-2619.mp4"
580,"1","Knee-down Right","2026-04-21T14:56:30.910907Z",579,7.747,"2026-04-21T14:56:30.910921Z","/data/local-files/?d=downloads/pitch-pix-699c8975ec6d0833c15a1638-2620-2636.mp4"
581,"1","Knee-down Right","2026-04-21T14:56:38.838907Z",580,7.765,"2026-04-21T14:56:38.838917Z","/data/local-files/?d=downloads/pitch-pix-699c8975ec6d0833c15a1638-2642-2654.mp4"
582,"1","Knee-down Right","2026-04-21T14:56:48.449698Z",581,9.462,"2026-04-21T14:56:48.449713Z","/data/local-files/?d=downloads/pitch-pix-699c8975ec6d0833c15a1638-2656-2669.mp4"
583,"1","Knee-down Right","2026-04-21T14:56:57.597341Z",582,9.0,"2026-04-21T14:56:57.597361Z","/data/local-files/?d=downloads/pitch-pix-699c8975ec6d0833c15a1638-2674-2687.mp4"
584,"1","Knee-down Right","2026-04-21T14:57:06.174447Z",583,8.41,"2026-04-21T14:57:06.174463Z","/data/local-files/?d=downloads/pitch-pix-699c8975ec6d0833c15a1638-2742-2754.mp4"
585,"1","Knee-down Right","2026-04-21T14:57:16.809843Z",584,10.473,"2026-04-21T14:57:16.809862Z","/data/local-files/?d=downloads/pitch-pix-699c8975ec6d0833c15a1638-2779-2794.mp4"
586,"1","Knee-down Right","2026-04-21T14:57:24.623410Z",585,7.652,"2026-04-21T14:57:24.623430Z","/data/local-files/?d=downloads/pitch-pix-699c8975ec6d0833c15a1638-2798-2828.mp4"
587,"1","Knee-down Right","2026-04-21T14:57:32.229205Z",586,7.428,"2026-04-21T14:57:32.229225Z","/data/local-files/?d=downloads/pitch-pix-699c8975ec6d0833c15a1638-2833-2845.mp4"
588,"1","Knee-down Right","2026-04-21T14:57:39.945011Z",587,7.565,"2026-04-21T14:57:39.945029Z","/data/local-files/?d=downloads/pitch-pix-699c8975ec6d0833c15a1638-2866-2878.mp4"
589,"1","Knee-down Right","2026-04-21T14:59:34.916203Z",588,114.823,"2026-04-21T14:59:34.916218Z","/data/local-files/?d=downloads/pitch-pix-699c8975ec6d0833c15a1638-2934-2946.mp4"
590,"1","Knee-down Right","2026-04-21T14:59:43.341135Z",589,8.278,"2026-04-21T14:59:43.341156Z","/data/local-files/?d=downloads/pitch-pix-699c8975ec6d0833c15a1638-2992-3005.mp4"
591,"1","Knee-down Right","2026-04-21T14:59:50.787851Z",590,7.309,"2026-04-21T14:59:50.787862Z","/data/local-files/?d=downloads/pitch-pix-699c8975ec6d0833c15a1638-3008-3022.mp4"
592,"1","Knee-down Right","2026-04-21T14:59:56.214266Z",591,5.282,"2026-04-21T14:59:56.214276Z","/data/local-files/?d=downloads/pitch-pix-699c8975ec6d0833c15a1638-3024-3037.mp4"
593,"1","Knee-down Right","2026-04-21T15:00:04.636313Z",592,8.283,"2026-04-21T15:00:04.636331Z","/data/local-files/?d=downloads/pitch-pix-699c8975ec6d0833c15a1638-3039-3056.mp4"
594,"1","Knee-down Right","2026-04-21T15:00:15.592561Z",593,10.808,"2026-04-21T15:00:15.592574Z","/data/local-files/?d=downloads/pitch-pix-699c8975ec6d0833c15a1638-4074-4086.mp4"
595,"1","Knee-down Right","2026-04-21T15:00:24.907023Z",594,9.167,"2026-04-21T15:00:24.907040Z","/data/local-files/?d=downloads/pitch-pix-699c8975ec6d0833c15a1638-4086-4098.mp4"
596,"1","Knee-down Right","2026-04-21T15:00:33.281966Z",595,8.241,"2026-04-21T15:00:33.281992Z","/data/local-files/?d=downloads/pitch-pix-699c8975ec6d0833c15a1638-4111-4127.mp4"
597,"1","Knee-down Right","2026-04-21T15:00:44.235680Z",596,10.827,"2026-04-21T15:00:44.235693Z","/data/local-files/?d=downloads/pitch-pix-699c8975ec6d0833c15a1638-4144-4164.mp4"
598,"1","Knee-down Right","2026-04-21T15:00:54.016273Z",597,9.649,"2026-04-21T15:00:54.016291Z","/data/local-files/?d=downloads/pitch-pix-699c8975ec6d0833c15a1638-4180-4203.mp4"
599,"1","Knee-down Right","2026-04-21T15:01:03.844386Z",598,9.68,"2026-04-21T15:01:03.844398Z","/data/local-files/?d=downloads/pitch-pix-699c8975ec6d0833c15a1638-4213-4227.mp4"
600,"1","Knee-down Right","2026-04-21T15:01:12.498565Z",599,8.528,"2026-04-21T15:01:12.498575Z","/data/local-files/?d=downloads/pitch-pix-699c8975ec6d0833c15a1638-4244-4263.mp4"
601,"1","Knee-down Right","2026-04-21T15:01:40.329441Z",600,27.691,"2026-04-21T15:01:40.329451Z","/data/local-files/?d=downloads/pitch-pix-699c8975ec6d0833c15a1638-4277-4288.mp4"
602,"1","Knee-down Right","2026-04-21T15:01:48.835931Z",601,8.364,"2026-04-21T15:01:48.835943Z","/data/local-files/?d=downloads/pitch-pix-699c8975ec6d0833c15a1638-4295-4312.mp4"
603,"1","Knee-down Right","2026-04-21T15:01:57.634015Z",602,8.649,"2026-04-21T15:01:57.634027Z","/data/local-files/?d=downloads/pitch-pix-699c8975ec6d0833c15a1638-5361-5375.mp4"
604,"1","Knee-down Right","2026-04-21T15:02:06.421960Z",603,8.639,"2026-04-21T15:02:06.421972Z","/data/local-files/?d=downloads/pitch-pix-699c8975ec6d0833c15a1638-5374-5387.mp4"
605,"1","Knee-down Right","2026-04-21T15:02:14.991768Z",604,8.432,"2026-04-21T15:02:14.991779Z","/data/local-files/?d=downloads/pitch-pix-699c8975ec6d0833c15a1638-5389-5402.mp4"
606,"1","Knee-down Right","2026-04-21T15:02:22.751473Z",605,7.617,"2026-04-21T15:02:22.751484Z","/data/local-files/?d=downloads/pitch-pix-699c8975ec6d0833c15a1638-5478-5493.mp4"
607,"1","Knee-down Right","2026-04-21T15:02:32.800253Z",606,9.907,"2026-04-21T15:02:32.800264Z","/data/local-files/?d=downloads/pitch-pix-699c8975ec6d0833c15a1638-5494-5509.mp4"
608,"1","Knee-down Right","2026-04-21T15:02:36.766881Z",607,3.824,"2026-04-21T15:02:36.766894Z","/data/local-files/?d=downloads/pitch-pix-699c8975ec6d0833c15a1638-5518-5532.mp4"
609,"1","Knee-down Right","2026-04-21T15:02:46.014068Z",608,9.109,"2026-04-21T15:02:46.014086Z","/data/local-files/?d=downloads/pitch-pix-699c8975ec6d0833c15a1638-5541-5556.mp4"
610,"1","Knee-down Right","2026-04-21T15:02:54.679362Z",609,8.529,"2026-04-21T15:02:54.679373Z","/data/local-files/?d=downloads/pitch-pix-699c8975ec6d0833c15a1638-5616-5633.mp4"
611,"1","Knee-down Right","2026-04-21T15:03:02.642181Z",610,7.812,"2026-04-21T15:03:02.642193Z","/data/local-files/?d=downloads/pitch-pix-699c8975ec6d0833c15a1638-5649-5662.mp4"
612,"1","Knee-down Right","2026-04-21T15:03:08.962733Z",611,6.178,"2026-04-21T15:03:08.962748Z","/data/local-files/?d=downloads/pitch-pix-699c8975ec6d0833c15a1638-5669-5683.mp4"
613,"1","Knee-down Right","2026-04-21T15:03:18.443952Z",612,9.336,"2026-04-21T15:03:18.443962Z","/data/local-files/?d=downloads/pitch-pix-699c8975ec6d0833c15a1638-5688-5702.mp4"
614,"1","Knee-down Right","2026-04-21T15:03:24.552535Z",613,5.967,"2026-04-21T15:03:24.552548Z","/data/local-files/?d=downloads/pitch-pix-699c8975ec6d0833c15a1638-5711-5723.mp4"
615,"1","Knee-down Right","2026-04-21T15:03:32.000700Z",614,7.268,"2026-04-21T15:03:32.000724Z","/data/local-files/?d=downloads/pitch-pix-699c8975ec6d0833c15a1638-5728-5757.mp4"
616,"1","Knee-down Right","2026-04-21T15:03:39.821916Z",615,7.677,"2026-04-21T15:03:39.821947Z","/data/local-files/?d=downloads/pitch-pix-699c8975ec6d0833c15a1638-5801-5815.mp4"
617,"1","Knee-down Right","2026-04-21T15:03:45.565141Z",616,5.597,"2026-04-21T15:03:45.565162Z","/data/local-files/?d=downloads/pitch-pix-699c8975ec6d0833c15a1638-5863-5876.mp4"
618,"1","Knee-down Right","2026-04-21T15:03:54.609837Z",617,8.904,"2026-04-21T15:03:54.609849Z","/data/local-files/?d=downloads/pitch-pix-699c8975ec6d0833c15a1638-5875-5890.mp4"
619,"1","Knee-down Right","2026-04-21T15:04:02.485983Z",618,7.738,"2026-04-21T15:04:02.486005Z","/data/local-files/?d=downloads/pitch-pix-699c8975ec6d0833c15a1638-5898-5911.mp4"
620,"1","Knee-down Right","2026-04-21T15:04:05.939960Z",619,3.293,"2026-04-21T15:04:05.939973Z","/data/local-files/?d=downloads/pitch-pix-699c8975ec6d0833c15a1638-5917-5930.mp4"
621,"1","Knee-down Right","2026-04-21T15:04:14.536725Z",620,8.449,"2026-04-21T15:04:14.536737Z","/data/local-files/?d=downloads/pitch-pix-699c8975ec6d0833c15a1638-6679-6693.mp4"
622,"1","Knee-down Right","2026-04-21T15:04:23.582638Z",621,8.909,"2026-04-21T15:04:23.582659Z","/data/local-files/?d=downloads/pitch-pix-699c8975ec6d0833c15a1638-6696-6714.mp4"
623,"1","Knee-down Right","2026-04-21T15:04:29.659720Z",622,5.926,"2026-04-21T15:04:29.659741Z","/data/local-files/?d=downloads/pitch-pix-699c8975ec6d0833c15a1638-6736-6748.mp4"
624,"1","Knee-down Right","2026-04-21T15:04:36.685420Z",623,6.878,"2026-04-21T15:04:36.685431Z","/data/local-files/?d=downloads/pitch-pix-699c8975ec6d0833c15a1638-6752-6765.mp4"
625,"1","Knee-down Right","2026-04-21T15:04:43.687511Z",624,6.867,"2026-04-21T15:04:43.687523Z","/data/local-files/?d=downloads/pitch-pix-699c8975ec6d0833c15a1638-6768-6782.mp4"
626,"1","Knee-down Right","2026-04-21T15:04:48.506185Z",625,4.677,"2026-04-21T15:04:48.506210Z","/data/local-files/?d=downloads/pitch-pix-699c8975ec6d0833c15a1638-6793-6806.mp4"
627,"1","Knee-down Right","2026-04-21T15:04:54.473680Z",626,5.832,"2026-04-21T15:04:54.473692Z","/data/local-files/?d=downloads/pitch-pix-699c8975ec6d0833c15a1638-6813-6827.mp4"
628,"1","Knee-down Right","2026-04-21T15:05:00.316578Z",627,5.687,"2026-04-21T15:05:00.316593Z","/data/local-files/?d=downloads/pitch-pix-699c8975ec6d0833c15a1638-6837-6850.mp4"
629,"1","Knee-down Right","2026-04-21T15:05:06.840107Z",628,6.371,"2026-04-21T15:05:06.840127Z","/data/local-files/?d=downloads/pitch-pix-699c8975ec6d0833c15a1638-6880-6893.mp4"
630,"1","Knee-down Right","2026-04-21T15:05:12.396950Z",629,5.412,"2026-04-21T15:05:12.396962Z","/data/local-files/?d=downloads/pitch-pix-699c8975ec6d0833c15a1638-6903-6917.mp4"
631,"1","Knee-down Right","2026-04-21T15:05:19.337960Z",630,6.818,"2026-04-21T15:05:19.337970Z","/data/local-files/?d=downloads/pitch-pix-699c8975ec6d0833c15a1638-6930-6948.mp4"
632,"1","Knee-down Right","2026-04-21T15:05:27.792706Z",631,8.316,"2026-04-21T15:05:27.792717Z","/data/local-files/?d=downloads/pitch-pix-699c8975ec6d0833c15a1638-6985-7000.mp4"
633,"1","Knee-down Right","2026-04-21T15:05:35.311495Z",632,7.382,"2026-04-21T15:05:35.311506Z","/data/local-files/?d=downloads/pitch-pix-699c8975ec6d0833c15a1638-7003-7015.mp4"
634,"1","Knee-down Right","2026-04-21T15:05:42.859625Z",633,7.39,"2026-04-21T15:05:42.859638Z","/data/local-files/?d=downloads/pitch-pix-699c8975ec6d0833c15a1638-7023-7036.mp4"
635,"1","Knee-down Right","2026-04-21T15:05:48.776359Z",634,5.769,"2026-04-21T15:05:48.776369Z","/data/local-files/?d=downloads/pitch-pix-699c8975ec6d0833c15a1638-7046-7058.mp4"
636,"1","Knee-down Right","2026-04-21T15:05:55.655240Z",635,6.751,"2026-04-21T15:05:55.655251Z","/data/local-files/?d=downloads/pitch-pix-699c8975ec6d0833c15a1638-7612-7625.mp4"
637,"1","Knee-down Right","2026-04-21T15:05:57.935960Z",636,2.136,"2026-04-21T15:05:57.935979Z","/data/local-files/?d=downloads/pitch-pix-699c8975ec6d0833c15a1638-7629-7642.mp4"
638,"1","Knee-down Right","2026-04-21T15:05:59.554606Z",637,1.47,"2026-04-21T15:05:59.554621Z","/data/local-files/?d=downloads/pitch-pix-699c8975ec6d0833c15a1638-7666-7678.mp4"
639,"1","Knee-down Right","2026-04-21T15:06:00.827277Z",638,1.126,"2026-04-21T15:06:00.827293Z","/data/local-files/?d=downloads/pitch-pix-699c8975ec6d0833c15a1638-7680-7691.mp4"
640,"1","Knee-down Right","2026-04-21T15:06:02.049062Z",639,1.079,"2026-04-21T15:06:02.049075Z","/data/local-files/?d=downloads/pitch-pix-699c8975ec6d0833c15a1638-7695-7708.mp4"
641,"1","Knee-down Right","2026-04-21T15:06:04.246552Z",640,2.045,"2026-04-21T15:06:04.246563Z","/data/local-files/?d=downloads/pitch-pix-699c8975ec6d0833c15a1638-7729-7748.mp4"
642,"1","Knee-down Right","2026-04-21T15:06:09.797996Z",641,5.417,"2026-04-21T15:06:09.798010Z","/data/local-files/?d=downloads/pitch-pix-699c8975ec6d0833c15a1638-7764-7781.mp4"
643,"1","Knee-down Right","2026-04-21T15:06:17.151174Z",642,7.191,"2026-04-21T15:06:17.151190Z","/data/local-files/?d=downloads/pitch-pix-699c8975ec6d0833c15a1638-7814-7828.mp4"
644,"1","Knee-down Right","2026-04-21T15:06:25.800124Z",643,8.5,"2026-04-21T15:06:25.800138Z","/data/local-files/?d=downloads/pitch-pix-699c8975ec6d0833c15a1638-7834-7859.mp4"
645,"1","Knee-down Right","2026-04-21T15:06:35.358738Z",644,9.391,"2026-04-21T15:06:35.358759Z","/data/local-files/?d=downloads/pitch-pix-699c8975ec6d0833c15a1638-7893-7905.mp4"
646,"1","Knee-down Right","2026-04-21T15:06:41.358644Z",645,5.862,"2026-04-21T15:06:41.358657Z","/data/local-files/?d=downloads/pitch-pix-699c8975ec6d0833c15a1638-7910-7929.mp4"
647,"1","Knee-down Right","2026-04-21T15:06:45.550996Z",646,4.039,"2026-04-21T15:06:45.551008Z","/data/local-files/?d=downloads/pitch-pix-699c8975ec6d0833c15a1638-7953-7965.mp4"
648,"1","Knee-down Right","2026-04-21T15:06:53.752922Z",647,8.061,"2026-04-21T15:06:53.752935Z","/data/local-files/?d=downloads/pitch-pix-699c8975ec6d0833c15a1638-7968-7982.mp4"
649,"1","Knee-down Right","2026-04-21T15:07:02.657000Z",648,8.755,"2026-04-21T15:07:02.657012Z","/data/local-files/?d=downloads/pitch-pix-699c8975ec6d0833c15a1638-7985-8008.mp4"
650,"1","Knee-down Right","2026-04-21T15:07:09.491819Z",649,6.702,"2026-04-21T15:07:09.491841Z","/data/local-files/?d=downloads/pitch-pix-699c8975ec6d0833c15a1638-8037-8051.mp4"
651,"1","Knee-down Right","2026-04-21T15:07:16.494160Z",650,6.848,"2026-04-21T15:07:16.494174Z","/data/local-files/?d=downloads/pitch-pix-699c8975ec6d0833c15a1638-8093-8106.mp4"
652,"1","Knee-down Right","2026-04-21T15:07:25.086297Z",651,8.426,"2026-04-21T15:07:25.086307Z","/data/local-files/?d=downloads/pitch-pix-699c8975ec6d0833c15a1638-8122-8139.mp4"
653,"1","Knee-down Right","2026-04-21T15:07:27.895082Z",652,2.666,"2026-04-21T15:07:27.895096Z","/data/local-files/?d=downloads/pitch-pix-699c8975ec6d0833c15a1638-8165-8178.mp4"
654,"1","Knee-down Right","2026-04-21T15:07:34.629133Z",653,6.58,"2026-04-21T15:07:34.629142Z","/data/local-files/?d=downloads/pitch-pix-699c8975ec6d0833c15a1638-8182-8195.mp4"
655,"1","Knee-down Right","2026-04-21T15:07:40.371797Z",654,5.602,"2026-04-21T15:07:40.371817Z","/data/local-files/?d=downloads/pitch-pix-699c8975ec6d0833c15a1638-8199-8212.mp4"
656,"1","Knee-down Right","2026-04-21T15:07:45.970862Z",655,5.457,"2026-04-21T15:07:45.970875Z","/data/local-files/?d=downloads/pitch-pix-699c8975ec6d0833c15a1638-8306-8319.mp4"
657,"1","Knee-down Right","2026-04-21T15:07:51.831187Z",656,5.717,"2026-04-21T15:07:51.831198Z","/data/local-files/?d=downloads/pitch-pix-699c8975ec6d0833c15a1638-8320-8333.mp4"
658,"1","Knee-down Right","2026-04-21T15:07:59.250519Z",657,7.281,"2026-04-21T15:07:59.250529Z","/data/local-files/?d=downloads/pitch-pix-699c8975ec6d0833c15a1638-8336-8350.mp4"
659,"1","Knee-down Right","2026-04-21T15:08:06.436210Z",658,7.053,"2026-04-21T15:08:06.436221Z","/data/local-files/?d=downloads/pitch-pix-699c8975ec6d0833c15a1638-8353-8367.mp4"
660,"1","Knee-down Right","2026-04-21T15:08:12.284713Z",659,5.697,"2026-04-21T15:08:12.284723Z","/data/local-files/?d=downloads/pitch-pix-699c8975ec6d0833c15a1638-8376-8388.mp4"
661,"1","Knee-down Right","2026-04-21T15:08:22.242539Z",660,9.822,"2026-04-21T15:08:22.242549Z","/data/local-files/?d=downloads/pitch-pix-699c8975ec6d0833c15a1638-915-934.mp4"
662,"1","Knee-down Right","2026-04-21T15:08:28.600390Z",661,6.221,"2026-04-21T15:08:28.600400Z","/data/local-files/?d=downloads/pitch-pix-699c8975ec6d0833c15a1638-954-965.mp4"
663,"1","Knee-down Right","2026-04-21T15:08:35.955605Z",662,7.205,"2026-04-21T15:08:35.955618Z","/data/local-files/?d=downloads/pitch-pix-699c8975ec6d0833c15a1638-969-982.mp4"
664,"1","Knee-down Right","2026-04-21T15:08:43.899865Z",663,7.786,"2026-04-21T15:08:43.899877Z","/data/local-files/?d=downloads/pitch-pix-699c8975ec6d0833c15a1638-9825-9837.mp4"
665,"1","Knee-down Right","2026-04-21T15:08:52.731435Z",664,8.684,"2026-04-21T15:08:52.731448Z","/data/local-files/?d=downloads/pitch-pix-699c8975ec6d0833c15a1638-984-997.mp4"
666,"1","Knee-down Right","2026-04-21T15:08:58.285839Z",665,5.393,"2026-04-21T15:08:58.285859Z","/data/local-files/?d=downloads/pitch-pix-699c8975ec6d0833c15a1638-9841-9852.mp4"
667,"1","Knee-down Right","2026-04-21T15:09:02.531955Z",666,4.085,"2026-04-21T15:09:02.531975Z","/data/local-files/?d=downloads/pitch-pix-699c8975ec6d0833c15a1638-9853-9863.mp4"
668,"1","Knee-down Right","2026-04-21T15:09:04.591387Z",667,1.902,"2026-04-21T15:09:04.591398Z","/data/local-files/?d=downloads/pitch-pix-699c8975ec6d0833c15a1638-9867-9878.mp4"
669,"1","Knee-down Right","2026-04-21T15:09:05.946182Z",668,1.201,"2026-04-21T15:09:05.946196Z","/data/local-files/?d=downloads/pitch-pix-699c8975ec6d0833c15a1638-9885-9898.mp4"
670,"1","Knee-down Right","2026-04-21T15:09:13.730138Z",669,7.635,"2026-04-21T15:09:13.730151Z","/data/local-files/?d=downloads/pitch-pix-699c8975ec6d0833c15a1638-9903-9919.mp4"
671,"1","Knee-down Right","2026-04-21T15:09:21.567979Z",670,7.694,"2026-04-21T15:09:21.567988Z","/data/local-files/?d=downloads/pitch-pix-699c8975ec6d0833c15a1638-9951-9963.mp4"
672,"1","Knee-down Right","2026-04-21T15:09:28.715495Z",671,7.003,"2026-04-21T15:09:28.715508Z","/data/local-files/?d=downloads/pitch-pix-699c8975ec6d0833c15a1638-9966-9978.mp4"
673,"1","Knee-down Right","2026-04-21T15:09:34.820929Z",672,5.967,"2026-04-21T15:09:34.820941Z","/data/local-files/?d=downloads/pitch-pix-699c8975ec6d0833c15a1638-9981-9993.mp4"
674,"1","Knee-down Right","2026-04-21T15:09:40.593811Z",673,5.64,"2026-04-21T15:09:40.593833Z","/data/local-files/?d=downloads/pitch-pix-699c8975ec6d0833c15a1638-9996-10012.mp4"
675,"1","Knee-down Right","2026-04-21T15:09:47.353253Z",674,6.612,"2026-04-21T15:09:47.353272Z","/data/local-files/?d=downloads/pitch-pix-699e12bc9b7e074d700eb666-1012-1026.mp4"
676,"1","Knee-down Right","2026-04-21T15:09:58.278465Z",675,10.789,"2026-04-21T15:09:58.278474Z","/data/local-files/?d=downloads/pitch-pix-699e12bc9b7e074d700eb666-1036-1052.mp4"
677,"1","Knee-down Left","2026-04-21T15:10:06.344119Z",676,7.918,"2026-04-21T15:10:06.344130Z","/data/local-files/?d=downloads/pitch-pix-699e12bc9b7e074d700eb666-1072-1085.mp4"
678,"1","Knee-down Left","2026-04-21T15:10:13.181803Z",677,6.69,"2026-04-21T15:10:13.181815Z","/data/local-files/?d=downloads/pitch-pix-699e12bc9b7e074d700eb666-1092-1106.mp4"
679,"1","Knee-down Left","2026-04-21T15:10:21.928636Z",678,8.601,"2026-04-21T15:10:21.928651Z","/data/local-files/?d=downloads/pitch-pix-699e12bc9b7e074d700eb666-1109-1139.mp4"
680,"1","Knee-down Left","2026-04-21T15:10:29.820985Z",679,7.749,"2026-04-21T15:10:29.820998Z","/data/local-files/?d=downloads/pitch-pix-699e12bc9b7e074d700eb666-1146-1159.mp4"
681,"1","Knee-down Left","2026-04-21T15:10:39.878400Z",680,9.92,"2026-04-21T15:10:39.878411Z","/data/local-files/?d=downloads/pitch-pix-699e12bc9b7e074d700eb666-1162-1178.mp4"
682,"1","Knee-down Right","2026-04-21T15:10:45.719664Z",681,5.686,"2026-04-21T15:10:45.719678Z","/data/local-files/?d=downloads/pitch-pix-699e12bc9b7e074d700eb666-1204-1218.mp4"
683,"1","Knee-down Left","2026-04-21T15:10:51.480607Z",682,5.597,"2026-04-21T15:10:51.480619Z","/data/local-files/?d=downloads/pitch-pix-699e12bc9b7e074d700eb666-1744-1757.mp4"
684,"1","Knee-down Left","2026-04-21T15:10:57.991497Z",683,6.374,"2026-04-21T15:10:57.991508Z","/data/local-files/?d=downloads/pitch-pix-699e12bc9b7e074d700eb666-1760-1772.mp4"
685,"1","Knee-down Left","2026-04-21T15:11:05.253118Z",684,7.122,"2026-04-21T15:11:05.253140Z","/data/local-files/?d=downloads/pitch-pix-699e12bc9b7e074d700eb666-1792-1808.mp4"
686,"1","Knee-down Left","2026-04-21T15:11:14.357077Z",685,8.966,"2026-04-21T15:11:14.357091Z","/data/local-files/?d=downloads/pitch-pix-699e12bc9b7e074d700eb666-1812-1829.mp4"
687,"1","Knee-down Right","2026-04-21T15:11:19.219660Z",686,4.712,"2026-04-21T15:11:19.219672Z","/data/local-files/?d=downloads/pitch-pix-699e12bc9b7e074d700eb666-1851-1864.mp4"
688,"1","Knee-down Right","2026-04-21T15:11:26.593868Z",687,7.24,"2026-04-21T15:11:26.593878Z","/data/local-files/?d=downloads/pitch-pix-699e12bc9b7e074d700eb666-1887-1902.mp4"
689,"1","Knee-down Right","2026-04-21T15:11:30.644616Z",688,3.909,"2026-04-21T15:11:30.644657Z","/data/local-files/?d=downloads/pitch-pix-699e12bc9b7e074d700eb666-1950-1969.mp4"
690,"1","Knee-down Right","2026-04-21T15:11:38.418093Z",689,7.624,"2026-04-21T15:11:38.418111Z","/data/local-files/?d=downloads/pitch-pix-699e12bc9b7e074d700eb666-1993-2010.mp4"
691,"1","Knee-down Right","2026-04-21T15:11:44.101180Z",690,5.545,"2026-04-21T15:11:44.101194Z","/data/local-files/?d=downloads/pitch-pix-699e12bc9b7e074d700eb666-2027-2041.mp4"
692,"1","Knee-down Right","2026-04-21T15:11:51.531725Z",691,7.286,"2026-04-21T15:11:51.531740Z","/data/local-files/?d=downloads/pitch-pix-699e12bc9b7e074d700eb666-2046-2059.mp4"
693,"1","Knee-down Right","2026-04-21T15:11:56.716670Z",692,5.039,"2026-04-21T15:11:56.716688Z","/data/local-files/?d=downloads/pitch-pix-699e12bc9b7e074d700eb666-2071-2085.mp4"
694,"1","Bad Video","2026-04-21T15:12:10.083082Z",693,13.222,"2026-04-21T15:12:10.083094Z","/data/local-files/?d=downloads/pitch-pix-699e12bc9b7e074d700eb666-2133-2147.mp4"
695,"1","Knee-down Right","2026-04-21T15:12:18.065829Z",694,7.84,"2026-04-21T15:12:18.065843Z","/data/local-files/?d=downloads/pitch-pix-699e12bc9b7e074d700eb666-2166-2179.mp4"
696,"1","Knee-down Right","2026-04-21T15:12:28.845250Z",695,10.642,"2026-04-21T15:12:28.845262Z","/data/local-files/?d=downloads/pitch-pix-699e12bc9b7e074d700eb666-2236-2249.mp4"
697,"1","Knee-down Right","2026-04-21T15:12:36.412991Z",696,7.426,"2026-04-21T15:12:36.413013Z","/data/local-files/?d=downloads/pitch-pix-699e12bc9b7e074d700eb666-2259-2273.mp4"
698,"1","Knee-down Right","2026-04-21T15:12:42.692758Z",697,6.129,"2026-04-21T15:12:42.692769Z","/data/local-files/?d=downloads/pitch-pix-699e12bc9b7e074d700eb666-2278-2292.mp4"
699,"1","Knee-down Right","2026-04-21T15:12:48.571416Z",698,5.724,"2026-04-21T15:12:48.571430Z","/data/local-files/?d=downloads/pitch-pix-699e12bc9b7e074d700eb666-2298-2311.mp4"
700,"1","Knee-down Right","2026-04-21T15:12:57.714164Z",699,8.997,"2026-04-21T15:12:57.714176Z","/data/local-files/?d=downloads/pitch-pix-699e12bc9b7e074d700eb666-2318-2333.mp4"
701,"1","Knee-down Right","2026-04-21T15:13:02.817718Z",700,4.918,"2026-04-21T15:13:02.817738Z","/data/local-files/?d=downloads/pitch-pix-699e12bc9b7e074d700eb666-2341-2354.mp4"
702,"1","Knee-down Right","2026-04-21T15:13:07.850366Z",701,4.883,"2026-04-21T15:13:07.850376Z","/data/local-files/?d=downloads/pitch-pix-699e12bc9b7e074d700eb666-2371-2384.mp4"
703,"1","Knee-down Right","2026-04-21T15:13:13.100174Z",702,5.103,"2026-04-21T15:13:13.100193Z","/data/local-files/?d=downloads/pitch-pix-699e12bc9b7e074d700eb666-2408-2422.mp4"
704,"1","Knee-down Right","2026-04-21T15:13:20.529973Z",703,7.275,"2026-04-21T15:13:20.529987Z","/data/local-files/?d=downloads/pitch-pix-699e12bc9b7e074d700eb666-2426-2439.mp4"
705,"1","Knee-down Right","2026-04-21T15:13:25.986389Z",704,5.298,"2026-04-21T15:13:25.986405Z","/data/local-files/?d=downloads/pitch-pix-699e12bc9b7e074d700eb666-2445-2458.mp4"
706,"1","Knee-down Right","2026-04-21T15:13:34.490298Z",705,8.363,"2026-04-21T15:13:34.490310Z","/data/local-files/?d=downloads/pitch-pix-699e12bc9b7e074d700eb666-2464-2484.mp4"
707,"1","Knee-down Right","2026-04-21T15:13:46.216308Z",706,11.579,"2026-04-21T15:13:46.216319Z","/data/local-files/?d=downloads/pitch-pix-699e12bc9b7e074d700eb666-2533-2548.mp4"
708,"1","Knee-down Right","2026-04-21T15:13:51.163695Z",707,4.79,"2026-04-21T15:13:51.163705Z","/data/local-files/?d=downloads/pitch-pix-699e12bc9b7e074d700eb666-2557-2571.mp4"
709,"1","Knee-down Right","2026-04-21T15:13:57.069324Z",708,5.773,"2026-04-21T15:13:57.069337Z","/data/local-files/?d=downloads/pitch-pix-699e12bc9b7e074d700eb666-2583-2599.mp4"
710,"1","Knee-down Right","2026-04-21T15:14:02.118321Z",709,4.893,"2026-04-21T15:14:02.118334Z","/data/local-files/?d=downloads/pitch-pix-699e12bc9b7e074d700eb666-2617-2630.mp4"
711,"1","Knee-down Left","2026-04-21T15:14:09.833976Z",710,7.557,"2026-04-21T15:14:09.833988Z","/data/local-files/?d=downloads/pitch-pix-699e12bc9b7e074d700eb666-2985-2998.mp4"
712,"1","Knee-down Left","2026-04-21T15:14:17.661905Z",711,7.676,"2026-04-21T15:14:17.661917Z","/data/local-files/?d=downloads/pitch-pix-699e12bc9b7e074d700eb666-3000-3013.mp4"
713,"1","Knee-down Left","2026-04-21T15:14:27.440586Z",712,9.623,"2026-04-21T15:14:27.440599Z","/data/local-files/?d=downloads/pitch-pix-699e12bc9b7e074d700eb666-3016-3030.mp4"
714,"1","Knee-down Right","2026-04-21T15:14:37.187168Z",713,9.594,"2026-04-21T15:14:37.187183Z","/data/local-files/?d=downloads/pitch-pix-699e12bc9b7e074d700eb666-3033-3047.mp4"
715,"1","Knee-down Right","2026-04-21T15:14:44.237693Z",714,6.904,"2026-04-21T15:14:44.237707Z","/data/local-files/?d=downloads/pitch-pix-699e12bc9b7e074d700eb666-3052-3064.mp4"
716,"1","Knee-down Right","2026-04-21T15:14:52.870345Z",715,8.483,"2026-04-21T15:14:52.870365Z","/data/local-files/?d=downloads/pitch-pix-699e12bc9b7e074d700eb666-3069-3083.mp4"
717,"1","Knee-down Left","2026-04-21T15:15:05.197114Z",716,12.181,"2026-04-21T15:15:05.197128Z","/data/local-files/?d=downloads/pitch-pix-699e12bc9b7e074d700eb666-3096-3115.mp4"
718,"1","Knee-down Left","2026-04-21T15:15:14.529608Z",717,9.184,"2026-04-21T15:15:14.529618Z","/data/local-files/?d=downloads/pitch-pix-699e12bc9b7e074d700eb666-3134-3147.mp4"
719,"1","Knee-down Right","2026-04-21T15:15:22.111679Z",718,7.409,"2026-04-21T15:15:22.111698Z","/data/local-files/?d=downloads/pitch-pix-699e12bc9b7e074d700eb666-3180-3194.mp4"
720,"1","Knee-down Left","2026-04-21T15:15:27.794826Z",719,5.518,"2026-04-21T15:15:27.794839Z","/data/local-files/?d=downloads/pitch-pix-699e12bc9b7e074d700eb666-3196-3210.mp4"
721,"1","Knee-down Right","2026-04-21T15:15:34.009443Z",720,6.065,"2026-04-21T15:15:34.009460Z","/data/local-files/?d=downloads/pitch-pix-699e12bc9b7e074d700eb666-3221-3235.mp4"
722,"1","Knee-down Right","2026-04-21T15:15:40.498465Z",721,6.332,"2026-04-21T15:15:40.498477Z","/data/local-files/?d=downloads/pitch-pix-699e12bc9b7e074d700eb666-3245-3258.mp4"
723,"1","Knee-down Right","2026-04-21T15:15:44.488346Z",722,3.833,"2026-04-21T15:15:44.488360Z","/data/local-files/?d=downloads/pitch-pix-699e12bc9b7e074d700eb666-3733-3745.mp4"
724,"1","Knee-down Right","2026-04-21T15:15:50.078063Z",723,5.38,"2026-04-21T15:15:50.078094Z","/data/local-files/?d=downloads/pitch-pix-699e12bc9b7e074d700eb666-3746-3760.mp4"
725,"1","Knee-down Right","2026-04-21T15:15:56.914986Z",724,6.672,"2026-04-21T15:15:56.915006Z","/data/local-files/?d=downloads/pitch-pix-699e12bc9b7e074d700eb666-3767-3784.mp4"
726,"1","Knee-down Left","2026-04-21T15:16:03.812018Z",725,6.735,"2026-04-21T15:16:03.812033Z","/data/local-files/?d=downloads/pitch-pix-699e12bc9b7e074d700eb666-3823-3836.mp4"
727,"1","Knee-down Left","2026-04-21T15:16:11.227600Z",726,7.263,"2026-04-21T15:16:11.227625Z","/data/local-files/?d=downloads/pitch-pix-699e12bc9b7e074d700eb666-3840-3853.mp4"
728,"1","Knee-down Left","2026-04-21T15:16:19.495402Z",727,8.128,"2026-04-21T15:16:19.495412Z","/data/local-files/?d=downloads/pitch-pix-699e12bc9b7e074d700eb666-3876-3894.mp4"
729,"1","Knee-down Right","2026-04-21T15:16:26.393763Z",728,6.747,"2026-04-21T15:16:26.393778Z","/data/local-files/?d=downloads/pitch-pix-699e12bc9b7e074d700eb666-3915-3928.mp4"
730,"1","Knee-down Right","2026-04-21T15:16:35.022248Z",729,8.446,"2026-04-21T15:16:35.022273Z","/data/local-files/?d=downloads/pitch-pix-699e12bc9b7e074d700eb666-3931-3945.mp4"
731,"1","Knee-down Right","2026-04-21T15:16:43.400681Z",730,8.231,"2026-04-21T15:16:43.400703Z","/data/local-files/?d=downloads/pitch-pix-699e12bc9b7e074d700eb666-3951-3966.mp4"
732,"1","Knee-down Right","2026-04-21T15:16:51.040941Z",731,7.501,"2026-04-21T15:16:51.040951Z","/data/local-files/?d=downloads/pitch-pix-699e12bc9b7e074d700eb666-3972-3986.mp4"
733,"1","Knee-down Right","2026-04-21T15:16:57.873688Z",732,6.691,"2026-04-21T15:16:57.873699Z","/data/local-files/?d=downloads/pitch-pix-699e12bc9b7e074d700eb666-3994-4006.mp4"
734,"1","Knee-down Right","2026-04-21T15:17:05.455538Z",733,7.437,"2026-04-21T15:17:05.455550Z","/data/local-files/?d=downloads/pitch-pix-699e12bc9b7e074d700eb666-4011-4030.mp4"
735,"1","Knee-down Right","2026-04-21T15:17:10.884311Z",734,5.273,"2026-04-21T15:17:10.884322Z","/data/local-files/?d=downloads/pitch-pix-699e12bc9b7e074d700eb666-4067-4080.mp4"
736,"1","Knee-down Right","2026-04-21T15:17:16.256224Z",735,5.209,"2026-04-21T15:17:16.256235Z","/data/local-files/?d=downloads/pitch-pix-699e12bc9b7e074d700eb666-4128-4150.mp4"
737,"1","Knee-down Left","2026-04-21T15:17:23.622774Z",736,7.221,"2026-04-21T15:17:23.622794Z","/data/local-files/?d=downloads/pitch-pix-699e12bc9b7e074d700eb666-6325-6341.mp4"
738,"1","Knee-down Right","2026-04-21T15:17:32.377161Z",737,8.612,"2026-04-21T15:17:32.377184Z","/data/local-files/?d=downloads/pitch-pix-699e12bc9b7e074d700eb666-6359-6371.mp4"
739,"1","Bad Video","2026-04-21T15:18:10.483228Z",738,37.965,"2026-04-21T15:18:10.483237Z","/data/local-files/?d=downloads/pitch-pix-699e12bc9b7e074d700eb666-6376-6390.mp4"
740,"1","Knee-down Right","2026-04-21T15:18:17.870655Z",739,7.2,"2026-04-21T15:18:17.870668Z","/data/local-files/?d=downloads/pitch-pix-699e12bc9b7e074d700eb666-6396-6410.mp4"
741,"1","Knee-down Right","2026-04-21T15:18:24.892685Z",740,6.869,"2026-04-21T15:18:24.892698Z","/data/local-files/?d=downloads/pitch-pix-699e12bc9b7e074d700eb666-6413-6425.mp4"
742,"1","Knee-down Right","2026-04-21T15:18:31.577478Z",741,6.516,"2026-04-21T15:18:31.577499Z","/data/local-files/?d=downloads/pitch-pix-699e12bc9b7e074d700eb666-6432-6446.mp4"
743,"1","Knee-down Right","2026-04-21T15:18:38.185901Z",742,6.455,"2026-04-21T15:18:38.185912Z","/data/local-files/?d=downloads/pitch-pix-699e12bc9b7e074d700eb666-6483-6496.mp4"
744,"1","Knee-down Right","2026-04-21T15:18:44.576187Z",743,6.252,"2026-04-21T15:18:44.576198Z","/data/local-files/?d=downloads/pitch-pix-699e12bc9b7e074d700eb666-6502-6515.mp4"
745,"1","Knee-down Right","2026-04-21T15:18:50.661228Z",744,5.92,"2026-04-21T15:18:50.661241Z","/data/local-files/?d=downloads/pitch-pix-699e12bc9b7e074d700eb666-6520-6534.mp4"
746,"1","Knee-down Right","2026-04-21T15:19:01.014626Z",745,10.185,"2026-04-21T15:19:01.014649Z","/data/local-files/?d=downloads/pitch-pix-699e12bc9b7e074d700eb666-6560-6572.mp4"
747,"1","Knee-down Right","2026-04-21T15:19:05.340550Z",746,4.113,"2026-04-21T15:19:05.340561Z","/data/local-files/?d=downloads/pitch-pix-699e12bc9b7e074d700eb666-6597-6609.mp4"
748,"1","Knee-down Right","2026-04-21T15:19:10.944423Z",747,5.462,"2026-04-21T15:19:10.944436Z","/data/local-files/?d=downloads/pitch-pix-699e12bc9b7e074d700eb666-6614-6633.mp4"
749,"1","Knee-down Left","2026-04-21T15:19:16.940120Z",748,5.841,"2026-04-21T15:19:16.940134Z","/data/local-files/?d=downloads/pitch-pix-699e12bc9b7e074d700eb666-7323-7335.mp4"
750,"1","Knee-down Left","2026-04-21T15:19:24.499991Z",749,7.407,"2026-04-21T15:19:24.500003Z","/data/local-files/?d=downloads/pitch-pix-699e12bc9b7e074d700eb666-7344-7361.mp4"
751,"1","Knee-down Right","2026-04-21T15:19:29.768157Z",750,5.104,"2026-04-21T15:19:29.768171Z","/data/local-files/?d=downloads/pitch-pix-699e12bc9b7e074d700eb666-7383-7396.mp4"
752,"1","Knee-down Right","2026-04-21T15:21:02.970468Z",751,93.044,"2026-04-21T15:21:02.970489Z","/data/local-files/?d=downloads/pitch-pix-699e12bc9b7e074d700eb666-7409-7425.mp4"
753,"1","Knee-down Right","2026-04-21T15:21:10.022466Z",752,6.904,"2026-04-21T15:21:10.022478Z","/data/local-files/?d=downloads/pitch-pix-699e12bc9b7e074d700eb666-7451-7468.mp4"
754,"1","Knee-down Right","2026-04-21T15:21:14.877596Z",753,4.699,"2026-04-21T15:21:14.877606Z","/data/local-files/?d=downloads/pitch-pix-699e12bc9b7e074d700eb666-7493-7506.mp4"
755,"1","Knee-down Right","2026-04-21T15:21:21.771059Z",754,6.743,"2026-04-21T15:21:21.771071Z","/data/local-files/?d=downloads/pitch-pix-699e12bc9b7e074d700eb666-7512-7526.mp4"
756,"1","Knee-down Right","2026-04-21T15:21:27.894748Z",755,5.979,"2026-04-21T15:21:27.894801Z","/data/local-files/?d=downloads/pitch-pix-699e12bc9b7e074d700eb666-7534-7548.mp4"
757,"1","Knee-down Right","2026-04-21T15:21:31.592629Z",756,3.55,"2026-04-21T15:21:31.592641Z","/data/local-files/?d=downloads/pitch-pix-699e12bc9b7e074d700eb666-7579-7596.mp4"
758,"1","Knee-down Right","2026-04-21T15:21:39.720734Z",757,7.953,"2026-04-21T15:21:39.720753Z","/data/local-files/?d=downloads/pitch-pix-699e12bc9b7e074d700eb666-7623-7638.mp4"
759,"1","Knee-down Right","2026-04-21T15:21:44.504390Z",758,4.63,"2026-04-21T15:21:44.504410Z","/data/local-files/?d=downloads/pitch-pix-699e12bc9b7e074d700eb666-7648-7661.mp4"
760,"1","Bad Video","2026-04-21T15:22:16.504755Z",759,31.841,"2026-04-21T15:22:16.504765Z","/data/local-files/?d=downloads/pitch-pix-699e12bc9b7e074d700eb666-7686-7698.mp4"
761,"1","Knee-down Right","2026-04-21T15:22:23.220410Z",760,6.554,"2026-04-21T15:22:23.220425Z","/data/local-files/?d=downloads/pitch-pix-699e12bc9b7e074d700eb666-7838-7853.mp4"
762,"1","Knee-down Right","2026-04-21T15:22:30.267805Z",761,6.882,"2026-04-21T15:22:30.267817Z","/data/local-files/?d=downloads/pitch-pix-699e12bc9b7e074d700eb666-7858-7872.mp4"
763,"1","Knee-down Right","2026-04-21T15:22:33.622834Z",762,3.192,"2026-04-21T15:22:33.622846Z","/data/local-files/?d=downloads/pitch-pix-699e12bc9b7e074d700eb666-7880-7916.mp4"
764,"1","Knee-down Left","2026-04-21T15:22:41.444676Z",763,7.68,"2026-04-21T15:22:41.444690Z","/data/local-files/?d=downloads/pitch-pix-699e12bc9b7e074d700eb666-7954-7969.mp4"
765,"1","Knee-down Left","2026-04-21T19:06:38.797833Z",764,58.45,"2026-04-21T19:06:38.797850Z","/data/local-files/?d=downloads/pitch-pix-699e12bc9b7e074d700eb666-7974-7988.mp4"
766,"1","Knee-down Right","2026-04-21T19:06:44.359009Z",765,5.377,"2026-04-21T19:06:44.359028Z","/data/local-files/?d=downloads/pitch-pix-699e12bc9b7e074d700eb666-7994-8012.mp4"
767,"1","Knee-down Right","2026-04-21T19:06:49.355724Z",766,4.834,"2026-04-21T19:06:49.355743Z","/data/local-files/?d=downloads/pitch-pix-699e12bc9b7e074d700eb666-8442-8454.mp4"
768,"1","Knee-down Right","2026-04-21T19:06:54.313629Z",767,4.79,"2026-04-21T19:06:54.313647Z","/data/local-files/?d=downloads/pitch-pix-699e12bc9b7e074d700eb666-8457-8474.mp4"
769,"1","Knee-down Left","2026-04-21T19:06:59.484302Z",768,4.987,"2026-04-21T19:06:59.484333Z","/data/local-files/?d=downloads/pitch-pix-699e12bc9b7e074d700eb666-8490-8501.mp4"
770,"1","Knee-down Left","2026-04-21T19:07:20.259904Z",769,20.601,"2026-04-21T19:07:20.259920Z","/data/local-files/?d=downloads/pitch-pix-699e12bc9b7e074d700eb666-8519-8532.mp4"
771,"1","Knee-down Left","2026-04-21T19:07:27.070890Z",770,6.631,"2026-04-21T19:07:27.070909Z","/data/local-files/?d=downloads/pitch-pix-699e12bc9b7e074d700eb666-8536-8549.mp4"
772,"1","Knee-down Right","2026-04-21T19:07:33.317192Z",771,6.078,"2026-04-21T19:07:33.317211Z","/data/local-files/?d=downloads/pitch-pix-699e12bc9b7e074d700eb666-8554-8571.mp4"
773,"1","Knee-down Right","2026-04-21T19:08:10.860563Z",772,37.366,"2026-04-21T19:08:10.860582Z","/data/local-files/?d=downloads/pitch-pix-699e12bc9b7e074d700eb666-8608-8622.mp4"
774,"1","Knee-down Right","2026-04-21T19:08:17.079044Z",773,6.052,"2026-04-21T19:08:17.079060Z","/data/local-files/?d=downloads/pitch-pix-699e12bc9b7e074d700eb666-8625-8641.mp4"
775,"1","Knee-down Right","2026-04-21T19:08:24.260850Z",774,7.018,"2026-04-21T19:08:24.260867Z","/data/local-files/?d=downloads/pitch-pix-699e12bc9b7e074d700eb666-8647-8660.mp4"
776,"1","Knee-down Right","2026-04-21T19:08:35.997726Z",775,11.544,"2026-04-21T19:08:35.997741Z","/data/local-files/?d=downloads/pitch-pix-699e12bc9b7e074d700eb666-8664-8679.mp4"
777,"1","Knee-down Right","2026-04-21T19:08:41.363223Z",776,5.178,"2026-04-21T19:08:41.363243Z","/data/local-files/?d=downloads/pitch-pix-699e12bc9b7e074d700eb666-8688-8700.mp4"
778,"1","Knee-down Right","2026-04-21T19:08:46.883745Z",777,5.361,"2026-04-21T19:08:46.883761Z","/data/local-files/?d=downloads/pitch-pix-699e12bc9b7e074d700eb666-8704-8717.mp4"
779,"1","Knee-down Right","2026-04-21T19:08:54.926480Z",778,7.872,"2026-04-21T19:08:54.926498Z","/data/local-files/?d=downloads/pitch-pix-699e12bc9b7e074d700eb666-8750-8767.mp4"
780,"1","Knee-down Left","2026-04-21T19:09:02.146626Z",779,7.051,"2026-04-21T19:09:02.146647Z","/data/local-files/?d=downloads/pitch-pix-699e12bc9b7e074d700eb666-938-950.mp4"
781,"1","Knee-down Left","2026-04-21T19:09:09.886497Z",780,7.584,"2026-04-21T19:09:09.886512Z","/data/local-files/?d=downloads/pitch-pix-699e12bc9b7e074d700eb666-955-967.mp4"
782,"1","Knee-down Left","2026-04-21T19:09:17.465176Z",781,7.407,"2026-04-21T19:09:17.465196Z","/data/local-files/?d=downloads/pitch-pix-699e12bc9b7e074d700eb666-969-982.mp4"
783,"1","Knee-down Right","2026-04-21T19:09:27.510612Z",782,9.865,"2026-04-21T19:09:27.510633Z","/data/local-files/?d=downloads/pitch-pix-699e12bc9b7e074d700eb666-986-1001.mp4"
784,"1","Knee-down Left","2026-04-21T19:09:43.602389Z",783,15.917,"2026-04-21T19:09:43.602406Z","/data/local-files/?d=downloads/pitch-pix-699f2bea5f8bc5521e2a71d6-10015-10024.mp4"
785,"1","Knee-down Left","2026-04-21T19:09:48.914054Z",784,5.13,"2026-04-21T19:09:48.914075Z","/data/local-files/?d=downloads/pitch-pix-699f2bea5f8bc5521e2a71d6-10027-10037.mp4"
786,"1","Knee-down Left","2026-04-21T19:09:55.699236Z",785,6.6,"2026-04-21T19:09:55.699254Z","/data/local-files/?d=downloads/pitch-pix-699f2bea5f8bc5521e2a71d6-10039-10073.mp4"
787,"1","Knee-down Left","2026-04-21T19:10:02.913593Z",786,7.042,"2026-04-21T19:10:02.913611Z","/data/local-files/?d=downloads/pitch-pix-699f2bea5f8bc5521e2a71d6-10102-10115.mp4"
788,"1","Knee-down Left","2026-04-21T19:10:09.763732Z",787,6.666,"2026-04-21T19:10:09.763751Z","/data/local-files/?d=downloads/pitch-pix-699f2bea5f8bc5521e2a71d6-10118-10131.mp4"
789,"1","Knee-down Left","2026-04-21T19:10:13.727377Z",788,3.799,"2026-04-21T19:10:13.727395Z","/data/local-files/?d=downloads/pitch-pix-699f2bea5f8bc5521e2a71d6-10137-10153.mp4"
790,"1","Knee-down Left","2026-04-21T19:10:19.588991Z",789,5.705,"2026-04-21T19:10:19.589009Z","/data/local-files/?d=downloads/pitch-pix-699f2bea5f8bc5521e2a71d6-10178-10193.mp4"
791,"1","Knee-down Left","2026-04-21T19:10:23.352947Z",790,3.598,"2026-04-21T19:10:23.352969Z","/data/local-files/?d=downloads/pitch-pix-699f2bea5f8bc5521e2a71d6-1213-1221.mp4"
792,"1","Knee-down Left","2026-04-21T19:10:27.654688Z",791,4.125,"2026-04-21T19:10:27.654707Z","/data/local-files/?d=downloads/pitch-pix-699f2bea5f8bc5521e2a71d6-1224-1232.mp4"
793,"1","Knee-down Left","2026-04-21T19:10:34.188267Z",792,6.358,"2026-04-21T19:10:34.188284Z","/data/local-files/?d=downloads/pitch-pix-699f2bea5f8bc5521e2a71d6-1241-1251.mp4"
794,"1","Knee-down Left","2026-04-21T19:10:37.608923Z",793,3.245,"2026-04-21T19:10:37.608943Z","/data/local-files/?d=downloads/pitch-pix-699f2bea5f8bc5521e2a71d6-1257-1265.mp4"
795,"1","Knee-down Left","2026-04-21T19:10:44.274898Z",794,6.481,"2026-04-21T19:10:44.274915Z","/data/local-files/?d=downloads/pitch-pix-699f2bea5f8bc5521e2a71d6-1315-1325.mp4"
796,"1","Knee-down Left","2026-04-21T19:10:50.027878Z",795,5.589,"2026-04-21T19:10:50.027893Z","/data/local-files/?d=downloads/pitch-pix-699f2bea5f8bc5521e2a71d6-1339-1354.mp4"
797,"1","Knee-down Left","2026-04-21T19:10:57.905133Z",796,7.704,"2026-04-21T19:10:57.905151Z","/data/local-files/?d=downloads/pitch-pix-699f2bea5f8bc5521e2a71d6-1393-1406.mp4"
798,"1","Knee-down Left","2026-04-21T19:11:04.062504Z",797,5.999,"2026-04-21T19:11:04.062523Z","/data/local-files/?d=downloads/pitch-pix-699f2bea5f8bc5521e2a71d6-1412-1422.mp4"
799,"1","Knee-down Left","2026-04-21T19:11:09.236364Z",798,5.01,"2026-04-21T19:11:09.236383Z","/data/local-files/?d=downloads/pitch-pix-699f2bea5f8bc5521e2a71d6-1429-1439.mp4"
800,"1","Knee-down Left","2026-04-21T19:11:13.294957Z",799,3.89,"2026-04-21T19:11:13.294974Z","/data/local-files/?d=downloads/pitch-pix-699f2bea5f8bc5521e2a71d6-1446-1457.mp4"
801,"1","Knee-down Left","2026-04-21T19:11:20.249650Z",800,6.762,"2026-04-21T19:11:20.249665Z","/data/local-files/?d=downloads/pitch-pix-699f2bea5f8bc5521e2a71d6-1472-1488.mp4"
802,"1","Knee-down Left","2026-04-21T19:11:25.973336Z",801,5.556,"2026-04-21T19:11:25.973353Z","/data/local-files/?d=downloads/pitch-pix-699f2bea5f8bc5521e2a71d6-1488-1498.mp4"
803,"1","Knee-down Left","2026-04-21T19:11:34.105307Z",802,7.951,"2026-04-21T19:11:34.105327Z","/data/local-files/?d=downloads/pitch-pix-699f2bea5f8bc5521e2a71d6-1506-1519.mp4"
804,"1","Knee-down Left","2026-04-21T19:11:38.920694Z",803,4.637,"2026-04-21T19:11:38.920711Z","/data/local-files/?d=downloads/pitch-pix-699f2bea5f8bc5521e2a71d6-1544-1552.mp4"
805,"1","Knee-down Left","2026-04-21T19:11:46.272587Z",804,7.178,"2026-04-21T19:11:46.272607Z","/data/local-files/?d=downloads/pitch-pix-699f2bea5f8bc5521e2a71d6-1561-1574.mp4"
806,"1","Knee-down Right","2026-04-21T19:11:50.321751Z",805,3.861,"2026-04-21T19:11:50.321773Z","/data/local-files/?d=downloads/pitch-pix-699f2bea5f8bc5521e2a71d6-2087-2095.mp4"
807,"1","Knee-down Left","2026-04-21T19:11:57.991081Z",806,7.505,"2026-04-21T19:11:57.991096Z","/data/local-files/?d=downloads/pitch-pix-699f2bea5f8bc5521e2a71d6-2120-2130.mp4"
808,"1","Knee-down Left","2026-04-21T19:12:03.237933Z",807,5.071,"2026-04-21T19:12:03.237956Z","/data/local-files/?d=downloads/pitch-pix-699f2bea5f8bc5521e2a71d6-2137-2147.mp4"
809,"1","Knee-down Left","2026-04-21T19:12:09.505562Z",808,6.093,"2026-04-21T19:12:09.505580Z","/data/local-files/?d=downloads/pitch-pix-699f2bea5f8bc5521e2a71d6-2159-2176.mp4"
810,"1","Knee-down Left","2026-04-21T19:12:14.786326Z",809,5.11,"2026-04-21T19:12:14.786345Z","/data/local-files/?d=downloads/pitch-pix-699f2bea5f8bc5521e2a71d6-2190-2200.mp4"
811,"1","Knee-down Left","2026-04-21T19:12:17.754708Z",810,2.799,"2026-04-21T19:12:17.754724Z","/data/local-files/?d=downloads/pitch-pix-699f2bea5f8bc5521e2a71d6-2205-2219.mp4"
812,"1","Knee-down Left","2026-04-21T19:12:21.683290Z",811,3.77,"2026-04-21T19:12:21.683308Z","/data/local-files/?d=downloads/pitch-pix-699f2bea5f8bc5521e2a71d6-2234-2241.mp4"
813,"1","Knee-down Left","2026-04-21T19:12:23.898197Z",812,2.038,"2026-04-21T19:12:23.898215Z","/data/local-files/?d=downloads/pitch-pix-699f2bea5f8bc5521e2a71d6-2247-2260.mp4"
814,"1","Knee-down Left","2026-04-21T19:12:30.442008Z",813,6.375,"2026-04-21T19:12:30.442024Z","/data/local-files/?d=downloads/pitch-pix-699f2bea5f8bc5521e2a71d6-427-437.mp4"
815,"1","Knee-down Left","2026-04-21T19:12:34.377550Z",814,3.763,"2026-04-21T19:12:34.377569Z","/data/local-files/?d=downloads/pitch-pix-699f2bea5f8bc5521e2a71d6-445-455.mp4"
816,"1","Knee-down Left","2026-04-21T19:12:40.149041Z",815,5.591,"2026-04-21T19:12:40.149059Z","/data/local-files/?d=downloads/pitch-pix-699f2bea5f8bc5521e2a71d6-465-479.mp4"
817,"1","Bad Video","2026-04-21T19:12:47.509512Z",816,7.186,"2026-04-21T19:12:47.509530Z","/data/local-files/?d=downloads/pitch-pix-699f2bea5f8bc5521e2a71d6-4915-4927.mp4"
818,"1","Knee-down Left","2026-04-21T19:12:52.024001Z",817,4.329,"2026-04-21T19:12:52.024017Z","/data/local-files/?d=downloads/pitch-pix-699f2bea5f8bc5521e2a71d6-492-504.mp4"
819,"1","Knee-down Right","2026-04-21T19:12:58.720836Z",818,6.505,"2026-04-21T19:12:58.720858Z","/data/local-files/?d=downloads/pitch-pix-699f2bea5f8bc5521e2a71d6-4926-4937.mp4"
820,"1","Knee-down Left","2026-04-21T19:13:05.725981Z",819,6.84,"2026-04-21T19:13:05.725996Z","/data/local-files/?d=downloads/pitch-pix-699f2bea5f8bc5521e2a71d6-4956-4971.mp4"
821,"1","Knee-down Right","2026-04-21T19:13:12.360748Z",820,6.451,"2026-04-21T19:13:12.360769Z","/data/local-files/?d=downloads/pitch-pix-699f2bea5f8bc5521e2a71d6-4980-4992.mp4"
822,"1","Bad Video","2026-04-21T19:13:21.196445Z",821,8.672,"2026-04-21T19:13:21.196462Z","/data/local-files/?d=downloads/pitch-pix-699f2bea5f8bc5521e2a71d6-4992-5014.mp4"
823,"1","Knee-down Left","2026-04-21T19:13:26.793469Z",822,14.511,"2026-04-21T19:16:54.304521Z","/data/local-files/?d=downloads/pitch-pix-699f2bea5f8bc5521e2a71d6-5035-5044.mp4"
824,"1","Knee-down Left","2026-04-21T19:13:34.864331Z",823,17.748,"2026-04-21T19:17:17.507874Z","/data/local-files/?d=downloads/pitch-pix-699f2bea5f8bc5521e2a71d6-5051-5063.mp4"
825,"1","Knee-down Left","2026-04-21T19:13:47.736554Z",824,20.925,"2026-04-21T19:17:30.634288Z","/data/local-files/?d=downloads/pitch-pix-699f2bea5f8bc5521e2a71d6-5071-5081.mp4"
826,"1","Knee-down Left","2026-04-21T19:14:20.027816Z",825,42.254999999999995,"2026-04-21T19:17:43.481864Z","/data/local-files/?d=downloads/pitch-pix-699f2bea5f8bc5521e2a71d6-508-518.mp4"
827,"1","Knee-down Left","2026-04-21T19:14:26.224338Z",826,14.665000000000001,"2026-04-21T19:17:53.657539Z","/data/local-files/?d=downloads/pitch-pix-699f2bea5f8bc5521e2a71d6-5116-5131.mp4"
828,"1","Knee-down Left","2026-04-21T19:14:34.512831Z",827,48.696,"2026-04-21T19:18:36.080274Z","/data/local-files/?d=downloads/pitch-pix-699f2bea5f8bc5521e2a71d6-5313-5325.mp4"
829,"1","Knee-down Left","2026-04-21T19:14:40.209216Z",828,10.596,"2026-04-21T19:18:42.879248Z","/data/local-files/?d=downloads/pitch-pix-699f2bea5f8bc5521e2a71d6-5356-5363.mp4"
830,"1","Knee-down Left","2026-04-21T19:14:47.663332Z",829,15.748,"2026-04-21T19:18:53.293923Z","/data/local-files/?d=downloads/pitch-pix-699f2bea5f8bc5521e2a71d6-5375-5394.mp4"
831,"1","Knee-down Left","2026-04-21T19:14:53.562390Z",830,12.786999999999999,"2026-04-21T19:19:02.057675Z","/data/local-files/?d=downloads/pitch-pix-699f2bea5f8bc5521e2a71d6-544-559.mp4"
832,"1","Squat","2026-04-21T19:15:11.914918Z",831,18.197,"2026-04-21T19:15:11.914936Z","/data/local-files/?d=downloads/pitch-pix-699f2bea5f8bc5521e2a71d6-5455-5466.mp4"
833,"1","Knee-down Left","2026-04-21T19:15:20.394148Z",832,17.294,"2026-04-21T19:19:20.723499Z","/data/local-files/?d=downloads/pitch-pix-699f2bea5f8bc5521e2a71d6-5474-5486.mp4"
834,"1","Knee-down Left","2026-04-21T19:15:27.853648Z",833,14.795,"2026-04-21T19:19:30.229807Z","/data/local-files/?d=downloads/pitch-pix-699f2bea5f8bc5521e2a71d6-5524-5535.mp4"
835,"1","Knee-down Left","2026-04-21T19:15:35.042245Z",834,15.536000000000001,"2026-04-21T19:15:53.054223Z","/data/local-files/?d=downloads/pitch-pix-699f2bea5f8bc5521e2a71d6-5543-5554.mp4"
836,"1","Knee-down Left","2026-04-21T19:20:13.512274Z",835,6.726,"2026-04-21T19:20:13.512294Z","/data/local-files/?d=downloads/pitch-pix-699f2bea5f8bc5521e2a71d6-5569-5581.mp4"
837,"1","Knee-down Left","2026-04-21T19:20:20.422483Z",836,6.74,"2026-04-21T19:20:20.422498Z","/data/local-files/?d=downloads/pitch-pix-699f2bea5f8bc5521e2a71d6-5612-5626.mp4"
838,"1","Knee-down Left","2026-04-21T19:20:25.475584Z",837,4.865,"2026-04-21T19:20:25.475605Z","/data/local-files/?d=downloads/pitch-pix-699f2bea5f8bc5521e2a71d6-5649-5658.mp4"
839,"1","Squat","2026-04-21T19:21:20.125711Z",838,54.454,"2026-04-21T19:21:20.125727Z","/data/local-files/?d=downloads/pitch-pix-699f2bea5f8bc5521e2a71d6-5666-5675.mp4"
840,"1","Squat","2026-04-21T19:21:25.939371Z",839,5.635,"2026-04-21T19:21:25.939388Z","/data/local-files/?d=downloads/pitch-pix-699f2bea5f8bc5521e2a71d6-5685-5697.mp4"
841,"1","Knee-down Left","2026-04-21T19:21:31.804182Z",840,5.678,"2026-04-21T19:21:31.804200Z","/data/local-files/?d=downloads/pitch-pix-699f2bea5f8bc5521e2a71d6-569-578.mp4"
842,"1","Knee-down Left","2026-04-21T19:21:37.736129Z",841,5.756,"2026-04-21T19:21:37.736146Z","/data/local-files/?d=downloads/pitch-pix-699f2bea5f8bc5521e2a71d6-5705-5717.mp4"
843,"1","Knee-down Left","2026-04-21T19:21:45.027245Z",842,7.128,"2026-04-21T19:21:45.027263Z","/data/local-files/?d=downloads/pitch-pix-699f2bea5f8bc5521e2a71d6-5724-5747.mp4"
844,"1","Knee-down Left","2026-04-21T19:21:52.695002Z",843,7.499,"2026-04-21T19:21:52.695019Z","/data/local-files/?d=downloads/pitch-pix-699f2bea5f8bc5521e2a71d6-5782-5795.mp4"
845,"1","Knee-down Left","2026-04-21T19:21:59.924649Z",844,7.055,"2026-04-21T19:21:59.924668Z","/data/local-files/?d=downloads/pitch-pix-699f2bea5f8bc5521e2a71d6-5802-5820.mp4"
846,"1","Knee-down Left","2026-04-21T19:22:02.618933Z",845,2.507,"2026-04-21T19:22:02.618958Z","/data/local-files/?d=downloads/pitch-pix-699f2bea5f8bc5521e2a71d6-584-593.mp4"
847,"1","Knee-down Left","2026-04-21T19:22:07.991058Z",846,5.189,"2026-04-21T19:22:07.991074Z","/data/local-files/?d=downloads/pitch-pix-699f2bea5f8bc5521e2a71d6-600-609.mp4"
848,"1","Knee-down Left","2026-04-21T19:22:13.010553Z",847,4.845,"2026-04-21T19:22:13.010574Z","/data/local-files/?d=downloads/pitch-pix-699f2bea5f8bc5521e2a71d6-615-624.mp4"
849,"1","Knee-down Left","2026-04-21T19:22:17.560166Z",848,4.378,"2026-04-21T19:22:17.560183Z","/data/local-files/?d=downloads/pitch-pix-699f2bea5f8bc5521e2a71d6-6555-6565.mp4"
850,"1","Knee-down Left","2026-04-21T19:22:22.639006Z",849,4.894,"2026-04-21T19:22:22.639023Z","/data/local-files/?d=downloads/pitch-pix-699f2bea5f8bc5521e2a71d6-6573-6584.mp4"
851,"1","Knee-down Left","2026-04-21T19:22:27.512221Z",850,4.686,"2026-04-21T19:22:27.512236Z","/data/local-files/?d=downloads/pitch-pix-699f2bea5f8bc5521e2a71d6-6591-6605.mp4"
852,"1","Knee-down Left","2026-04-21T19:22:31.346109Z",851,3.665,"2026-04-21T19:22:31.346126Z","/data/local-files/?d=downloads/pitch-pix-699f2bea5f8bc5521e2a71d6-6623-6635.mp4"
853,"1","Knee-down Left","2026-04-21T19:22:36.532839Z",852,5.004,"2026-04-21T19:22:36.532859Z","/data/local-files/?d=downloads/pitch-pix-699f2bea5f8bc5521e2a71d6-664-674.mp4"
854,"1","Knee-down Left","2026-04-21T19:22:40.370617Z",853,3.65,"2026-04-21T19:22:40.370632Z","/data/local-files/?d=downloads/pitch-pix-699f2bea5f8bc5521e2a71d6-6644-6654.mp4"
855,"1","Knee-down Left","2026-04-21T19:22:43.852776Z",854,3.295,"2026-04-21T19:22:43.852792Z","/data/local-files/?d=downloads/pitch-pix-699f2bea5f8bc5521e2a71d6-6659-6669.mp4"
856,"1","Knee-down Left","2026-04-21T19:22:47.819325Z",855,3.78,"2026-04-21T19:22:47.819342Z","/data/local-files/?d=downloads/pitch-pix-699f2bea5f8bc5521e2a71d6-6674-6686.mp4"
857,"1","Knee-down Left","2026-04-21T19:22:51.952044Z",856,3.944,"2026-04-21T19:22:51.952065Z","/data/local-files/?d=downloads/pitch-pix-699f2bea5f8bc5521e2a71d6-6699-6710.mp4"
858,"1","Knee-down Left","2026-04-21T19:22:56.875494Z",857,4.739,"2026-04-21T19:22:56.875511Z","/data/local-files/?d=downloads/pitch-pix-699f2bea5f8bc5521e2a71d6-6717-6728.mp4"
859,"1","Knee-down Left","2026-04-21T19:23:02.845204Z",858,5.779,"2026-04-21T19:23:02.845222Z","/data/local-files/?d=downloads/pitch-pix-699f2bea5f8bc5521e2a71d6-6746-6759.mp4"
860,"1","Knee-down Left","2026-04-21T19:23:06.790760Z",859,3.761,"2026-04-21T19:23:06.790783Z","/data/local-files/?d=downloads/pitch-pix-699f2bea5f8bc5521e2a71d6-6774-6784.mp4"
861,"1","Knee-down Left","2026-04-21T19:23:10.936507Z",860,3.962,"2026-04-21T19:23:10.936525Z","/data/local-files/?d=downloads/pitch-pix-699f2bea5f8bc5521e2a71d6-6809-6821.mp4"
862,"1","Knee-down Left","2026-04-21T19:23:16.801092Z",861,5.696,"2026-04-21T19:23:16.801106Z","/data/local-files/?d=downloads/pitch-pix-699f2bea5f8bc5521e2a71d6-6829-6839.mp4"
863,"1","Knee-down Left","2026-04-21T19:23:24.124030Z",862,7.163,"2026-04-21T19:23:24.124044Z","/data/local-files/?d=downloads/pitch-pix-699f2bea5f8bc5521e2a71d6-6853-6867.mp4"
864,"1","Knee-down Left","2026-04-21T19:23:28.585858Z",863,4.278,"2026-04-21T19:23:28.585877Z","/data/local-files/?d=downloads/pitch-pix-699f2bea5f8bc5521e2a71d6-6884-6898.mp4"
865,"1","Knee-down Left","2026-04-21T19:23:31.368151Z",864,2.602,"2026-04-21T19:23:31.368171Z","/data/local-files/?d=downloads/pitch-pix-699f2bea5f8bc5521e2a71d6-7829-7838.mp4"
866,"1","Knee-down Left","2026-04-21T19:23:34.859086Z",865,3.313,"2026-04-21T19:23:34.859100Z","/data/local-files/?d=downloads/pitch-pix-699f2bea5f8bc5521e2a71d6-7845-7855.mp4"
867,"1","Knee-down Left","2026-04-21T19:23:38.671620Z",866,3.624,"2026-04-21T19:23:38.671639Z","/data/local-files/?d=downloads/pitch-pix-699f2bea5f8bc5521e2a71d6-7860-7871.mp4"
868,"1","Knee-down Left","2026-04-21T19:23:41.700774Z",867,2.827,"2026-04-21T19:23:41.700797Z","/data/local-files/?d=downloads/pitch-pix-699f2bea5f8bc5521e2a71d6-7876-7891.mp4"
869,"1","Knee-down Left","2026-04-21T19:23:44.626463Z",868,2.737,"2026-04-21T19:23:44.626486Z","/data/local-files/?d=downloads/pitch-pix-699f2bea5f8bc5521e2a71d6-7912-7924.mp4"
870,"1","Knee-down Left","2026-04-21T19:23:46.776650Z",869,1.97,"2026-04-21T19:23:46.776668Z","/data/local-files/?d=downloads/pitch-pix-699f2bea5f8bc5521e2a71d6-7930-7938.mp4"
871,"1","Knee-down Left","2026-04-21T19:23:52.759066Z",870,5.798,"2026-04-21T19:23:52.759082Z","/data/local-files/?d=downloads/pitch-pix-699f2bea5f8bc5521e2a71d6-7944-7955.mp4"
872,"1","Knee-down Left","2026-04-21T19:23:56.086892Z",871,3.135,"2026-04-21T19:23:56.086911Z","/data/local-files/?d=downloads/pitch-pix-699f2bea5f8bc5521e2a71d6-7963-7975.mp4"
873,"1","Knee-down Left","2026-04-21T19:24:02.427885Z",872,6.164,"2026-04-21T19:24:02.427903Z","/data/local-files/?d=downloads/pitch-pix-699f2bea5f8bc5521e2a71d6-7979-8000.mp4"
874,"1","Knee-down Left","2026-04-21T19:24:10.323741Z",873,7.716,"2026-04-21T19:24:10.323756Z","/data/local-files/?d=downloads/pitch-pix-699f2bea5f8bc5521e2a71d6-8009-8022.mp4"
875,"1","Knee-down Left","2026-04-21T19:24:19.017096Z",874,8.481,"2026-04-21T19:24:19.017117Z","/data/local-files/?d=downloads/pitch-pix-699f2bea5f8bc5521e2a71d6-8078-8090.mp4"
876,"1","Knee-down Left","2026-04-21T19:24:42.988184Z",875,23.788,"2026-04-21T19:24:42.988203Z","/data/local-files/?d=downloads/pitch-pix-699f2bea5f8bc5521e2a71d6-8095-8111.mp4"
877,"1","Knee-down Left","2026-04-21T19:24:53.140665Z",876,9.97,"2026-04-21T19:24:53.140682Z","/data/local-files/?d=downloads/pitch-pix-699f2bea5f8bc5521e2a71d6-8137-8147.mp4"
878,"1","Knee-down Left","2026-04-21T19:24:59.603347Z",877,6.264,"2026-04-21T19:24:59.603364Z","/data/local-files/?d=downloads/pitch-pix-699f2bea5f8bc5521e2a71d6-8158-8170.mp4"
879,"1","Bad Video","2026-04-21T19:25:07.416025Z",878,7.622,"2026-04-21T19:25:07.416046Z","/data/local-files/?d=downloads/pitch-pix-699f2bea5f8bc5521e2a71d6-8221-8231.mp4"
880,"1","Squat","2026-04-21T19:25:27.900867Z",879,20.31,"2026-04-21T19:25:27.900888Z","/data/local-files/?d=downloads/pitch-pix-699f2bea5f8bc5521e2a71d6-8235-8255.mp4"
881,"1","Bad Video","2026-04-21T19:25:37.983231Z",880,9.728,"2026-04-21T19:25:37.983245Z","/data/local-files/?d=downloads/pitch-pix-699f2bea5f8bc5521e2a71d6-8312-8326.mp4"
882,"1","Knee-down Left","2026-04-21T19:25:44.328473Z",881,6.145,"2026-04-21T19:25:44.328491Z","/data/local-files/?d=downloads/pitch-pix-699f2bea5f8bc5521e2a71d6-8340-8351.mp4"
883,"1","Knee-down Left","2026-04-21T19:25:50.399330Z",882,5.902,"2026-04-21T19:25:50.399352Z","/data/local-files/?d=downloads/pitch-pix-699f2bea5f8bc5521e2a71d6-8408-8422.mp4"
884,"1","Knee-down Left","2026-04-21T19:25:55.690710Z",883,5.121,"2026-04-21T19:25:55.690726Z","/data/local-files/?d=downloads/pitch-pix-699f2bea5f8bc5521e2a71d6-9006-9017.mp4"
885,"1","Knee-down Left","2026-04-21T19:26:02.388258Z",884,6.515,"2026-04-21T19:26:02.388281Z","/data/local-files/?d=downloads/pitch-pix-699f2bea5f8bc5521e2a71d6-9022-9035.mp4"
886,"1","Knee-down Left","2026-04-21T19:26:05.284830Z",885,2.694,"2026-04-21T19:26:05.284849Z","/data/local-files/?d=downloads/pitch-pix-699f2bea5f8bc5521e2a71d6-9042-9053.mp4"
887,"1","Knee-down Left","2026-04-21T19:27:17.550096Z",886,72.095,"2026-04-21T19:27:17.550113Z","/data/local-files/?d=downloads/pitch-pix-699f2bea5f8bc5521e2a71d6-9060-9072.mp4"
888,"1","Knee-down Left","2026-04-21T19:27:21.712043Z",887,3.969,"2026-04-21T19:27:21.712062Z","/data/local-files/?d=downloads/pitch-pix-699f2bea5f8bc5521e2a71d6-9082-9093.mp4"
889,"1","Knee-down Left","2026-04-21T19:27:26.742301Z",888,4.856,"2026-04-21T19:27:26.742317Z","/data/local-files/?d=downloads/pitch-pix-699f2bea5f8bc5521e2a71d6-9102-9114.mp4"
890,"1","Knee-down Left","2026-04-21T19:27:33.036867Z",889,6.117,"2026-04-21T19:27:33.036886Z","/data/local-files/?d=downloads/pitch-pix-699f2bea5f8bc5521e2a71d6-9133-9145.mp4"
891,"1","Knee-down Left","2026-04-21T19:27:35.770347Z",890,2.545,"2026-04-21T19:27:35.770364Z","/data/local-files/?d=downloads/pitch-pix-699f2bea5f8bc5521e2a71d6-9152-9169.mp4"
892,"1","Knee-down Right","2026-04-21T19:27:42.488195Z",891,6.553,"2026-04-21T19:27:42.488211Z","/data/local-files/?d=downloads/pitch-pix-699f2bea5f8bc5521e2a71d6-9187-9197.mp4"
893,"1","Knee-down Right","2026-04-21T19:28:02.768756Z",892,7.441,"2026-04-21T19:28:02.768777Z","/data/local-files/?d=downloads/pitch-pix-699f2bea5f8bc5521e2a71d6-9202-9214.mp4"
894,"1","Knee-down Right","2026-04-21T19:28:04.824793Z",893,1.869,"2026-04-21T19:28:04.824812Z","/data/local-files/?d=downloads/pitch-pix-699f2bea5f8bc5521e2a71d6-9221-9232.mp4"
895,"1","Knee-down Right","2026-04-21T19:28:06.810387Z",894,1.803,"2026-04-21T19:28:06.810405Z","/data/local-files/?d=downloads/pitch-pix-699f2bea5f8bc5521e2a71d6-9239-9251.mp4"
896,"1","Knee-down Left","2026-04-21T19:28:28.224409Z",895,21.235,"2026-04-21T19:28:28.224423Z","/data/local-files/?d=downloads/pitch-pix-699f2bea5f8bc5521e2a71d6-9908-9920.mp4"
897,"1","Knee-down Left","2026-04-21T19:28:31.065501Z",896,2.67,"2026-04-21T19:28:31.065516Z","/data/local-files/?d=downloads/pitch-pix-699f2bea5f8bc5521e2a71d6-9927-9937.mp4"
898,"1","Knee-down Left","2026-04-21T19:28:33.616576Z",897,2.381,"2026-04-21T19:28:33.616596Z","/data/local-files/?d=downloads/pitch-pix-699f2bea5f8bc5521e2a71d6-9941-9951.mp4"
899,"1","Knee-down Left","2026-04-21T19:28:35.260412Z",898,1.471,"2026-04-21T19:28:35.260431Z","/data/local-files/?d=downloads/pitch-pix-699f2bea5f8bc5521e2a71d6-9958-9969.mp4"
900,"1","Knee-down Left","2026-04-21T19:28:39.681862Z",899,4.251,"2026-04-21T19:28:39.681882Z","/data/local-files/?d=downloads/pitch-pix-699f2bea5f8bc5521e2a71d6-9981-10001.mp4"
901,"1","Knee-down Right","2026-04-21T19:28:44.375764Z",900,4.507,"2026-04-21T19:28:44.375781Z","/data/local-files/?d=downloads/pitch-pix-69a320ddd73355169901af57-1157-1169.mp4"
902,"1","Knee-down Right","2026-04-21T19:28:48.387772Z",901,3.823,"2026-04-21T19:28:48.387789Z","/data/local-files/?d=downloads/pitch-pix-69a320ddd73355169901af57-1190-1201.mp4"
903,"1","Knee-down Right","2026-04-21T19:28:51.347986Z",902,2.781,"2026-04-21T19:28:51.348009Z","/data/local-files/?d=downloads/pitch-pix-69a320ddd73355169901af57-1208-1231.mp4"
904,"1","Knee-down Right","2026-04-21T19:28:55.196967Z",903,3.667,"2026-04-21T19:28:55.196984Z","/data/local-files/?d=downloads/pitch-pix-69a320ddd73355169901af57-1238-1252.mp4"
905,"1","Knee-down Right","2026-04-21T19:28:59.129206Z",904,3.755,"2026-04-21T19:28:59.129228Z","/data/local-files/?d=downloads/pitch-pix-69a320ddd73355169901af57-1290-1304.mp4"
906,"1","Knee-down Right","2026-04-21T19:29:03.788240Z",905,4.481,"2026-04-21T19:29:03.788257Z","/data/local-files/?d=downloads/pitch-pix-69a320ddd73355169901af57-1336-1349.mp4"
907,"1","Knee-down Right","2026-04-21T19:29:06.553877Z",906,2.563,"2026-04-21T19:29:06.553897Z","/data/local-files/?d=downloads/pitch-pix-69a320ddd73355169901af57-1397-1407.mp4"
908,"1","Knee-down Right","2026-04-21T19:29:08.480786Z",907,1.748,"2026-04-21T19:29:08.480802Z","/data/local-files/?d=downloads/pitch-pix-69a320ddd73355169901af57-1416-1428.mp4"
909,"1","Knee-down Right","2026-04-21T19:29:12.898214Z",908,4.237,"2026-04-21T19:29:12.898235Z","/data/local-files/?d=downloads/pitch-pix-69a320ddd73355169901af57-1491-1503.mp4"
910,"1","Knee-down Right","2026-04-21T19:29:19.965291Z",909,6.861,"2026-04-21T19:29:19.965307Z","/data/local-files/?d=downloads/pitch-pix-69a320ddd73355169901af57-1525-1535.mp4"
911,"1","Knee-down Right","2026-04-21T19:29:25.339214Z",910,5.177,"2026-04-21T19:29:25.339233Z","/data/local-files/?d=downloads/pitch-pix-69a320ddd73355169901af57-1540-1554.mp4"
912,"1","Knee-down Right","2026-04-21T19:29:30.879408Z",911,5.361,"2026-04-21T19:29:30.879428Z","/data/local-files/?d=downloads/pitch-pix-69a320ddd73355169901af57-1561-1572.mp4"
913,"1","Knee-down Right","2026-04-21T19:29:41.137301Z",912,10.07,"2026-04-21T19:29:41.137320Z","/data/local-files/?d=downloads/pitch-pix-69a320ddd73355169901af57-2038-2051.mp4"
914,"1","Bad Video","2026-04-21T19:29:49.499147Z",913,8.178,"2026-04-21T19:29:49.499163Z","/data/local-files/?d=downloads/pitch-pix-69a320ddd73355169901af57-2055-2065.mp4"
915,"1","Knee-down Right","2026-04-21T19:29:52.982236Z",914,3.288,"2026-04-21T19:29:52.982260Z","/data/local-files/?d=downloads/pitch-pix-69a320ddd73355169901af57-2070-2079.mp4"
916,"1","Knee-down Right","2026-04-21T19:29:55.916295Z",915,2.732,"2026-04-21T19:29:55.916315Z","/data/local-files/?d=downloads/pitch-pix-69a320ddd73355169901af57-2087-2096.mp4"
917,"1","Knee-down Right","2026-04-21T19:29:58.531161Z",916,2.423,"2026-04-21T19:29:58.531182Z","/data/local-files/?d=downloads/pitch-pix-69a320ddd73355169901af57-2108-2120.mp4"
918,"1","Knee-down Right","2026-04-21T19:30:01.786879Z",917,3.06,"2026-04-21T19:30:01.786894Z","/data/local-files/?d=downloads/pitch-pix-69a320ddd73355169901af57-2128-2138.mp4"
919,"1","Knee-down Right","2026-04-21T19:30:08.122726Z",918,6.157,"2026-04-21T19:30:08.122746Z","/data/local-files/?d=downloads/pitch-pix-69a320ddd73355169901af57-2148-2165.mp4"
920,"1","Knee-down Right","2026-04-21T19:30:12.486405Z",919,4.179,"2026-04-21T19:30:12.486420Z","/data/local-files/?d=downloads/pitch-pix-69a320ddd73355169901af57-2182-2193.mp4"
921,"1","Knee-down Right","2026-04-21T19:30:23.399415Z",920,10.716,"2026-04-21T19:30:23.399433Z","/data/local-files/?d=downloads/pitch-pix-69a320ddd73355169901af57-2197-2215.mp4"
922,"1","Knee-down Right","2026-04-21T19:30:27.982983Z",921,4.398,"2026-04-21T19:30:27.983000Z","/data/local-files/?d=downloads/pitch-pix-69a320ddd73355169901af57-2284-2297.mp4"
923,"1","Knee-down Right","2026-04-21T19:30:30.238592Z",922,2.041,"2026-04-21T19:30:30.238610Z","/data/local-files/?d=downloads/pitch-pix-69a320ddd73355169901af57-2303-2314.mp4"
924,"1","Knee-down Right","2026-04-21T19:30:33.852933Z",923,3.438,"2026-04-21T19:30:33.852949Z","/data/local-files/?d=downloads/pitch-pix-69a320ddd73355169901af57-2327-2339.mp4"
925,"1","Knee-down Right","2026-04-21T19:30:40.252497Z",924,6.216,"2026-04-21T19:30:40.252514Z","/data/local-files/?d=downloads/pitch-pix-69a320ddd73355169901af57-2346-2359.mp4"
926,"1","Knee-down Right","2026-04-21T19:30:46.234210Z",925,5.787,"2026-04-21T19:30:46.234230Z","/data/local-files/?d=downloads/pitch-pix-69a320ddd73355169901af57-2364-2378.mp4"
927,"1","Knee-down Right","2026-04-21T19:30:50.255859Z",926,3.822,"2026-04-21T19:30:50.255879Z","/data/local-files/?d=downloads/pitch-pix-69a320ddd73355169901af57-2401-2412.mp4"
928,"1","Knee-down Right","2026-04-21T19:30:52.747014Z",927,2.283,"2026-04-21T19:30:52.747032Z","/data/local-files/?d=downloads/pitch-pix-69a320ddd73355169901af57-2417-2430.mp4"
929,"1","Knee-down Right","2026-04-21T19:30:56.637445Z",928,3.707,"2026-04-21T19:30:56.637459Z","/data/local-files/?d=downloads/pitch-pix-69a320ddd73355169901af57-2438-2448.mp4"
930,"1","Knee-down Right","2026-04-21T19:31:00.024233Z",929,3.187,"2026-04-21T19:31:00.024252Z","/data/local-files/?d=downloads/pitch-pix-69a320ddd73355169901af57-2911-2921.mp4"
931,"1","Knee-down Right","2026-04-21T19:31:06.005187Z",930,5.777,"2026-04-21T19:31:06.005204Z","/data/local-files/?d=downloads/pitch-pix-69a320ddd73355169901af57-2924-2933.mp4"
932,"1","Knee-down Right","2026-04-21T19:31:10.392665Z",931,4.214,"2026-04-21T19:31:10.392685Z","/data/local-files/?d=downloads/pitch-pix-69a320ddd73355169901af57-2937-2947.mp4"
933,"1","Knee-down Right","2026-04-21T19:31:15.957731Z",932,5.379,"2026-04-21T19:31:15.957752Z","/data/local-files/?d=downloads/pitch-pix-69a320ddd73355169901af57-2967-2981.mp4"
934,"1","Knee-down Right","2026-04-21T19:31:20.205007Z",933,4.058,"2026-04-21T19:31:20.205025Z","/data/local-files/?d=downloads/pitch-pix-69a320ddd73355169901af57-2989-3003.mp4"
935,"1","Knee-down Right","2026-04-21T19:31:22.489459Z",934,2.08,"2026-04-21T19:31:22.489476Z","/data/local-files/?d=downloads/pitch-pix-69a320ddd73355169901af57-3034-3045.mp4"
936,"1","Knee-down Right","2026-04-21T19:31:25.935188Z",935,3.141,"2026-04-21T19:31:25.935200Z","/data/local-files/?d=downloads/pitch-pix-69a320ddd73355169901af57-3050-3061.mp4"
937,"1","Knee-down Right","2026-04-21T19:31:29.354719Z",936,3.218,"2026-04-21T19:31:29.354734Z","/data/local-files/?d=downloads/pitch-pix-69a320ddd73355169901af57-3103-3111.mp4"
938,"1","Knee-down Right","2026-04-21T19:31:31.502632Z",937,1.951,"2026-04-21T19:31:31.502651Z","/data/local-files/?d=downloads/pitch-pix-69a320ddd73355169901af57-3115-3128.mp4"
939,"1","Knee-down Right","2026-04-21T19:31:37.173857Z",938,5.49,"2026-04-21T19:31:37.173873Z","/data/local-files/?d=downloads/pitch-pix-69a320ddd73355169901af57-3135-3147.mp4"
940,"1","Knee-down Right","2026-04-21T19:31:39.138183Z",939,1.769,"2026-04-21T19:31:39.138201Z","/data/local-files/?d=downloads/pitch-pix-69a320ddd73355169901af57-3155-3165.mp4"
941,"1","Knee-down Right","2026-04-21T19:31:45.116335Z",940,5.774,"2026-04-21T19:31:45.116350Z","/data/local-files/?d=downloads/pitch-pix-69a320ddd73355169901af57-3173-3184.mp4"
942,"1","Knee-down Right","2026-04-21T19:31:47.519603Z",941,2.194,"2026-04-21T19:31:47.519620Z","/data/local-files/?d=downloads/pitch-pix-69a320ddd73355169901af57-3223-3245.mp4"
943,"1","Knee-down Right","2026-04-21T19:31:53.922874Z",942,6.202,"2026-04-21T19:31:53.922895Z","/data/local-files/?d=downloads/pitch-pix-69a320ddd73355169901af57-3251-3264.mp4"
944,"1","Knee-down Right","2026-04-21T19:32:00.269785Z",943,6.147,"2026-04-21T19:32:00.269803Z","/data/local-files/?d=downloads/pitch-pix-69a320ddd73355169901af57-3379-3392.mp4"
945,"1","Knee-down Right","2026-04-21T19:32:05.458474Z",944,5.004,"2026-04-21T19:32:05.458495Z","/data/local-files/?d=downloads/pitch-pix-69a320ddd73355169901af57-3416-3429.mp4"
946,"1","Knee-down Right","2026-04-21T19:32:11.551594Z",945,5.892,"2026-04-21T19:32:11.551610Z","/data/local-files/?d=downloads/pitch-pix-69a320ddd73355169901af57-3439-3451.mp4"
947,"1","Knee-down Right","2026-04-21T19:32:45.914981Z",946,34.168,"2026-04-21T19:32:45.915000Z","/data/local-files/?d=downloads/pitch-pix-69a320ddd73355169901af57-3462-3491.mp4"
948,"1","Knee-down Right","2026-04-21T19:32:50.568695Z",947,4.459,"2026-04-21T19:32:50.568714Z","/data/local-files/?d=downloads/pitch-pix-69a320ddd73355169901af57-3519-3530.mp4"
949,"1","Knee-down Right","2026-04-21T19:32:55.629334Z",948,4.876,"2026-04-21T19:32:55.629348Z","/data/local-files/?d=downloads/pitch-pix-69a320ddd73355169901af57-3534-3545.mp4"
950,"1","Knee-down Right","2026-04-21T19:32:59.149372Z",949,3.335,"2026-04-21T19:32:59.149387Z","/data/local-files/?d=downloads/pitch-pix-69a320ddd73355169901af57-3551-3562.mp4"
951,"1","Knee-down Right","2026-04-21T19:33:02.710421Z",950,3.376,"2026-04-21T19:33:02.710438Z","/data/local-files/?d=downloads/pitch-pix-69a320ddd73355169901af57-3567-3577.mp4"
952,"1","Knee-down Right","2026-04-21T19:33:08.424143Z",951,5.515,"2026-04-21T19:33:08.424158Z","/data/local-files/?d=downloads/pitch-pix-69a320ddd73355169901af57-4216-4228.mp4"
953,"1","Knee-down Right","2026-04-21T19:33:14.683543Z",952,6.055,"2026-04-21T19:33:14.683562Z","/data/local-files/?d=downloads/pitch-pix-69a320ddd73355169901af57-4485-4498.mp4"
954,"1","Bad Video","2026-04-21T19:33:21.314090Z",953,6.433,"2026-04-21T19:33:21.314109Z","/data/local-files/?d=downloads/pitch-pix-69a320ddd73355169901af57-4502-4518.mp4"
955,"1","Knee-down Right","2026-04-21T19:33:29.838071Z",954,8.338,"2026-04-21T19:33:29.838087Z","/data/local-files/?d=downloads/pitch-pix-69a320ddd73355169901af57-4541-4558.mp4"
956,"1","Knee-down Right","2026-04-21T19:33:32.752002Z",955,2.738,"2026-04-21T19:33:32.752017Z","/data/local-files/?d=downloads/pitch-pix-69a320ddd73355169901af57-4596-4608.mp4"
957,"1","Knee-down Right","2026-04-21T19:33:36.597115Z",956,3.646,"2026-04-21T19:33:36.597136Z","/data/local-files/?d=downloads/pitch-pix-69a320ddd73355169901af57-4613-4627.mp4"
958,"1","Knee-down Right","2026-04-21T19:33:40.918410Z",957,4.131,"2026-04-21T19:33:40.918425Z","/data/local-files/?d=downloads/pitch-pix-69a320ddd73355169901af57-4653-4665.mp4"
959,"1","Knee-down Right","2026-04-21T19:33:45.446756Z",958,4.35,"2026-04-21T19:33:45.446773Z","/data/local-files/?d=downloads/pitch-pix-69a320ddd73355169901af57-5069-5079.mp4"
960,"1","Knee-down Right","2026-04-21T19:33:50.146588Z",959,4.503,"2026-04-21T19:33:50.146606Z","/data/local-files/?d=downloads/pitch-pix-69a320ddd73355169901af57-5084-5094.mp4"
961,"1","Knee-down Right","2026-04-21T19:33:57.452830Z",960,7.111,"2026-04-21T19:33:57.452849Z","/data/local-files/?d=downloads/pitch-pix-69a320ddd73355169901af57-5097-5111.mp4"
962,"1","Knee-down Right","2026-04-21T19:34:01.373159Z",961,3.707,"2026-04-21T19:34:01.373174Z","/data/local-files/?d=downloads/pitch-pix-69a320ddd73355169901af57-5115-5126.mp4"
963,"1","Knee-down Right","2026-04-21T19:34:04.006536Z",962,2.455,"2026-04-21T19:34:04.006556Z","/data/local-files/?d=downloads/pitch-pix-69a320ddd73355169901af57-5138-5159.mp4"
964,"1","Knee-down Right","2026-04-21T19:34:11.985127Z",963,7.787,"2026-04-21T19:34:11.985146Z","/data/local-files/?d=downloads/pitch-pix-69a320ddd73355169901af57-5168-5179.mp4"
965,"1","Knee-down Right","2026-04-21T19:34:16.417152Z",964,4.239,"2026-04-21T19:34:16.417170Z","/data/local-files/?d=downloads/pitch-pix-69a320ddd73355169901af57-5234-5247.mp4"
966,"1","Knee-down Right","2026-04-21T19:34:19.887030Z",965,3.27,"2026-04-21T19:34:19.887052Z","/data/local-files/?d=downloads/pitch-pix-69a320ddd73355169901af57-5268-5280.mp4"
967,"1","Knee-down Right","2026-04-21T19:34:24.934664Z",966,4.846,"2026-04-21T19:34:24.934683Z","/data/local-files/?d=downloads/pitch-pix-69a320ddd73355169901af57-5322-5333.mp4"
968,"1","Knee-down Right","2026-04-21T19:34:27.608065Z",967,2.472,"2026-04-21T19:34:27.608084Z","/data/local-files/?d=downloads/pitch-pix-69a320ddd73355169901af57-5341-5350.mp4"
969,"1","Knee-down Right","2026-04-21T19:34:34.402480Z",968,6.597,"2026-04-21T19:34:34.402496Z","/data/local-files/?d=downloads/pitch-pix-69a320ddd73355169901af57-5356-5371.mp4"
970,"1","Bad Video","2026-04-21T19:34:43.674688Z",969,9.088,"2026-04-21T19:34:43.674708Z","/data/local-files/?d=downloads/pitch-pix-69a320ddd73355169901af57-5426-5437.mp4"
971,"1","Knee-down Right","2026-04-21T19:34:49.648732Z",970,5.773,"2026-04-21T19:34:49.648752Z","/data/local-files/?d=downloads/pitch-pix-69a320ddd73355169901af57-5444-5457.mp4"
972,"1","Knee-down Right","2026-04-21T19:34:55.762156Z",971,5.906,"2026-04-21T19:34:55.762176Z","/data/local-files/?d=downloads/pitch-pix-69a320ddd73355169901af57-5464-5478.mp4"
973,"1","Knee-down Right","2026-04-21T19:35:00.564363Z",972,4.603,"2026-04-21T19:35:00.564378Z","/data/local-files/?d=downloads/pitch-pix-69a320ddd73355169901af57-5481-5507.mp4"
974,"1","Knee-down Right","2026-04-21T19:35:04.541007Z",973,3.773,"2026-04-21T19:35:04.541026Z","/data/local-files/?d=downloads/pitch-pix-69a320ddd73355169901af57-5537-5549.mp4"
975,"1","Knee-down Right","2026-04-21T19:35:06.864493Z",974,2.119,"2026-04-21T19:35:06.864511Z","/data/local-files/?d=downloads/pitch-pix-69a320ddd73355169901af57-5557-5568.mp4"
976,"1","Knee-down Right","2026-04-21T19:35:09.574273Z",975,2.522,"2026-04-21T19:35:09.574294Z","/data/local-files/?d=downloads/pitch-pix-69a320ddd73355169901af57-5573-5583.mp4"
977,"1","Knee-down Right","2026-04-21T19:35:12.897845Z",976,3.13,"2026-04-21T19:35:12.897863Z","/data/local-files/?d=downloads/pitch-pix-69a320ddd73355169901af57-5589-5600.mp4"
978,"1","Knee-down Right","2026-04-21T19:35:17.284770Z",977,4.175,"2026-04-21T19:35:17.284789Z","/data/local-files/?d=downloads/pitch-pix-69a320ddd73355169901af57-6196-6208.mp4"
979,"1","Knee-down Right","2026-04-21T19:35:24.728593Z",978,7.249,"2026-04-21T19:35:24.728612Z","/data/local-files/?d=downloads/pitch-pix-69a320ddd73355169901af57-6212-6229.mp4"
980,"1","Knee-down Right","2026-04-21T19:35:27.815965Z",979,2.884,"2026-04-21T19:35:27.815981Z","/data/local-files/?d=downloads/pitch-pix-69a320ddd73355169901af57-6238-6250.mp4"
981,"1","Knee-down Right","2026-04-21T19:35:32.204800Z",980,4.207,"2026-04-21T19:35:32.204817Z","/data/local-files/?d=downloads/pitch-pix-69a320ddd73355169901af57-6260-6275.mp4"
982,"1","Knee-down Right","2026-04-21T19:35:38.072183Z",981,5.675,"2026-04-21T19:35:38.072197Z","/data/local-files/?d=downloads/pitch-pix-69a320ddd73355169901af57-6289-6301.mp4"
983,"1","Knee-down Right","2026-04-21T19:35:40.620636Z",982,2.327,"2026-04-21T19:35:40.620657Z","/data/local-files/?d=downloads/pitch-pix-69a320ddd73355169901af57-6334-6346.mp4"
984,"1","Knee-down Right","2026-04-21T19:35:47.644579Z",983,6.816,"2026-04-21T19:35:47.644593Z","/data/local-files/?d=downloads/pitch-pix-69a320ddd73355169901af57-6376-6391.mp4"
985,"1","Knee-down Right","2026-04-21T19:35:53.338154Z",984,5.497,"2026-04-21T19:35:53.338172Z","/data/local-files/?d=downloads/pitch-pix-69a320ddd73355169901af57-6395-6409.mp4"
986,"1","Knee-down Right","2026-04-21T19:35:57.217484Z",985,3.68,"2026-04-21T19:35:57.217502Z","/data/local-files/?d=downloads/pitch-pix-69a320ddd73355169901af57-6417-6428.mp4"
987,"1","Knee-down Right","2026-04-21T19:35:59.376592Z",986,1.948,"2026-04-21T19:35:59.376609Z","/data/local-files/?d=downloads/pitch-pix-69a320ddd73355169901af57-6447-6458.mp4"
988,"1","Knee-down Right","2026-04-21T19:36:01.805646Z",987,2.218,"2026-04-21T19:36:01.805666Z","/data/local-files/?d=downloads/pitch-pix-69a320ddd73355169901af57-6507-6525.mp4"
989,"1","Knee-down Right","2026-04-21T19:36:03.914265Z",988,1.913,"2026-04-21T19:36:03.914291Z","/data/local-files/?d=downloads/pitch-pix-69a320ddd73355169901af57-7180-7193.mp4"
990,"1","Knee-down Right","2026-04-21T19:36:05.552718Z",989,1.436,"2026-04-21T19:36:05.552736Z","/data/local-files/?d=downloads/pitch-pix-69a320ddd73355169901af57-7216-7227.mp4"
991,"1","Knee-down Right","2026-04-21T19:36:08.616322Z",990,2.756,"2026-04-21T19:36:08.616336Z","/data/local-files/?d=downloads/pitch-pix-69a320ddd73355169901af57-7414-7425.mp4"
992,"1","Knee-down Right","2026-04-21T19:36:11.319516Z",991,2.492,"2026-04-21T19:36:11.319535Z","/data/local-files/?d=downloads/pitch-pix-69a320ddd73355169901af57-7490-7501.mp4"
993,"1","Knee-down Right","2026-04-21T19:36:13.204130Z",992,1.68,"2026-04-21T19:36:13.204147Z","/data/local-files/?d=downloads/pitch-pix-69a320ddd73355169901af57-7505-7517.mp4"
994,"1","Knee-down Right","2026-04-21T19:36:14.902578Z",993,1.514,"2026-04-21T19:36:14.902594Z","/data/local-files/?d=downloads/pitch-pix-69a320ddd73355169901af57-7522-7537.mp4"
995,"1","Knee-down Right","2026-04-21T19:36:17.132389Z",994,2.035,"2026-04-21T19:36:17.132406Z","/data/local-files/?d=downloads/pitch-pix-69a320ddd73355169901af57-7544-7559.mp4"
996,"1","Knee-down Right","2026-04-21T19:36:19.732295Z",995,2.413,"2026-04-21T19:36:19.732312Z","/data/local-files/?d=downloads/pitch-pix-69a320ddd73355169901af57-7575-7590.mp4"
997,"1","Knee-down Right","2026-04-21T19:36:21.884849Z",996,1.95,"2026-04-21T19:36:21.884867Z","/data/local-files/?d=downloads/pitch-pix-69a320ddd73355169901af57-7598-7610.mp4"
998,"1","Knee-down Right","2026-04-21T19:36:26.665497Z",997,4.574,"2026-04-21T19:36:26.665516Z","/data/local-files/?d=downloads/pitch-pix-69a320ddd73355169901af57-7641-7654.mp4"
999,"1","Knee-down Right","2026-04-21T19:36:28.837113Z",998,1.973,"2026-04-21T19:36:28.837133Z","/data/local-files/?d=downloads/pitch-pix-69a320ddd73355169901af57-7662-7677.mp4"
1000,"1","Knee-down Right","2026-04-21T19:36:36.851400Z",999,7.817,"2026-04-21T19:36:36.851417Z","/data/local-files/?d=downloads/pitch-pix-69a320ddd73355169901af57-7715-7727.mp4"
1001,"1","Bad Video","2026-04-21T19:36:49.739821Z",1000,12.694,"2026-04-21T19:36:49.739844Z","/data/local-files/?d=downloads/pitch-pix-69a320ddd73355169901af57-7740-7758.mp4"
1002,"1","Knee-down Right","2026-04-21T19:36:53.001955Z",1001,3.058,"2026-04-21T19:36:53.001972Z","/data/local-files/?d=downloads/pitch-pix-69a320ddd73355169901af57-7840-7851.mp4"
1003,"1","Knee-down Right","2026-04-21T19:36:55.259340Z",1002,2.059,"2026-04-21T19:36:55.259361Z","/data/local-files/?d=downloads/pitch-pix-69a320ddd73355169901af57-7878-7892.mp4"
1004,"1","Knee-down Right","2026-04-21T19:36:58.236589Z",1003,2.775,"2026-04-21T19:36:58.236606Z","/data/local-files/?d=downloads/pitch-pix-69a320ddd73355169901af57-7923-7936.mp4"
1005,"1","Knee-down Right","2026-04-21T19:36:59.856835Z",1004,1.414,"2026-04-21T19:36:59.856851Z","/data/local-files/?d=downloads/pitch-pix-69a320ddd73355169901af57-7943-7962.mp4"
1006,"1","Knee-down Right","2026-04-21T19:37:05.655312Z",1005,5.581,"2026-04-21T19:37:05.655332Z","/data/local-files/?d=downloads/pitch-pix-69a320ddd73355169901af57-8000-8012.mp4"
1007,"1","Knee-down Right","2026-04-21T19:37:09.148834Z",1006,3.23,"2026-04-21T19:37:09.148854Z","/data/local-files/?d=downloads/pitch-pix-69a320ddd73355169901af57-8022-8035.mp4"
1008,"1","Knee-down Right","2026-04-21T19:37:14.442458Z",1007,5.065,"2026-04-21T19:37:14.442479Z","/data/local-files/?d=downloads/pitch-pix-69a320ddd73355169901af57-8042-8056.mp4"
1009,"1","Knee-down Right","2026-04-21T19:37:20.322373Z",1008,5.66,"2026-04-21T19:37:20.322390Z","/data/local-files/?d=downloads/pitch-pix-69a320ddd73355169901af57-8982-8993.mp4"
1010,"1","Knee-down Right","2026-04-21T19:37:23.987610Z",1009,3.475,"2026-04-21T19:37:23.987636Z","/data/local-files/?d=downloads/pitch-pix-69a320ddd73355169901af57-8997-9011.mp4"
1011,"1","Knee-down Right","2026-04-21T19:37:27.147183Z",1010,2.968,"2026-04-21T19:37:27.147201Z","/data/local-files/?d=downloads/pitch-pix-69a320ddd73355169901af57-9046-9064.mp4"
1012,"1","Knee-down Right","2026-04-21T19:37:29.025509Z",1011,1.68,"2026-04-21T19:37:29.025526Z","/data/local-files/?d=downloads/pitch-pix-69a320ddd73355169901af57-9084-9094.mp4"
1013,"1","Knee-down Right","2026-04-21T19:37:30.620188Z",1012,1.381,"2026-04-21T19:37:30.620205Z","/data/local-files/?d=downloads/pitch-pix-69a320ddd73355169901af57-9100-9113.mp4"
1014,"1","Knee-down Right","2026-04-21T19:37:35.267110Z",1013,4.432,"2026-04-21T19:37:35.267128Z","/data/local-files/?d=downloads/pitch-pix-69a4ab7ce1944ad33f906bc3-10172-10188.mp4"
1015,"1","Bad Video","2026-04-21T19:37:42.161272Z",1014,6.703,"2026-04-21T19:37:42.161290Z","/data/local-files/?d=downloads/pitch-pix-69a4ab7ce1944ad33f906bc3-1677-1698.mp4"
1016,"1","Knee-down Right","2026-04-21T19:37:44.997416Z",1015,2.638,"2026-04-21T19:37:44.997434Z","/data/local-files/?d=downloads/pitch-pix-69a4ab7ce1944ad33f906bc3-1716-1726.mp4"
1017,"1","Knee-down Right","2026-04-21T19:37:48.496571Z",1016,3.29,"2026-04-21T19:37:48.496590Z","/data/local-files/?d=downloads/pitch-pix-69a4ab7ce1944ad33f906bc3-1732-1742.mp4"
1018,"1","Knee-down Right","2026-04-21T19:37:53.153224Z",1017,4.457,"2026-04-21T19:37:53.153242Z","/data/local-files/?d=downloads/pitch-pix-69a4ab7ce1944ad33f906bc3-1746-1757.mp4"
1019,"1","Knee-down Right","2026-04-21T19:37:56.453380Z",1018,3.083,"2026-04-21T19:37:56.453398Z","/data/local-files/?d=downloads/pitch-pix-69a4ab7ce1944ad33f906bc3-1764-1774.mp4"
1020,"1","Knee-down Right","2026-04-21T19:38:01.159840Z",1019,4.499,"2026-04-21T19:38:01.159862Z","/data/local-files/?d=downloads/pitch-pix-69a4ab7ce1944ad33f906bc3-1780-1795.mp4"
1021,"1","Knee-down Right","2026-04-21T19:38:03.733366Z",1020,2.359,"2026-04-21T19:38:03.733383Z","/data/local-files/?d=downloads/pitch-pix-69a4ab7ce1944ad33f906bc3-1802-1817.mp4"
1022,"1","Knee-down Right","2026-04-21T19:38:06.015361Z",1021,2.064,"2026-04-21T19:38:06.015377Z","/data/local-files/?d=downloads/pitch-pix-69a4ab7ce1944ad33f906bc3-1833-1844.mp4"
1023,"1","Knee-down Right","2026-04-21T19:38:07.733628Z",1022,1.506,"2026-04-21T19:38:07.733645Z","/data/local-files/?d=downloads/pitch-pix-69a4ab7ce1944ad33f906bc3-1851-1865.mp4"
1024,"1","Knee-down Right","2026-04-21T19:38:11.963552Z",1023,4.013,"2026-04-21T19:38:11.963572Z","/data/local-files/?d=downloads/pitch-pix-69a4ab7ce1944ad33f906bc3-1884-1898.mp4"
1025,"1","Knee-down Right","2026-04-21T19:38:14.026629Z",1024,1.845,"2026-04-21T19:38:14.026648Z","/data/local-files/?d=downloads/pitch-pix-69a4ab7ce1944ad33f906bc3-1911-1922.mp4"
1026,"1","Knee-down Right","2026-04-21T19:38:17.130102Z",1025,2.899,"2026-04-21T19:38:17.130120Z","/data/local-files/?d=downloads/pitch-pix-69a4ab7ce1944ad33f906bc3-1928-1939.mp4"
1027,"1","Knee-down Right","2026-04-21T19:38:21.658197Z",1026,4.323,"2026-04-21T19:38:21.658212Z","/data/local-files/?d=downloads/pitch-pix-69a4ab7ce1944ad33f906bc3-1948-1968.mp4"
1028,"1","Knee-down Right","2026-04-21T19:38:23.491331Z",1027,1.625,"2026-04-21T19:38:23.491349Z","/data/local-files/?d=downloads/pitch-pix-69a4ab7ce1944ad33f906bc3-1978-1993.mp4"
1029,"1","Knee-down Right","2026-04-21T19:38:28.898498Z",1028,5.197,"2026-04-21T19:38:28.898517Z","/data/local-files/?d=downloads/pitch-pix-69a4ab7ce1944ad33f906bc3-2562-2572.mp4"
1030,"1","Knee-down Right","2026-04-21T19:38:31.944441Z",1029,2.836,"2026-04-21T19:38:31.944456Z","/data/local-files/?d=downloads/pitch-pix-69a4ab7ce1944ad33f906bc3-2599-2612.mp4"
1031,"1","Knee-down Right","2026-04-21T19:38:34.887825Z",1030,2.723,"2026-04-21T19:38:34.887841Z","/data/local-files/?d=downloads/pitch-pix-69a4ab7ce1944ad33f906bc3-2619-2633.mp4"
1032,"1","Knee-down Right","2026-04-21T19:38:37.765615Z",1031,2.664,"2026-04-21T19:38:37.765632Z","/data/local-files/?d=downloads/pitch-pix-69a4ab7ce1944ad33f906bc3-2646-2657.mp4"
1033,"1","Knee-down Right","2026-04-21T19:38:40.422110Z",1032,2.443,"2026-04-21T19:38:40.422128Z","/data/local-files/?d=downloads/pitch-pix-69a4ab7ce1944ad33f906bc3-2666-2678.mp4"
1034,"1","Knee-down Right","2026-04-21T19:38:43.183134Z",1033,2.541,"2026-04-21T19:38:43.183149Z","/data/local-files/?d=downloads/pitch-pix-69a4ab7ce1944ad33f906bc3-2691-2705.mp4"
1035,"1","Knee-down Right","2026-04-21T19:38:45.285201Z",1034,1.892,"2026-04-21T19:38:45.285220Z","/data/local-files/?d=downloads/pitch-pix-69a4ab7ce1944ad33f906bc3-2729-2739.mp4"
1036,"1","Knee-down Right","2026-04-21T19:38:48.954930Z",1035,3.467,"2026-04-21T19:38:48.954947Z","/data/local-files/?d=downloads/pitch-pix-69a4ab7ce1944ad33f906bc3-2747-2758.mp4"
1037,"1","Knee-down Right","2026-04-21T19:38:55.448872Z",1036,6.29,"2026-04-21T19:38:55.448893Z","/data/local-files/?d=downloads/pitch-pix-69a4ab7ce1944ad33f906bc3-2767-2781.mp4"
1038,"1","Knee-down Right","2026-04-21T19:38:59.030669Z",1037,3.377,"2026-04-21T19:38:59.030685Z","/data/local-files/?d=downloads/pitch-pix-69a4ab7ce1944ad33f906bc3-2805-2815.mp4"
1039,"1","Knee-down Right","2026-04-21T19:39:01.623785Z",1038,2.399,"2026-04-21T19:39:01.623805Z","/data/local-files/?d=downloads/pitch-pix-69a4ab7ce1944ad33f906bc3-2821-2832.mp4"
1040,"1","Knee-down Right","2026-04-21T19:39:04.822318Z",1039,3.008,"2026-04-21T19:39:04.822336Z","/data/local-files/?d=downloads/pitch-pix-69a4ab7ce1944ad33f906bc3-2837-2847.mp4"
1041,"1","Knee-down Right","2026-04-21T19:39:07.442352Z",1040,2.406,"2026-04-21T19:39:07.442369Z","/data/local-files/?d=downloads/pitch-pix-69a4ab7ce1944ad33f906bc3-2862-2874.mp4"
1042,"1","Knee-down Right","2026-04-21T19:39:10.139279Z",1041,2.5,"2026-04-21T19:39:10.139301Z","/data/local-files/?d=downloads/pitch-pix-69a4ab7ce1944ad33f906bc3-2890-2908.mp4"
1043,"1","Knee-down Right","2026-04-21T19:39:13.881583Z",1042,3.527,"2026-04-21T19:39:13.881599Z","/data/local-files/?d=downloads/pitch-pix-69a4ab7ce1944ad33f906bc3-2952-2964.mp4"
1044,"1","Knee-down Right","2026-04-21T19:39:19.225336Z",1043,5.137,"2026-04-21T19:39:19.225352Z","/data/local-files/?d=downloads/pitch-pix-69a4ab7ce1944ad33f906bc3-2999-3011.mp4"
1045,"1","Knee-down Right","2026-04-21T19:39:23.513618Z",1044,4.071,"2026-04-21T19:39:23.513640Z","/data/local-files/?d=downloads/pitch-pix-69a4ab7ce1944ad33f906bc3-3023-3035.mp4"
1046,"1","Knee-down Right","2026-04-21T19:39:27.273670Z",1045,3.552,"2026-04-21T19:39:27.273688Z","/data/local-files/?d=downloads/pitch-pix-69a4ab7ce1944ad33f906bc3-3048-3059.mp4"
1047,"1","Knee-down Right","2026-04-21T19:39:29.030091Z",1046,1.548,"2026-04-21T19:39:29.030107Z","/data/local-files/?d=downloads/pitch-pix-69a4ab7ce1944ad33f906bc3-3070-3083.mp4"
1048,"1","Knee-down Right","2026-04-21T19:39:31.943705Z",1047,2.708,"2026-04-21T19:39:31.943724Z","/data/local-files/?d=downloads/pitch-pix-69a4ab7ce1944ad33f906bc3-3095-3106.mp4"
1049,"1","Knee-down Right","2026-04-21T19:39:36.560353Z",1048,4.405,"2026-04-21T19:39:36.560369Z","/data/local-files/?d=downloads/pitch-pix-69a4ab7ce1944ad33f906bc3-3121-3146.mp4"
1050,"1","Knee-down Right","2026-04-21T19:39:40.223147Z",1049,3.44,"2026-04-21T19:39:40.223173Z","/data/local-files/?d=downloads/pitch-pix-69a4ab7ce1944ad33f906bc3-3201-3213.mp4"
1051,"1","Knee-down Right","2026-04-21T19:39:44.808387Z",1050,4.376,"2026-04-21T19:39:44.808405Z","/data/local-files/?d=downloads/pitch-pix-69a4ab7ce1944ad33f906bc3-3243-3254.mp4"
1052,"1","Knee-down Right","2026-04-21T19:39:49.466170Z",1051,4.442,"2026-04-21T19:39:49.466190Z","/data/local-files/?d=downloads/pitch-pix-69a4ab7ce1944ad33f906bc3-3261-3272.mp4"
1053,"1","Knee-down Right","2026-04-21T19:39:52.777667Z",1052,3.086,"2026-04-21T19:39:52.777688Z","/data/local-files/?d=downloads/pitch-pix-69a4ab7ce1944ad33f906bc3-3281-3305.mp4"
1054,"1","Bad Video","2026-04-21T19:40:00.921640Z",1053,7.927,"2026-04-21T19:40:00.921660Z","/data/local-files/?d=downloads/pitch-pix-69a4ab7ce1944ad33f906bc3-3319-3328.mp4"
1055,"1","Knee-down Right","2026-04-21T19:40:12.206185Z",1054,11.078,"2026-04-21T19:40:12.206199Z","/data/local-files/?d=downloads/pitch-pix-69a4ab7ce1944ad33f906bc3-3334-3344.mp4"
1056,"1","Knee-down Right","2026-04-21T19:40:16.635147Z",1055,4.219,"2026-04-21T19:40:16.635164Z","/data/local-files/?d=downloads/pitch-pix-69a4ab7ce1944ad33f906bc3-3351-3369.mp4"
1057,"1","Knee-down Right","2026-04-21T19:40:19.536855Z",1056,2.701,"2026-04-21T19:40:19.536875Z","/data/local-files/?d=downloads/pitch-pix-69a4ab7ce1944ad33f906bc3-4071-4081.mp4"
1058,"1","Knee-down Right","2026-04-21T19:40:22.975410Z",1057,3.231,"2026-04-21T19:40:22.975430Z","/data/local-files/?d=downloads/pitch-pix-69a4ab7ce1944ad33f906bc3-4118-4128.mp4"
1059,"1","Knee-down Right","2026-04-21T19:40:31.219703Z",1058,8.025,"2026-04-21T19:40:31.219723Z","/data/local-files/?d=downloads/pitch-pix-69a4ab7ce1944ad33f906bc3-4134-4144.mp4"
1060,"1","Knee-down Right","2026-04-21T19:40:36.165117Z",1059,4.726,"2026-04-21T19:40:36.165135Z","/data/local-files/?d=downloads/pitch-pix-69a4ab7ce1944ad33f906bc3-4150-4160.mp4"
1061,"1","Knee-down Right","2026-04-21T19:40:49.964029Z",1060,13.586,"2026-04-21T19:40:49.964043Z","/data/local-files/?d=downloads/pitch-pix-69a4ab7ce1944ad33f906bc3-4166-4180.mp4"
1062,"1","Knee-down Right","2026-04-21T19:40:55.762377Z",1061,5.577,"2026-04-21T19:40:55.762399Z","/data/local-files/?d=downloads/pitch-pix-69a4ab7ce1944ad33f906bc3-4187-4199.mp4"
1063,"1","Knee-down Right","2026-04-21T19:40:59.630950Z",1062,3.657,"2026-04-21T19:40:59.630968Z","/data/local-files/?d=downloads/pitch-pix-69a4ab7ce1944ad33f906bc3-4208-4218.mp4"
1064,"1","Knee-down Right","2026-04-21T19:41:05.095883Z",1063,5.249,"2026-04-21T19:41:05.095903Z","/data/local-files/?d=downloads/pitch-pix-69a4ab7ce1944ad33f906bc3-4227-4239.mp4"
1065,"1","Knee-down Right","2026-04-21T19:41:08.293922Z",1064,2.977,"2026-04-21T19:41:08.293940Z","/data/local-files/?d=downloads/pitch-pix-69a4ab7ce1944ad33f906bc3-4258-4268.mp4"
1066,"1","Knee-down Right","2026-04-21T19:41:14.360714Z",1065,5.835,"2026-04-21T19:41:14.360727Z","/data/local-files/?d=downloads/pitch-pix-69a4ab7ce1944ad33f906bc3-4270-4285.mp4"
1067,"1","Knee-down Right","2026-04-21T19:41:19.140776Z",1066,4.565,"2026-04-21T19:41:19.140797Z","/data/local-files/?d=downloads/pitch-pix-69a4ab7ce1944ad33f906bc3-4306-4315.mp4"
1068,"1","Knee-down Right","2026-04-21T19:41:22.419514Z",1067,3.053,"2026-04-21T19:41:22.419532Z","/data/local-files/?d=downloads/pitch-pix-69a4ab7ce1944ad33f906bc3-4325-4336.mp4"
1069,"1","Knee-down Right","2026-04-21T19:41:28.653927Z",1068,6.011,"2026-04-21T19:41:28.653947Z","/data/local-files/?d=downloads/pitch-pix-69a4ab7ce1944ad33f906bc3-4385-4399.mp4"
1070,"1","Knee-down Right","2026-04-21T19:41:33.254915Z",1069,4.394,"2026-04-21T19:41:33.254930Z","/data/local-files/?d=downloads/pitch-pix-69a4ab7ce1944ad33f906bc3-5003-5015.mp4"
1071,"1","Knee-down Right","2026-04-21T19:41:36.690379Z",1070,3.196,"2026-04-21T19:41:36.690399Z","/data/local-files/?d=downloads/pitch-pix-69a4ab7ce1944ad33f906bc3-5024-5033.mp4"
1072,"1","Knee-down Right","2026-04-21T19:41:42.347998Z",1071,5.429,"2026-04-21T19:41:42.348020Z","/data/local-files/?d=downloads/pitch-pix-69a4ab7ce1944ad33f906bc3-5074-5084.mp4"
1073,"1","Knee-down Right","2026-04-21T19:41:45.364358Z",1072,2.784,"2026-04-21T19:41:45.364377Z","/data/local-files/?d=downloads/pitch-pix-69a4ab7ce1944ad33f906bc3-5091-5123.mp4"
1074,"1","Knee-down Right","2026-04-21T19:41:51.326393Z",1073,5.75,"2026-04-21T19:41:51.326411Z","/data/local-files/?d=downloads/pitch-pix-69a4ab7ce1944ad33f906bc3-5132-5142.mp4"
1075,"1","Knee-down Right","2026-04-21T19:41:55.590524Z",1074,4.04,"2026-04-21T19:41:55.590547Z","/data/local-files/?d=downloads/pitch-pix-69a4ab7ce1944ad33f906bc3-5147-5159.mp4"
1076,"1","Knee-down Right","2026-04-21T19:42:00.052597Z",1075,4.217,"2026-04-21T19:42:00.052617Z","/data/local-files/?d=downloads/pitch-pix-69a4ab7ce1944ad33f906bc3-5168-5180.mp4"
1077,"1","Knee-down Right","2026-04-21T19:42:02.746452Z",1076,2.465,"2026-04-21T19:42:02.746467Z","/data/local-files/?d=downloads/pitch-pix-69a4ab7ce1944ad33f906bc3-5190-5201.mp4"
1078,"1","Knee-down Right","2026-04-21T19:42:09.478594Z",1077,6.517,"2026-04-21T19:42:09.478612Z","/data/local-files/?d=downloads/pitch-pix-69a4ab7ce1944ad33f906bc3-5230-5256.mp4"
1079,"1","Knee-down Right","2026-04-21T19:42:11.654497Z",1078,1.969,"2026-04-21T19:42:11.654514Z","/data/local-files/?d=downloads/pitch-pix-69a4ab7ce1944ad33f906bc3-5275-5291.mp4"
1080,"1","Knee-down Right","2026-04-21T19:42:14.095832Z",1079,2.245,"2026-04-21T19:42:14.095849Z","/data/local-files/?d=downloads/pitch-pix-69a4ab7ce1944ad33f906bc3-5318-5331.mp4"
1081,"1","Knee-down Right","2026-04-21T19:42:16.867527Z",1080,2.546,"2026-04-21T19:42:16.867542Z","/data/local-files/?d=downloads/pitch-pix-69a4ab7ce1944ad33f906bc3-5343-5355.mp4"
1082,"1","Knee-down Right","2026-04-21T19:42:19.474133Z",1081,2.382,"2026-04-21T19:42:19.474149Z","/data/local-files/?d=downloads/pitch-pix-69a4ab7ce1944ad33f906bc3-5364-5375.mp4"
1083,"1","Knee-down Right","2026-04-21T19:42:26.874152Z",1082,7.185,"2026-04-21T19:42:26.874166Z","/data/local-files/?d=downloads/pitch-pix-69a4ab7ce1944ad33f906bc3-5404-5416.mp4"
1084,"1","Knee-down Right","2026-04-21T19:42:32.664990Z",1083,5.578,"2026-04-21T19:42:32.665006Z","/data/local-files/?d=downloads/pitch-pix-69a4ab7ce1944ad33f906bc3-5430-5441.mp4"
1085,"1","Knee-down Right","2026-04-21T19:42:36.874135Z",1084,3.989,"2026-04-21T19:42:36.874154Z","/data/local-files/?d=downloads/pitch-pix-69a4ab7ce1944ad33f906bc3-5459-5471.mp4"
1086,"1","Knee-down Right","2026-04-21T19:42:44.197510Z",1085,7.099,"2026-04-21T19:42:44.197527Z","/data/local-files/?d=downloads/pitch-pix-69a4ab7ce1944ad33f906bc3-5485-5497.mp4"
1087,"1","Knee-down Right","2026-04-21T19:42:47.771763Z",1086,3.344,"2026-04-21T19:42:47.771784Z","/data/local-files/?d=downloads/pitch-pix-69a4ab7ce1944ad33f906bc3-5510-5521.mp4"
1088,"1","Knee-down Right","2026-04-21T19:42:54.825856Z",1087,6.835,"2026-04-21T19:42:54.825870Z","/data/local-files/?d=downloads/pitch-pix-69a4ab7ce1944ad33f906bc3-5535-5551.mp4"
1089,"1","Knee-down Right","2026-04-21T19:42:57.189220Z",1088,2.15,"2026-04-21T19:42:57.189235Z","/data/local-files/?d=downloads/pitch-pix-69a4ab7ce1944ad33f906bc3-574-584.mp4"
1090,"1","Knee-down Right","2026-04-21T19:43:01.427959Z",1089,4.024,"2026-04-21T19:43:01.427976Z","/data/local-files/?d=downloads/pitch-pix-69a4ab7ce1944ad33f906bc3-611-621.mp4"
1091,"1","Knee-down Right","2026-04-21T19:43:07.757200Z",1090,6.094,"2026-04-21T19:43:07.757215Z","/data/local-files/?d=downloads/pitch-pix-69a4ab7ce1944ad33f906bc3-6129-6139.mp4"
1092,"1","Knee-down Right","2026-04-21T19:43:11.218652Z",1091,3.228,"2026-04-21T19:43:11.218669Z","/data/local-files/?d=downloads/pitch-pix-69a4ab7ce1944ad33f906bc3-6144-6154.mp4"
1093,"1","Knee-down Right","2026-04-21T19:43:18.469721Z",1092,7.03,"2026-04-21T19:43:18.469740Z","/data/local-files/?d=downloads/pitch-pix-69a4ab7ce1944ad33f906bc3-6160-6170.mp4"
1094,"1","Knee-down Right","2026-04-21T19:43:28.007294Z",1093,9.319,"2026-04-21T19:43:28.007312Z","/data/local-files/?d=downloads/pitch-pix-69a4ab7ce1944ad33f906bc3-6175-6187.mp4"
1095,"1","Knee-down Right","2026-04-21T19:43:35.962540Z",1094,7.738,"2026-04-21T19:43:35.962557Z","/data/local-files/?d=downloads/pitch-pix-69a4ab7ce1944ad33f906bc3-6192-6204.mp4"
1096,"1","Knee-down Right","2026-04-21T19:43:42.375085Z",1095,6.199,"2026-04-21T19:43:42.375101Z","/data/local-files/?d=downloads/pitch-pix-69a4ab7ce1944ad33f906bc3-6248-6268.mp4"
1097,"1","Knee-down Right","2026-04-21T19:43:46.414546Z",1096,3.794,"2026-04-21T19:43:46.414566Z","/data/local-files/?d=downloads/pitch-pix-69a4ab7ce1944ad33f906bc3-627-639.mp4"
1098,"1","Knee-down Right","2026-04-21T19:43:49.318564Z",1097,2.66,"2026-04-21T19:43:49.318586Z","/data/local-files/?d=downloads/pitch-pix-69a4ab7ce1944ad33f906bc3-6295-6305.mp4"
1099,"1","Knee-down Right","2026-04-21T19:43:53.987108Z",1098,4.426,"2026-04-21T19:43:53.987124Z","/data/local-files/?d=downloads/pitch-pix-69a4ab7ce1944ad33f906bc3-6321-6332.mp4"
1100,"1","Knee-down Right","2026-04-21T19:43:59.152293Z",1099,4.92,"2026-04-21T19:43:59.152311Z","/data/local-files/?d=downloads/pitch-pix-69a4ab7ce1944ad33f906bc3-6363-6391.mp4"
1101,"1","Knee-down Right","2026-04-21T19:44:02.212470Z",1100,2.841,"2026-04-21T19:44:02.212487Z","/data/local-files/?d=downloads/pitch-pix-69a4ab7ce1944ad33f906bc3-6405-6416.mp4"
1102,"1","Knee-down Right","2026-04-21T19:44:05.332383Z",1101,2.882,"2026-04-21T19:44:05.332401Z","/data/local-files/?d=downloads/pitch-pix-69a4ab7ce1944ad33f906bc3-6428-6440.mp4"
1103,"1","Knee-down Right","2026-04-21T20:00:35.388925Z",1102,8.332,"2026-04-21T20:00:35.388945Z","/data/local-files/?d=downloads/pitch-pix-69a4ab7ce1944ad33f906bc3-6454-6466.mp4"
1104,"1","Knee-down Right","2026-04-21T20:00:39.020329Z",1103,3.431,"2026-04-21T20:00:39.020345Z","/data/local-files/?d=downloads/pitch-pix-69a4ab7ce1944ad33f906bc3-6483-6496.mp4"
1105,"1","Knee-down Right","2026-04-21T20:00:42.554541Z",1104,3.344,"2026-04-21T20:00:42.554568Z","/data/local-files/?d=downloads/pitch-pix-69a4ab7ce1944ad33f906bc3-6531-6543.mp4"
1106,"1","Knee-down Right","2026-04-21T20:00:45.522461Z",1105,2.785,"2026-04-21T20:00:45.522478Z","/data/local-files/?d=downloads/pitch-pix-69a4ab7ce1944ad33f906bc3-6602-6625.mp4"
1107,"1","Knee-down Right","2026-04-21T20:00:47.166555Z",1106,1.473,"2026-04-21T20:00:47.166572Z","/data/local-files/?d=downloads/pitch-pix-69a4ab7ce1944ad33f906bc3-667-677.mp4"
1108,"1","Knee-down Right","2026-04-21T20:00:49.651781Z",1107,2.331,"2026-04-21T20:00:49.651797Z","/data/local-files/?d=downloads/pitch-pix-69a4ab7ce1944ad33f906bc3-6679-6699.mp4"
1109,"1","Knee-down Right","2026-04-21T20:00:54.150893Z",1108,4.333,"2026-04-21T20:00:54.150908Z","/data/local-files/?d=downloads/pitch-pix-69a4ab7ce1944ad33f906bc3-6716-6727.mp4"
1110,"1","Knee-down Right","2026-04-21T20:00:57.086661Z",1109,2.76,"2026-04-21T20:00:57.086678Z","/data/local-files/?d=downloads/pitch-pix-69a4ab7ce1944ad33f906bc3-6732-6744.mp4"
1111,"1","Knee-down Right","2026-04-21T20:00:59.024608Z",1110,1.77,"2026-04-21T20:00:59.024624Z","/data/local-files/?d=downloads/pitch-pix-69a4ab7ce1944ad33f906bc3-690-704.mp4"
1112,"1","Knee-down Right","2026-04-21T20:01:01.569885Z",1111,2.394,"2026-04-21T20:01:01.569904Z","/data/local-files/?d=downloads/pitch-pix-69a4ab7ce1944ad33f906bc3-729-746.mp4"
1113,"1","Knee-down Right","2026-04-21T20:01:06.955072Z",1112,5.228,"2026-04-21T20:01:06.955090Z","/data/local-files/?d=downloads/pitch-pix-69a4ab7ce1944ad33f906bc3-7405-7415.mp4"
1114,"1","Knee-down Right","2026-04-21T20:01:12.284946Z",1113,5.151,"2026-04-21T20:01:12.284966Z","/data/local-files/?d=downloads/pitch-pix-69a4ab7ce1944ad33f906bc3-7418-7443.mp4"
1115,"1","Knee-down Right","2026-04-21T20:01:18.607906Z",1114,6.153,"2026-04-21T20:01:18.607920Z","/data/local-files/?d=downloads/pitch-pix-69a4ab7ce1944ad33f906bc3-7465-7479.mp4"
1116,"1","Knee-down Right","2026-04-21T20:01:21.284571Z",1115,2.492,"2026-04-21T20:01:21.284591Z","/data/local-files/?d=downloads/pitch-pix-69a4ab7ce1944ad33f906bc3-7490-7503.mp4"
1117,"1","Knee-down Right","2026-04-21T20:01:28.561673Z",1116,7.1,"2026-04-21T20:01:28.561693Z","/data/local-files/?d=downloads/pitch-pix-69a4ab7ce1944ad33f906bc3-767-779.mp4"
1118,"1","Knee-down Right","2026-04-21T20:01:32.908292Z",1117,4.17,"2026-04-21T20:01:32.908311Z","/data/local-files/?d=downloads/pitch-pix-69a4ab7ce1944ad33f906bc3-7969-7982.mp4"
1119,"1","Knee-down Right","2026-04-21T20:01:36.568250Z",1118,3.493,"2026-04-21T20:01:36.568264Z","/data/local-files/?d=downloads/pitch-pix-69a4ab7ce1944ad33f906bc3-7999-8009.mp4"
1120,"1","Knee-down Right","2026-04-21T20:01:40.148931Z",1119,3.41,"2026-04-21T20:01:40.148952Z","/data/local-files/?d=downloads/pitch-pix-69a4ab7ce1944ad33f906bc3-8016-8027.mp4"
1121,"1","Knee-down Right","2026-04-21T20:01:43.033390Z",1120,2.711,"2026-04-21T20:01:43.033405Z","/data/local-files/?d=downloads/pitch-pix-69a4ab7ce1944ad33f906bc3-8037-8049.mp4"
1122,"1","Knee-down Right","2026-04-21T20:01:47.405109Z",1121,4.214,"2026-04-21T20:01:47.405125Z","/data/local-files/?d=downloads/pitch-pix-69a4ab7ce1944ad33f906bc3-8061-8077.mp4"
1123,"1","Knee-down Right","2026-04-21T20:01:49.765656Z",1122,2.172,"2026-04-21T20:01:49.765675Z","/data/local-files/?d=downloads/pitch-pix-69a4ab7ce1944ad33f906bc3-808-819.mp4"
1124,"1","Knee-down Right","2026-04-21T20:01:57.818995Z",1123,7.884,"2026-04-21T20:01:57.819015Z","/data/local-files/?d=downloads/pitch-pix-69a4ab7ce1944ad33f906bc3-8123-8146.mp4"
1125,"1","Knee-down Right","2026-04-21T20:02:02.259415Z",1124,4.266,"2026-04-21T20:02:02.259436Z","/data/local-files/?d=downloads/pitch-pix-69a4ab7ce1944ad33f906bc3-8157-8171.mp4"
1126,"1","Knee-down Right","2026-04-21T20:02:04.568190Z",1125,2.13,"2026-04-21T20:02:04.568209Z","/data/local-files/?d=downloads/pitch-pix-69a4ab7ce1944ad33f906bc3-8193-8203.mp4"
1127,"1","Knee-down Right","2026-04-21T20:02:07.718554Z",1126,2.972,"2026-04-21T20:02:07.718568Z","/data/local-files/?d=downloads/pitch-pix-69a4ab7ce1944ad33f906bc3-8228-8240.mp4"
1128,"1","Knee-down Right","2026-04-21T20:02:13.710744Z",1127,5.816,"2026-04-21T20:02:13.710762Z","/data/local-files/?d=downloads/pitch-pix-69a4ab7ce1944ad33f906bc3-8258-8272.mp4"
1129,"1","Knee-down Right","2026-04-21T20:02:16.083860Z",1128,2.176,"2026-04-21T20:02:16.083879Z","/data/local-files/?d=downloads/pitch-pix-69a4ab7ce1944ad33f906bc3-828-839.mp4"
1130,"1","Knee-down Right","2026-04-21T20:02:19.486051Z",1129,3.225,"2026-04-21T20:02:19.486071Z","/data/local-files/?d=downloads/pitch-pix-69a4ab7ce1944ad33f906bc3-8317-8331.mp4"
1131,"1","Knee-down Right","2026-04-21T20:02:26.671986Z",1130,7.006,"2026-04-21T20:02:26.672006Z","/data/local-files/?d=downloads/pitch-pix-69a4ab7ce1944ad33f906bc3-8355-8370.mp4"
1132,"1","Knee-down Right","2026-04-21T20:02:29.840445Z",1131,3.005,"2026-04-21T20:02:29.840462Z","/data/local-files/?d=downloads/pitch-pix-69a4ab7ce1944ad33f906bc3-8444-8455.mp4"
1133,"1","Knee-down Right","2026-04-21T20:02:33.602284Z",1132,3.572,"2026-04-21T20:02:33.602303Z","/data/local-files/?d=downloads/pitch-pix-69a4ab7ce1944ad33f906bc3-8462-8517.mp4"
1134,"1","Knee-down Right","2026-04-21T20:02:35.585522Z",1133,1.777,"2026-04-21T20:02:35.585547Z","/data/local-files/?d=downloads/pitch-pix-69a4ab7ce1944ad33f906bc3-847-862.mp4"
1135,"1","Knee-down Right","2026-04-21T20:02:39.025028Z",1134,3.254,"2026-04-21T20:02:39.025044Z","/data/local-files/?d=downloads/pitch-pix-69a4ab7ce1944ad33f906bc3-8529-8540.mp4"
1136,"1","Knee-down Right","2026-04-21T20:02:40.602062Z",1135,1.403,"2026-04-21T20:02:40.602075Z","/data/local-files/?d=downloads/pitch-pix-69a4ab7ce1944ad33f906bc3-8551-8563.mp4"
1137,"1","Knee-down Right","2026-04-21T20:02:44.021269Z",1136,3.248,"2026-04-21T20:02:44.021289Z","/data/local-files/?d=downloads/pitch-pix-69a4ab7ce1944ad33f906bc3-8568-8580.mp4"
1138,"1","Knee-down Right","2026-04-21T20:02:47.529249Z",1137,3.338,"2026-04-21T20:02:47.529270Z","/data/local-files/?d=downloads/pitch-pix-69a4ab7ce1944ad33f906bc3-8591-8602.mp4"
1139,"1","Knee-down Right","2026-04-21T20:02:52.306042Z",1138,4.607,"2026-04-21T20:02:52.306060Z","/data/local-files/?d=downloads/pitch-pix-69a4ab7ce1944ad33f906bc3-8629-8642.mp4"
1140,"1","Knee-down Right","2026-04-21T20:02:55.004583Z",1139,2.504,"2026-04-21T20:02:55.004602Z","/data/local-files/?d=downloads/pitch-pix-69a4ab7ce1944ad33f906bc3-8653-8665.mp4"
1141,"1","Knee-down Right","2026-04-21T20:02:59.697118Z",1140,4.525,"2026-04-21T20:02:59.697133Z","/data/local-files/?d=downloads/pitch-pix-69a4ab7ce1944ad33f906bc3-8679-8691.mp4"
1142,"1","Knee-down Right","2026-04-21T20:03:04.215161Z",1141,4.343,"2026-04-21T20:03:04.215178Z","/data/local-files/?d=downloads/pitch-pix-69a4ab7ce1944ad33f906bc3-8701-8713.mp4"
1143,"1","Knee-down Right","2026-04-21T20:03:07.127894Z",1142,2.725,"2026-04-21T20:03:07.127914Z","/data/local-files/?d=downloads/pitch-pix-69a4ab7ce1944ad33f906bc3-8741-8753.mp4"
1144,"1","Knee-down Right","2026-04-21T20:03:10.233874Z",1143,2.942,"2026-04-21T20:03:10.233889Z","/data/local-files/?d=downloads/pitch-pix-69a4ab7ce1944ad33f906bc3-8762-8774.mp4"
1145,"1","Knee-down Right","2026-04-21T20:03:14.806307Z",1144,4.396,"2026-04-21T20:03:14.806326Z","/data/local-files/?d=downloads/pitch-pix-69a4ab7ce1944ad33f906bc3-8788-8801.mp4"
1146,"1","Knee-down Right","2026-04-21T20:03:21.457340Z",1145,6.487,"2026-04-21T20:03:21.457356Z","/data/local-files/?d=downloads/pitch-pix-69a4ab7ce1944ad33f906bc3-8810-8834.mp4"
1147,"1","Knee-down Right","2026-04-21T20:03:24.135573Z",1146,2.525,"2026-04-21T20:03:24.135589Z","/data/local-files/?d=downloads/pitch-pix-69a4ab7ce1944ad33f906bc3-883-893.mp4"
1148,"1","Knee-down Right","2026-04-21T20:03:28.388284Z",1147,4.096,"2026-04-21T20:03:28.388302Z","/data/local-files/?d=downloads/pitch-pix-69a4ab7ce1944ad33f906bc3-8855-8869.mp4"
1149,"1","Knee-down Right","2026-04-21T20:03:31.830216Z",1148,3.261,"2026-04-21T20:03:31.830234Z","/data/local-files/?d=downloads/pitch-pix-69a4ab7ce1944ad33f906bc3-8883-8893.mp4"
1150,"1","Knee-down Right","2026-04-21T20:03:35.337274Z",1149,3.313,"2026-04-21T20:03:35.337291Z","/data/local-files/?d=downloads/pitch-pix-69a4ab7ce1944ad33f906bc3-8902-8913.mp4"
1151,"1","Knee-down Right","2026-04-21T20:03:38.176541Z",1150,2.663,"2026-04-21T20:03:38.176562Z","/data/local-files/?d=downloads/pitch-pix-69a4ab7ce1944ad33f906bc3-8931-8941.mp4"
1152,"1","Knee-down Right","2026-04-21T20:03:42.331952Z",1151,3.968,"2026-04-21T20:03:42.331967Z","/data/local-files/?d=downloads/pitch-pix-69a4ab7ce1944ad33f906bc3-901-913.mp4"
1153,"1","Knee-down Right","2026-04-21T20:03:45.247918Z",1152,2.726,"2026-04-21T20:03:45.247937Z","/data/local-files/?d=downloads/pitch-pix-69a4ab7ce1944ad33f906bc3-924-934.mp4"
1154,"1","Knee-down Right","2026-04-21T20:03:50.632794Z",1153,5.209,"2026-04-21T20:03:50.632811Z","/data/local-files/?d=downloads/pitch-pix-69a4ab7ce1944ad33f906bc3-942-954.mp4"
1155,"1","Knee-down Right","2026-04-21T20:03:57.202423Z",1154,6.334,"2026-04-21T20:03:57.202436Z","/data/local-files/?d=downloads/pitch-pix-69a4ab7ce1944ad33f906bc3-9537-9550.mp4"
1156,"1","Knee-down Right","2026-04-21T20:04:00.784919Z",1155,3.425,"2026-04-21T20:04:00.784938Z","/data/local-files/?d=downloads/pitch-pix-69a4ab7ce1944ad33f906bc3-9558-9581.mp4"
1157,"1","Knee-down Right","2026-04-21T20:04:04.319324Z",1156,3.364,"2026-04-21T20:04:04.319348Z","/data/local-files/?d=downloads/pitch-pix-69a4ab7ce1944ad33f906bc3-9605-9617.mp4"
1158,"1","Knee-down Right","2026-04-21T20:04:07.848810Z",1157,3.34,"2026-04-21T20:04:07.848832Z","/data/local-files/?d=downloads/pitch-pix-69a4ab7ce1944ad33f906bc3-9645-9657.mp4"
1159,"1","Knee-down Right","2026-04-21T20:04:09.512793Z",1158,1.514,"2026-04-21T20:04:09.512811Z","/data/local-files/?d=downloads/pitch-pix-69a4ab7ce1944ad33f906bc3-965-977.mp4"
1160,"1","Knee-down Right","2026-04-21T20:04:12.549885Z",1159,2.836,"2026-04-21T20:04:12.549905Z","/data/local-files/?d=downloads/pitch-pix-69a4ab7ce1944ad33f906bc3-9675-9685.mp4"
1161,"1","Knee-down Right","2026-04-21T20:04:14.178731Z",1160,1.438,"2026-04-21T20:04:14.178752Z","/data/local-files/?d=downloads/pitch-pix-69a4ab7ce1944ad33f906bc3-9691-9701.mp4"
1162,"1","Knee-down Right","2026-04-21T20:04:16.135365Z",1161,1.789,"2026-04-21T20:04:16.135387Z","/data/local-files/?d=downloads/pitch-pix-69a4ab7ce1944ad33f906bc3-9709-9721.mp4"
1163,"1","Knee-down Right","2026-04-21T20:04:20.189456Z",1162,3.896,"2026-04-21T20:04:20.189475Z","/data/local-files/?d=downloads/pitch-pix-69a4ab7ce1944ad33f906bc3-9744-9756.mp4"
1164,"1","Knee-down Right","2026-04-21T20:04:24.354477Z",1163,3.985,"2026-04-21T20:04:24.354498Z","/data/local-files/?d=downloads/pitch-pix-69a4ab7ce1944ad33f906bc3-9793-9804.mp4"
1165,"1","Knee-down Right","2026-04-21T20:04:27.264741Z",1164,2.718,"2026-04-21T20:04:27.264755Z","/data/local-files/?d=downloads/pitch-pix-69a4ab7ce1944ad33f906bc3-9814-9828.mp4"
1166,"1","Bad Video","2026-04-21T20:04:36.871891Z",1165,9.428,"2026-04-21T20:04:36.871909Z","/data/local-files/?d=downloads/pitch-pix-69a4ab7ce1944ad33f906bc3-9860-9875.mp4"
1167,"1","Knee-down Right","2026-04-21T20:04:43.322475Z",1166,6.267,"2026-04-21T20:04:43.322493Z","/data/local-files/?d=downloads/pitch-pix-69a4ab7ce1944ad33f906bc3-9879-9892.mp4"
1168,"1","Knee-down Right","2026-04-21T20:04:47.404158Z",1167,3.902,"2026-04-21T20:04:47.404173Z","/data/local-files/?d=downloads/pitch-pix-69a4ab7ce1944ad33f906bc3-9909-9923.mp4"
1169,"1","Knee-down Right","2026-04-21T20:04:50.532153Z",1168,2.968,"2026-04-21T20:04:50.532173Z","/data/local-files/?d=downloads/pitch-pix-69a4ab7ce1944ad33f906bc3-9929-9944.mp4"
1170,"1","Knee-down Right","2026-04-21T20:04:53.321325Z",1169,2.62,"2026-04-21T20:04:53.321343Z","/data/local-files/?d=downloads/pitch-pix-69a4ab7ce1944ad33f906bc3-995-1008.mp4"
1171,"1","Knee-down Right","2026-04-21T20:04:57.629038Z",1170,4.135,"2026-04-21T20:04:57.629054Z","/data/local-files/?d=downloads/pitch-pix-69a4ab7ce1944ad33f906bc3-9969-9991.mp4"
1172,"1","Knee-down Right","2026-04-21T20:05:05.697988Z",1171,7.894,"2026-04-21T20:05:05.698004Z","/data/local-files/?d=downloads/pitch-pix-69a617669169e26d51144ca1-1000-1012.mp4"
1173,"1","Knee-down Right","2026-04-21T20:05:10.172639Z",1172,4.301,"2026-04-21T20:05:10.172666Z","/data/local-files/?d=downloads/pitch-pix-69a617669169e26d51144ca1-10013-10023.mp4"
1174,"1","Knee-down Right","2026-04-21T20:05:13.898487Z",1173,3.555,"2026-04-21T20:05:13.898504Z","/data/local-files/?d=downloads/pitch-pix-69a617669169e26d51144ca1-10036-10045.mp4"
1175,"1","Knee-down Right","2026-04-21T20:05:19.587950Z",1174,5.503,"2026-04-21T20:05:19.587965Z","/data/local-files/?d=downloads/pitch-pix-69a617669169e26d51144ca1-10053-10062.mp4"
1176,"1","Knee-down Right","2026-04-21T20:05:22.078494Z",1175,2.321,"2026-04-21T20:05:22.078511Z","/data/local-files/?d=downloads/pitch-pix-69a617669169e26d51144ca1-10065-10076.mp4"
1177,"1","Knee-down Right","2026-04-21T20:05:23.871343Z",1176,1.619,"2026-04-21T20:05:23.871361Z","/data/local-files/?d=downloads/pitch-pix-69a617669169e26d51144ca1-10079-10088.mp4"
1178,"1","Knee-down Right","2026-04-21T20:05:25.463876Z",1177,1.418,"2026-04-21T20:05:25.463897Z","/data/local-files/?d=downloads/pitch-pix-69a617669169e26d51144ca1-10092-10103.mp4"
1179,"1","Knee-down Right","2026-04-21T20:05:27.078271Z",1178,1.453,"2026-04-21T20:05:27.078285Z","/data/local-files/?d=downloads/pitch-pix-69a617669169e26d51144ca1-10124-10136.mp4"
1180,"1","Knee-down Right","2026-04-21T20:05:35.516834Z",1179,8.271,"2026-04-21T20:05:35.516853Z","/data/local-files/?d=downloads/pitch-pix-69a617669169e26d51144ca1-10167-10178.mp4"
1181,"1","Knee-down Right","2026-04-21T20:05:37.523328Z",1180,1.834,"2026-04-21T20:05:37.523349Z","/data/local-files/?d=downloads/pitch-pix-69a617669169e26d51144ca1-10192-10202.mp4"
1182,"1","Knee-down Right","2026-04-21T20:05:39.470725Z",1181,1.787,"2026-04-21T20:05:39.470741Z","/data/local-files/?d=downloads/pitch-pix-69a617669169e26d51144ca1-10213-10229.mp4"
1183,"1","Knee-down Right","2026-04-21T20:05:41.494693Z",1182,1.852,"2026-04-21T20:05:41.494711Z","/data/local-files/?d=downloads/pitch-pix-69a617669169e26d51144ca1-10246-10256.mp4"
1184,"1","Bad Video","2026-04-21T20:05:50.544697Z",1183,8.853,"2026-04-21T20:05:50.544717Z","/data/local-files/?d=downloads/pitch-pix-69a617669169e26d51144ca1-10299-10309.mp4"
1185,"1","Knee-down Right","2026-04-21T20:05:55.340397Z",1184,4.609,"2026-04-21T20:05:55.340414Z","/data/local-files/?d=downloads/pitch-pix-69a617669169e26d51144ca1-10315-10346.mp4"
1186,"1","Bad Video","2026-04-21T20:06:03.267504Z",1185,7.734,"2026-04-21T20:06:03.267522Z","/data/local-files/?d=downloads/pitch-pix-69a617669169e26d51144ca1-10362-10372.mp4"
1187,"1","Knee-down Right","2026-04-21T20:06:15.416911Z",1186,11.99,"2026-04-21T20:06:15.416929Z","/data/local-files/?d=downloads/pitch-pix-69a617669169e26d51144ca1-10377-10385.mp4"
1188,"1","Knee-down Right","2026-04-21T20:06:19.220679Z",1187,3.623,"2026-04-21T20:06:19.220697Z","/data/local-files/?d=downloads/pitch-pix-69a617669169e26d51144ca1-10392-10404.mp4"
1189,"1","Knee-down Right","2026-04-21T20:06:25.161476Z",1188,5.749,"2026-04-21T20:06:25.161494Z","/data/local-files/?d=downloads/pitch-pix-69a617669169e26d51144ca1-1042-1052.mp4"
1190,"1","Knee-down Right","2026-04-21T20:06:28.747041Z",1189,3.398,"2026-04-21T20:06:28.747059Z","/data/local-files/?d=downloads/pitch-pix-69a617669169e26d51144ca1-10443-10452.mp4"
1191,"1","Knee-down Right","2026-04-21T20:06:31.257684Z",1190,2.32,"2026-04-21T20:06:31.257704Z","/data/local-files/?d=downloads/pitch-pix-69a617669169e26d51144ca1-10461-10470.mp4"
1192,"1","Knee-down Right","2026-04-21T20:06:33.729989Z",1191,2.264,"2026-04-21T20:06:33.730008Z","/data/local-files/?d=downloads/pitch-pix-69a617669169e26d51144ca1-10481-10490.mp4"
1193,"1","Knee-down Right","2026-04-21T20:06:35.381851Z",1192,1.473,"2026-04-21T20:06:35.381871Z","/data/local-files/?d=downloads/pitch-pix-69a617669169e26d51144ca1-10526-10535.mp4"
1194,"1","Knee-down Right","2026-04-21T20:06:39.350990Z",1193,3.791,"2026-04-21T20:06:39.351013Z","/data/local-files/?d=downloads/pitch-pix-69a617669169e26d51144ca1-10552-10574.mp4"
1195,"1","Knee-down Right","2026-04-21T20:06:45.861760Z",1194,6.34,"2026-04-21T20:06:45.861777Z","/data/local-files/?d=downloads/pitch-pix-69a617669169e26d51144ca1-1061-1073.mp4"
1196,"1","Knee-down Right","2026-04-21T20:06:51.418552Z",1195,5.371,"2026-04-21T20:06:51.418594Z","/data/local-files/?d=downloads/pitch-pix-69a617669169e26d51144ca1-1097-1109.mp4"
1197,"1","Knee-down Right","2026-04-21T20:06:55.598984Z",1196,3.985,"2026-04-21T20:06:55.598998Z","/data/local-files/?d=downloads/pitch-pix-69a617669169e26d51144ca1-1133-1142.mp4"
1198,"1","Knee-down Right","2026-04-21T20:06:58.241753Z",1197,2.464,"2026-04-21T20:06:58.241772Z","/data/local-files/?d=downloads/pitch-pix-69a617669169e26d51144ca1-1151-1160.mp4"
1199,"1","Knee-down Right","2026-04-21T20:07:03.832759Z",1198,5.407,"2026-04-21T20:07:03.832778Z","/data/local-files/?d=downloads/pitch-pix-69a617669169e26d51144ca1-1170-1182.mp4"
1200,"1","Knee-down Right","2026-04-21T20:07:09.004277Z",1199,4.982,"2026-04-21T20:07:09.004294Z","/data/local-files/?d=downloads/pitch-pix-69a617669169e26d51144ca1-1191-1203.mp4"
1201,"1","Knee-down Right","2026-04-21T20:07:14.013993Z",1200,4.845,"2026-04-21T20:07:14.014008Z","/data/local-files/?d=downloads/pitch-pix-69a617669169e26d51144ca1-1215-1226.mp4"
1202,"1","Bad Video","2026-04-21T20:07:20.799447Z",1201,6.629,"2026-04-21T20:07:20.799465Z","/data/local-files/?d=downloads/pitch-pix-69a617669169e26d51144ca1-1242-1251.mp4"
1203,"1","Knee-down Right","2026-04-21T20:07:26.871779Z",1202,5.887,"2026-04-21T20:07:26.871800Z","/data/local-files/?d=downloads/pitch-pix-69a617669169e26d51144ca1-1265-1277.mp4"
1204,"1","Knee-down Right","2026-04-21T20:07:33.488133Z",1203,6.405,"2026-04-21T20:07:33.488153Z","/data/local-files/?d=downloads/pitch-pix-69a617669169e26d51144ca1-1288-1301.mp4"
1205,"1","Knee-down Right","2026-04-21T20:07:39.882460Z",1204,6.225,"2026-04-21T20:07:39.882476Z","/data/local-files/?d=downloads/pitch-pix-69a617669169e26d51144ca1-1316-1329.mp4"
1206,"1","Knee-down Right","2026-04-21T20:07:44.453281Z",1205,4.411,"2026-04-21T20:07:44.453296Z","/data/local-files/?d=downloads/pitch-pix-69a617669169e26d51144ca1-1344-1361.mp4"
1207,"1","Knee-down Right","2026-04-21T20:07:49.846638Z",1206,5.207,"2026-04-21T20:07:49.846655Z","/data/local-files/?d=downloads/pitch-pix-69a617669169e26d51144ca1-2181-2191.mp4"
1208,"1","Knee-down Right","2026-04-21T20:07:58.562906Z",1207,8.542,"2026-04-21T20:07:58.562925Z","/data/local-files/?d=downloads/pitch-pix-69a617669169e26d51144ca1-2195-2210.mp4"
1209,"1","Knee-down Right","2026-04-21T20:08:06.047032Z",1208,7.287,"2026-04-21T20:08:06.047053Z","/data/local-files/?d=downloads/pitch-pix-69a617669169e26d51144ca1-2231-2242.mp4"
1210,"1","Knee-down Right","2026-04-21T20:08:11.929211Z",1209,5.679,"2026-04-21T20:08:11.929230Z","/data/local-files/?d=downloads/pitch-pix-69a617669169e26d51144ca1-2248-2261.mp4"
1211,"1","Knee-down Right","2026-04-21T20:08:20.270226Z",1210,8.158,"2026-04-21T20:08:20.270241Z","/data/local-files/?d=downloads/pitch-pix-69a617669169e26d51144ca1-2273-2287.mp4"
1212,"1","Knee-down Right","2026-04-21T20:08:28.456585Z",1211,8.002,"2026-04-21T20:08:28.456599Z","/data/local-files/?d=downloads/pitch-pix-69a617669169e26d51144ca1-2299-2312.mp4"
1213,"1","Knee-down Right","2026-04-21T20:08:34.938287Z",1212,6.277,"2026-04-21T20:08:34.938304Z","/data/local-files/?d=downloads/pitch-pix-69a617669169e26d51144ca1-2325-2338.mp4"
1214,"1","Knee-down Right","2026-04-21T20:08:40.672004Z",1213,5.55,"2026-04-21T20:08:40.672020Z","/data/local-files/?d=downloads/pitch-pix-69a617669169e26d51144ca1-2376-2387.mp4"
1215,"1","Knee-down Right","2026-04-21T20:08:48.934899Z",1214,8.065,"2026-04-21T20:08:48.934919Z","/data/local-files/?d=downloads/pitch-pix-69a617669169e26d51144ca1-2399-2411.mp4"
1216,"1","Knee-down Right","2026-04-21T20:08:56.206299Z",1215,7.088,"2026-04-21T20:08:56.206315Z","/data/local-files/?d=downloads/pitch-pix-69a617669169e26d51144ca1-2519-2531.mp4"
1217,"1","Knee-down Right","2026-04-21T20:09:37.556650Z",1216,41.151,"2026-04-21T20:09:37.556665Z","/data/local-files/?d=downloads/pitch-pix-69a617669169e26d51144ca1-2542-2556.mp4"
1218,"1","Knee-down Right","2026-04-21T20:10:08.482719Z",1217,30.724,"2026-04-21T20:10:08.482736Z","/data/local-files/?d=downloads/pitch-pix-69a617669169e26d51144ca1-2575-2586.mp4"
1219,"1","Knee-down Right","2026-04-21T20:10:12.462662Z",1218,3.806,"2026-04-21T20:10:12.462676Z","/data/local-files/?d=downloads/pitch-pix-69a617669169e26d51144ca1-2595-2605.mp4"
1220,"1","Knee-down Right","2026-04-21T20:10:20.330300Z",1219,7.676,"2026-04-21T20:10:20.330316Z","/data/local-files/?d=downloads/pitch-pix-69a617669169e26d51144ca1-2616-2629.mp4"
1221,"1","Knee-down Right","2026-04-21T20:10:32.805170Z",1220,12.291,"2026-04-21T20:10:32.805186Z","/data/local-files/?d=downloads/pitch-pix-69a617669169e26d51144ca1-2646-2655.mp4"
1222,"1","Knee-down Right","2026-04-21T20:10:37.619141Z",1221,4.625,"2026-04-21T20:10:37.619161Z","/data/local-files/?d=downloads/pitch-pix-69a617669169e26d51144ca1-2695-2706.mp4"
1223,"1","Knee-down Right","2026-04-21T20:10:46.779835Z",1222,8.963,"2026-04-21T20:10:46.779850Z","/data/local-files/?d=downloads/pitch-pix-69a617669169e26d51144ca1-2713-2725.mp4"
1224,"1","Knee-down Right","2026-04-21T20:10:52.467375Z",1223,5.5,"2026-04-21T20:10:52.467398Z","/data/local-files/?d=downloads/pitch-pix-69a617669169e26d51144ca1-2734-2745.mp4"
1225,"1","Knee-down Right","2026-04-21T20:10:58.735916Z",1224,6.078,"2026-04-21T20:10:58.735931Z","/data/local-files/?d=downloads/pitch-pix-69a617669169e26d51144ca1-2760-2772.mp4"
1226,"1","Knee-down Right","2026-04-21T20:11:03.402916Z",1225,4.482,"2026-04-21T20:11:03.402933Z","/data/local-files/?d=downloads/pitch-pix-69a617669169e26d51144ca1-2798-2810.mp4"
1227,"1","Knee-down Right","2026-04-21T20:11:10.085041Z",1226,6.489,"2026-04-21T20:11:10.085061Z","/data/local-files/?d=downloads/pitch-pix-69a617669169e26d51144ca1-2841-2854.mp4"
1228,"1","Bad Video","2026-04-21T20:11:22.419238Z",1227,12.152,"2026-04-21T20:11:22.419257Z","/data/local-files/?d=downloads/pitch-pix-69a617669169e26d51144ca1-2868-2881.mp4"
1229,"1","Knee-down Right","2026-04-21T20:11:29.978311Z",1228,7.365,"2026-04-21T20:11:29.978338Z","/data/local-files/?d=downloads/pitch-pix-69a617669169e26d51144ca1-2897-2908.mp4"
1230,"1","Knee-down Right","2026-04-21T20:11:41.386158Z",1229,11.225,"2026-04-21T20:11:41.386175Z","/data/local-files/?d=downloads/pitch-pix-69a617669169e26d51144ca1-2922-2941.mp4"
1231,"1","Knee-down Right","2026-04-21T20:11:48.475828Z",1230,6.908,"2026-04-21T20:11:48.475846Z","/data/local-files/?d=downloads/pitch-pix-69a617669169e26d51144ca1-3476-3488.mp4"
1232,"1","Knee-down Right","2026-04-21T20:11:56.915567Z",1231,8.252,"2026-04-21T20:11:56.915583Z","/data/local-files/?d=downloads/pitch-pix-69a617669169e26d51144ca1-3492-3503.mp4"
1233,"1","Knee-down Right","2026-04-21T20:12:04.514985Z",1232,7.408,"2026-04-21T20:12:04.515007Z","/data/local-files/?d=downloads/pitch-pix-69a617669169e26d51144ca1-3508-3520.mp4"
1234,"1","Knee-down Right","2026-04-21T20:12:10.349374Z",1233,5.623,"2026-04-21T20:12:10.349389Z","/data/local-files/?d=downloads/pitch-pix-69a617669169e26d51144ca1-3532-3544.mp4"
1235,"1","Knee-down Right","2026-04-21T20:12:17.063388Z",1234,6.523,"2026-04-21T20:12:17.063402Z","/data/local-files/?d=downloads/pitch-pix-69a617669169e26d51144ca1-3596-3610.mp4"
1236,"1","Knee-down Right","2026-04-21T20:12:21.315063Z",1235,4.052,"2026-04-21T20:12:21.315082Z","/data/local-files/?d=downloads/pitch-pix-69a617669169e26d51144ca1-3636-3646.mp4"
1237,"1","Knee-down Right","2026-04-21T20:12:24.536169Z",1236,3.031,"2026-04-21T20:12:24.536184Z","/data/local-files/?d=downloads/pitch-pix-69a617669169e26d51144ca1-3655-3671.mp4"
1238,"1","Knee-down Right","2026-04-21T20:12:28.413608Z",1237,3.508,"2026-04-21T20:12:28.413652Z","/data/local-files/?d=downloads/pitch-pix-69a617669169e26d51144ca1-3934-3944.mp4"
1239,"1","Knee-down Right","2026-04-21T20:12:33.113967Z",1238,4.466,"2026-04-21T20:12:33.113985Z","/data/local-files/?d=downloads/pitch-pix-69a617669169e26d51144ca1-3966-3979.mp4"
1240,"1","Knee-down Right","2026-04-21T20:12:37.134218Z",1239,3.825,"2026-04-21T20:12:37.134236Z","/data/local-files/?d=downloads/pitch-pix-69a617669169e26d51144ca1-3991-4001.mp4"
1241,"1","Knee-down Right","2026-04-21T20:12:44.594381Z",1240,7.261,"2026-04-21T20:12:44.594396Z","/data/local-files/?d=downloads/pitch-pix-69a617669169e26d51144ca1-4029-4040.mp4"
1242,"1","Knee-down Right","2026-04-21T20:12:47.305247Z",1241,2.514,"2026-04-21T20:12:47.305266Z","/data/local-files/?d=downloads/pitch-pix-69a617669169e26d51144ca1-4056-4068.mp4"
1243,"1","Knee-down Right","2026-04-21T20:12:53.348118Z",1242,5.866,"2026-04-21T20:12:53.348132Z","/data/local-files/?d=downloads/pitch-pix-69a617669169e26d51144ca1-4100-4112.mp4"
1244,"1","Knee-down Right","2026-04-21T20:12:55.784085Z",1243,2.25,"2026-04-21T20:12:55.784102Z","/data/local-files/?d=downloads/pitch-pix-69a617669169e26d51144ca1-4130-4144.mp4"
1245,"1","Knee-down Right","2026-04-21T20:12:59.502101Z",1244,3.544,"2026-04-21T20:12:59.502116Z","/data/local-files/?d=downloads/pitch-pix-69a617669169e26d51144ca1-4624-4634.mp4"
1246,"1","Bad Video","2026-04-21T20:13:08.345030Z",1245,8.669,"2026-04-21T20:13:08.345047Z","/data/local-files/?d=downloads/pitch-pix-69a617669169e26d51144ca1-4639-4649.mp4"
1247,"1","Knee-down Right","2026-04-21T20:13:15.282414Z",1246,6.771,"2026-04-21T20:13:15.282432Z","/data/local-files/?d=downloads/pitch-pix-69a617669169e26d51144ca1-4656-4667.mp4"
1248,"1","Knee-down Right","2026-04-21T20:13:20.436870Z",1247,4.963,"2026-04-21T20:13:20.436888Z","/data/local-files/?d=downloads/pitch-pix-69a617669169e26d51144ca1-4678-4690.mp4"
1249,"1","Knee-down Right","2026-04-21T20:13:23.200725Z",1248,2.567,"2026-04-21T20:13:23.200743Z","/data/local-files/?d=downloads/pitch-pix-69a617669169e26d51144ca1-4711-4720.mp4"
1250,"1","Knee-down Right","2026-04-21T20:13:25.717347Z",1249,2.336,"2026-04-21T20:13:25.717364Z","/data/local-files/?d=downloads/pitch-pix-69a617669169e26d51144ca1-4724-4736.mp4"
1251,"1","Knee-down Right","2026-04-21T20:13:29.237497Z",1250,3.336,"2026-04-21T20:13:29.237516Z","/data/local-files/?d=downloads/pitch-pix-69a617669169e26d51144ca1-4745-4756.mp4"
1252,"1","Knee-down Right","2026-04-21T20:13:33.856569Z",1251,4.453,"2026-04-21T20:13:33.856584Z","/data/local-files/?d=downloads/pitch-pix-69a617669169e26d51144ca1-4762-4773.mp4"
1253,"1","Knee-down Right","2026-04-21T20:13:40.745745Z",1252,6.673,"2026-04-21T20:13:40.745764Z","/data/local-files/?d=downloads/pitch-pix-69a617669169e26d51144ca1-4787-4802.mp4"
1254,"1","Knee-down Right","2026-04-21T20:13:43.811989Z",1253,2.878,"2026-04-21T20:13:43.812009Z","/data/local-files/?d=downloads/pitch-pix-69a617669169e26d51144ca1-4823-4834.mp4"
1255,"1","Knee-down Right","2026-04-21T20:13:47.031422Z",1254,3.047,"2026-04-21T20:13:47.031440Z","/data/local-files/?d=downloads/pitch-pix-69a617669169e26d51144ca1-4838-4848.mp4"
1256,"1","Knee-down Right","2026-04-21T20:14:16.222459Z",1255,28.991,"2026-04-21T20:14:16.222477Z","/data/local-files/?d=downloads/pitch-pix-69a617669169e26d51144ca1-4859-4870.mp4"
1257,"1","Knee-down Right","2026-04-21T20:14:19.741410Z",1256,3.324,"2026-04-21T20:14:19.741427Z","/data/local-files/?d=downloads/pitch-pix-69a617669169e26d51144ca1-4898-4910.mp4"
1258,"1","Knee-down Right","2026-04-21T20:14:21.762029Z",1257,1.828,"2026-04-21T20:14:21.762048Z","/data/local-files/?d=downloads/pitch-pix-69a617669169e26d51144ca1-4958-4971.mp4"
1259,"1","Knee-down Right","2026-04-21T20:14:23.227609Z",1258,1.281,"2026-04-21T20:14:23.227626Z","/data/local-files/?d=downloads/pitch-pix-69a617669169e26d51144ca1-4999-5009.mp4"
1260,"1","Knee-down Right","2026-04-21T20:14:25.866260Z",1259,2.449,"2026-04-21T20:14:25.866280Z","/data/local-files/?d=downloads/pitch-pix-69a617669169e26d51144ca1-5015-5026.mp4"
1261,"1","Knee-down Right","2026-04-21T20:14:28.219840Z",1260,2.171,"2026-04-21T20:14:28.219859Z","/data/local-files/?d=downloads/pitch-pix-69a617669169e26d51144ca1-5039-5056.mp4"
1262,"1","Knee-down Right","2026-04-21T20:14:31.694945Z",1261,3.284,"2026-04-21T20:14:31.694962Z","/data/local-files/?d=downloads/pitch-pix-69a617669169e26d51144ca1-5084-5094.mp4"
1263,"1","Knee-down Right","2026-04-21T20:14:33.860167Z",1262,1.964,"2026-04-21T20:14:33.860195Z","/data/local-files/?d=downloads/pitch-pix-69a617669169e26d51144ca1-5127-5139.mp4"
1264,"1","Knee-down Right","2026-04-21T20:14:35.767993Z",1263,1.705,"2026-04-21T20:14:35.768014Z","/data/local-files/?d=downloads/pitch-pix-69a617669169e26d51144ca1-5158-5171.mp4"
1265,"1","Knee-down Right","2026-04-21T20:14:39.809366Z",1264,3.84,"2026-04-21T20:14:39.809384Z","/data/local-files/?d=downloads/pitch-pix-69a617669169e26d51144ca1-558-566.mp4"
1266,"1","Knee-down Right","2026-04-21T20:14:44.385732Z",1265,4.376,"2026-04-21T20:14:44.385750Z","/data/local-files/?d=downloads/pitch-pix-69a617669169e26d51144ca1-572-581.mp4"
1267,"1","Knee-down Right","2026-04-21T20:14:51.422217Z",1266,6.831,"2026-04-21T20:14:51.422235Z","/data/local-files/?d=downloads/pitch-pix-69a617669169e26d51144ca1-5762-5773.mp4"
1268,"1","Knee-down Right","2026-04-21T20:14:53.724399Z",1267,2.114,"2026-04-21T20:14:53.724415Z","/data/local-files/?d=downloads/pitch-pix-69a617669169e26d51144ca1-5781-5791.mp4"
1269,"1","Knee-down Right","2026-04-21T20:14:57.307762Z",1268,3.389,"2026-04-21T20:14:57.307784Z","/data/local-files/?d=downloads/pitch-pix-69a617669169e26d51144ca1-5812-5821.mp4"
1270,"1","Knee-down Right","2026-04-21T20:14:58.751675Z",1269,1.249,"2026-04-21T20:14:58.751693Z","/data/local-files/?d=downloads/pitch-pix-69a617669169e26d51144ca1-5827-5840.mp4"
1271,"1","Knee-down Right","2026-04-21T20:15:26.357886Z",1270,27.404,"2026-04-21T20:15:26.357902Z","/data/local-files/?d=downloads/pitch-pix-69a617669169e26d51144ca1-5877-5889.mp4"
1272,"1","Knee-down Right","2026-04-21T20:15:32.614454Z",1271,6.057,"2026-04-21T20:15:32.614472Z","/data/local-files/?d=downloads/pitch-pix-69a617669169e26d51144ca1-588-598.mp4"
1273,"1","Bad Video","2026-04-21T20:15:44.767424Z",1272,11.951,"2026-04-21T20:15:44.767456Z","/data/local-files/?d=downloads/pitch-pix-69a617669169e26d51144ca1-5912-5925.mp4"
1274,"1","Knee-down Right","2026-04-21T20:15:47.651040Z",1273,2.691,"2026-04-21T20:15:47.651058Z","/data/local-files/?d=downloads/pitch-pix-69a617669169e26d51144ca1-5950-5960.mp4"
1275,"1","Knee-down Right","2026-04-21T20:15:52.164559Z",1274,4.311,"2026-04-21T20:15:52.164575Z","/data/local-files/?d=downloads/pitch-pix-69a617669169e26d51144ca1-5968-5980.mp4"
1276,"1","Knee-down Right","2026-04-21T20:15:54.907194Z",1275,2.556,"2026-04-21T20:15:54.907217Z","/data/local-files/?d=downloads/pitch-pix-69a617669169e26d51144ca1-5988-6000.mp4"
1277,"1","Knee-down Right","2026-04-21T20:15:59.758036Z",1276,4.65,"2026-04-21T20:15:59.758055Z","/data/local-files/?d=downloads/pitch-pix-69a617669169e26d51144ca1-610-620.mp4"
1278,"1","Knee-down Right","2026-04-21T20:16:01.875178Z",1277,1.918,"2026-04-21T20:16:01.875196Z","/data/local-files/?d=downloads/pitch-pix-69a617669169e26d51144ca1-6196-6209.mp4"
1279,"1","Knee-down Right","2026-04-21T20:16:05.568821Z",1278,3.489,"2026-04-21T20:16:05.568838Z","/data/local-files/?d=downloads/pitch-pix-69a617669169e26d51144ca1-6217-6228.mp4"
1280,"1","Knee-down Right","2026-04-21T20:16:07.843368Z",1279,2.084,"2026-04-21T20:16:07.843386Z","/data/local-files/?d=downloads/pitch-pix-69a617669169e26d51144ca1-6234-6245.mp4"
1281,"1","Knee-down Right","2026-04-21T20:16:09.947632Z",1280,1.914,"2026-04-21T20:16:09.947649Z","/data/local-files/?d=downloads/pitch-pix-69a617669169e26d51144ca1-6258-6269.mp4"
1282,"1","Knee-down Right","2026-04-21T20:16:11.416768Z",1281,1.277,"2026-04-21T20:16:11.416787Z","/data/local-files/?d=downloads/pitch-pix-69a617669169e26d51144ca1-6280-6290.mp4"
1283,"1","Knee-down Right","2026-04-21T20:16:13.023554Z",1282,1.415,"2026-04-21T20:16:13.023573Z","/data/local-files/?d=downloads/pitch-pix-69a617669169e26d51144ca1-6305-6315.mp4"
1284,"1","Knee-down Right","2026-04-21T20:16:14.919882Z",1283,1.709,"2026-04-21T20:16:14.919901Z","/data/local-files/?d=downloads/pitch-pix-69a617669169e26d51144ca1-6324-6333.mp4"
1285,"1","Knee-down Right","2026-04-21T20:16:17.679727Z",1284,2.547,"2026-04-21T20:16:17.679746Z","/data/local-files/?d=downloads/pitch-pix-69a617669169e26d51144ca1-6341-6352.mp4"
1286,"1","Knee-down Right","2026-04-21T20:16:19.260954Z",1285,1.372,"2026-04-21T20:16:19.260972Z","/data/local-files/?d=downloads/pitch-pix-69a617669169e26d51144ca1-6360-6373.mp4"
1287,"1","Knee-down Right","2026-04-21T20:16:26.618647Z",1286,7.18,"2026-04-21T20:16:26.618663Z","/data/local-files/?d=downloads/pitch-pix-69a617669169e26d51144ca1-6395-6411.mp4"
1288,"1","Knee-down Right","2026-04-21T20:16:29.578296Z",1287,2.774,"2026-04-21T20:16:29.578312Z","/data/local-files/?d=downloads/pitch-pix-69a617669169e26d51144ca1-6425-6435.mp4"
1289,"1","Knee-down Right","2026-04-21T20:16:34.639390Z",1288,4.868,"2026-04-21T20:16:34.639409Z","/data/local-files/?d=downloads/pitch-pix-69a617669169e26d51144ca1-6442-6455.mp4"
1290,"1","Knee-down Right","2026-04-21T20:16:36.106080Z",1289,1.272,"2026-04-21T20:16:36.106102Z","/data/local-files/?d=downloads/pitch-pix-69a617669169e26d51144ca1-6466-6477.mp4"
1291,"1","Knee-down Right","2026-04-21T20:16:37.617725Z",1290,1.317,"2026-04-21T20:16:37.617743Z","/data/local-files/?d=downloads/pitch-pix-69a617669169e26d51144ca1-6490-6502.mp4"
1292,"1","Knee-down Right","2026-04-21T20:16:40.492560Z",1291,2.672,"2026-04-21T20:16:40.492577Z","/data/local-files/?d=downloads/pitch-pix-69a617669169e26d51144ca1-651-664.mp4"
1293,"1","Knee-down Right","2026-04-21T20:16:42.131650Z",1292,1.44,"2026-04-21T20:16:42.131668Z","/data/local-files/?d=downloads/pitch-pix-69a617669169e26d51144ca1-6512-6527.mp4"
1294,"1","Knee-down Right","2026-04-21T20:16:43.574752Z",1293,1.258,"2026-04-21T20:16:43.574768Z","/data/local-files/?d=downloads/pitch-pix-69a617669169e26d51144ca1-6556-6567.mp4"
1295,"1","Knee-down Right","2026-04-21T20:16:45.047416Z",1294,1.269,"2026-04-21T20:16:45.047434Z","/data/local-files/?d=downloads/pitch-pix-69a617669169e26d51144ca1-6614-6623.mp4"
1296,"1","Knee-down Right","2026-04-21T20:16:48.428603Z",1295,3.177,"2026-04-21T20:16:48.428623Z","/data/local-files/?d=downloads/pitch-pix-69a617669169e26d51144ca1-6636-6646.mp4"
1297,"1","Knee-down Right","2026-04-21T20:16:55.653482Z",1296,7.015,"2026-04-21T20:16:55.653500Z","/data/local-files/?d=downloads/pitch-pix-69a617669169e26d51144ca1-6659-6670.mp4"
1298,"1","Knee-down Right","2026-04-21T20:17:01.477530Z",1297,5.628,"2026-04-21T20:17:01.477552Z","/data/local-files/?d=downloads/pitch-pix-69a617669169e26d51144ca1-6792-6803.mp4"
1299,"1","Bad Video","2026-04-21T20:17:11.110440Z",1298,9.418,"2026-04-21T20:17:11.110457Z","/data/local-files/?d=downloads/pitch-pix-69a617669169e26d51144ca1-680-692.mp4"
1300,"1","Knee-down Right","2026-04-21T20:17:15.937072Z",1299,4.627,"2026-04-21T20:17:15.937091Z","/data/local-files/?d=downloads/pitch-pix-69a617669169e26d51144ca1-6812-6824.mp4"
1301,"1","Knee-down Right","2026-04-21T20:17:20.906827Z",1300,4.77,"2026-04-21T20:17:20.906847Z","/data/local-files/?d=downloads/pitch-pix-69a617669169e26d51144ca1-6846-6860.mp4"
1302,"1","Knee-down Right","2026-04-21T20:17:26.114915Z",1301,5.017,"2026-04-21T20:17:26.114930Z","/data/local-files/?d=downloads/pitch-pix-69a617669169e26d51144ca1-6875-6887.mp4"
1303,"1","Knee-down Right","2026-04-21T20:17:27.893353Z",1302,1.586,"2026-04-21T20:17:27.893374Z","/data/local-files/?d=downloads/pitch-pix-69a617669169e26d51144ca1-6908-6918.mp4"
1304,"1","Knee-down Right","2026-04-21T20:17:32.429544Z",1303,4.352,"2026-04-21T20:17:32.429558Z","/data/local-files/?d=downloads/pitch-pix-69a617669169e26d51144ca1-6923-6935.mp4"
1305,"1","Knee-down Right","2026-04-21T20:17:36.403435Z",1304,3.767,"2026-04-21T20:17:36.403453Z","/data/local-files/?d=downloads/pitch-pix-69a617669169e26d51144ca1-6952-6963.mp4"
1306,"1","Knee-down Right","2026-04-21T20:17:39.232119Z",1305,2.639,"2026-04-21T20:17:39.232134Z","/data/local-files/?d=downloads/pitch-pix-69a617669169e26d51144ca1-6977-6996.mp4"
1307,"1","Knee-down Right","2026-04-21T20:17:51.767098Z",1306,12.339,"2026-04-21T20:17:51.767116Z","/data/local-files/?d=downloads/pitch-pix-69a617669169e26d51144ca1-703-714.mp4"
1308,"1","Knee-down Right","2026-04-21T20:18:01.290403Z",1307,9.314,"2026-04-21T20:18:01.290417Z","/data/local-files/?d=downloads/pitch-pix-69a617669169e26d51144ca1-7097-7109.mp4"
1309,"1","Knee-down Right","2026-04-21T20:18:04.068516Z",1308,2.585,"2026-04-21T20:18:04.068531Z","/data/local-files/?d=downloads/pitch-pix-69a617669169e26d51144ca1-7130-7140.mp4"
1310,"1","Knee-down Right","2026-04-21T20:18:06.082198Z",1309,1.821,"2026-04-21T20:18:06.082217Z","/data/local-files/?d=downloads/pitch-pix-69a617669169e26d51144ca1-7178-7189.mp4"
1311,"1","Knee-down Right","2026-04-21T20:18:11.551140Z",1310,5.26,"2026-04-21T20:18:11.551157Z","/data/local-files/?d=downloads/pitch-pix-69a617669169e26d51144ca1-7203-7214.mp4"
1312,"1","Knee-down Right","2026-04-21T20:18:14.174727Z",1311,2.434,"2026-04-21T20:18:14.174746Z","/data/local-files/?d=downloads/pitch-pix-69a617669169e26d51144ca1-7232-7246.mp4"
1313,"1","Knee-down Right","2026-04-21T20:18:20.705102Z",1312,6.323,"2026-04-21T20:18:20.705122Z","/data/local-files/?d=downloads/pitch-pix-69a617669169e26d51144ca1-725-736.mp4"
1314,"1","Knee-down Right","2026-04-21T20:18:25.634054Z",1313,4.713,"2026-04-21T20:18:25.634074Z","/data/local-files/?d=downloads/pitch-pix-69a617669169e26d51144ca1-747-760.mp4"
1315,"1","Knee-down Right","2026-04-21T20:18:31.403292Z",1314,5.582,"2026-04-21T20:18:31.403307Z","/data/local-files/?d=downloads/pitch-pix-69a617669169e26d51144ca1-785-796.mp4"
1316,"1","Knee-down Right","2026-04-21T20:18:37.532639Z",1315,5.945,"2026-04-21T20:18:37.532655Z","/data/local-files/?d=downloads/pitch-pix-69a617669169e26d51144ca1-804-816.mp4"
1317,"1","Bad Video","2026-04-21T20:18:47.814532Z",1316,10.084,"2026-04-21T20:18:47.814550Z","/data/local-files/?d=downloads/pitch-pix-69a617669169e26d51144ca1-8142-8152.mp4"
1318,"1","Bad Video","2026-04-21T20:18:49.575031Z",1317,1.558,"2026-04-21T20:18:49.575047Z","/data/local-files/?d=downloads/pitch-pix-69a617669169e26d51144ca1-8157-8167.mp4"
1319,"1","Knee-down Right","2026-04-21T20:19:00.155106Z",1318,10.365,"2026-04-21T20:19:00.155126Z","/data/local-files/?d=downloads/pitch-pix-69a617669169e26d51144ca1-8171-8183.mp4"
1320,"1","Knee-down Right","2026-04-21T20:19:05.671330Z",1319,5.326,"2026-04-21T20:19:05.671349Z","/data/local-files/?d=downloads/pitch-pix-69a617669169e26d51144ca1-8192-8202.mp4"
1321,"1","Knee-down Right","2026-04-21T20:19:10.176469Z",1320,4.311,"2026-04-21T20:19:10.176484Z","/data/local-files/?d=downloads/pitch-pix-69a617669169e26d51144ca1-8219-8231.mp4"
1322,"1","Knee-down Right","2026-04-21T20:19:14.297280Z",1321,3.889,"2026-04-21T20:19:14.297298Z","/data/local-files/?d=downloads/pitch-pix-69a617669169e26d51144ca1-8241-8252.mp4"
1323,"1","Knee-down Right","2026-04-21T20:19:27.847700Z",1322,13.22,"2026-04-21T20:19:27.847720Z","/data/local-files/?d=downloads/pitch-pix-69a617669169e26d51144ca1-8263-8274.mp4"
1324,"1","Knee-down Right","2026-04-21T20:19:33.709240Z",1323,5.644,"2026-04-21T20:19:33.709260Z","/data/local-files/?d=downloads/pitch-pix-69a617669169e26d51144ca1-827-844.mp4"
1325,"1","Knee-down Right","2026-04-21T20:20:25.131274Z",1324,51.244,"2026-04-21T20:20:25.131289Z","/data/local-files/?d=downloads/pitch-pix-69a617669169e26d51144ca1-8285-8295.mp4"
1326,"1","Knee-down Right","2026-04-21T20:20:29.691853Z",1325,4.321,"2026-04-21T20:20:29.691868Z","/data/local-files/?d=downloads/pitch-pix-69a617669169e26d51144ca1-8303-8314.mp4"
1327,"1","Knee-down Right","2026-04-21T20:20:32.166135Z",1326,2.273,"2026-04-21T20:20:32.166149Z","/data/local-files/?d=downloads/pitch-pix-69a617669169e26d51144ca1-8322-8334.mp4"
1328,"1","Knee-down Right","2026-04-21T20:20:35.795290Z",1327,3.427,"2026-04-21T20:20:35.795309Z","/data/local-files/?d=downloads/pitch-pix-69a617669169e26d51144ca1-8345-8357.mp4"
1329,"1","Knee-down Right","2026-04-21T20:20:38.981222Z",1328,2.979,"2026-04-21T20:20:38.981243Z","/data/local-files/?d=downloads/pitch-pix-69a617669169e26d51144ca1-8380-8390.mp4"
1330,"1","Knee-down Right","2026-04-21T20:20:42.006051Z",1329,2.829,"2026-04-21T20:20:42.006066Z","/data/local-files/?d=downloads/pitch-pix-69a617669169e26d51144ca1-8396-8411.mp4"
1331,"1","Knee-down Right","2026-04-21T20:20:45.457000Z",1330,3.269,"2026-04-21T20:20:45.457018Z","/data/local-files/?d=downloads/pitch-pix-69a617669169e26d51144ca1-890-898.mp4"
1332,"1","Knee-down Right","2026-04-21T20:20:52.283339Z",1331,6.629,"2026-04-21T20:20:52.283357Z","/data/local-files/?d=downloads/pitch-pix-69a617669169e26d51144ca1-901-911.mp4"
1333,"1","Knee-down Right","2026-04-21T20:20:57.018356Z",1332,4.535,"2026-04-21T20:20:57.018375Z","/data/local-files/?d=downloads/pitch-pix-69a617669169e26d51144ca1-923-933.mp4"
1334,"1","Knee-down Right","2026-04-21T20:21:00.737082Z",1333,3.517,"2026-04-21T20:21:00.737100Z","/data/local-files/?d=downloads/pitch-pix-69a617669169e26d51144ca1-9388-9399.mp4"
1335,"1","Knee-down Right","2026-04-21T20:21:05.951266Z",1334,4.996,"2026-04-21T20:21:05.951283Z","/data/local-files/?d=downloads/pitch-pix-69a617669169e26d51144ca1-9409-9418.mp4"
1336,"1","Knee-down Right","2026-04-21T20:21:15.974935Z",1335,9.808,"2026-04-21T20:21:15.974953Z","/data/local-files/?d=downloads/pitch-pix-69a617669169e26d51144ca1-942-954.mp4"
1337,"1","Knee-down Right","2026-04-21T20:21:22.510093Z",1336,6.355,"2026-04-21T20:21:22.510109Z","/data/local-files/?d=downloads/pitch-pix-69a617669169e26d51144ca1-9429-9449.mp4"
1338,"1","Knee-down Right","2026-04-21T20:21:24.976249Z",1337,2.264,"2026-04-21T20:21:24.976268Z","/data/local-files/?d=downloads/pitch-pix-69a617669169e26d51144ca1-9478-9487.mp4"
1339,"1","Knee-down Right","2026-04-21T20:21:28.633745Z",1338,3.444,"2026-04-21T20:21:28.633763Z","/data/local-files/?d=downloads/pitch-pix-69a617669169e26d51144ca1-9504-9516.mp4"
1340,"1","Knee-down Right","2026-04-21T20:21:32.746852Z",1339,3.904,"2026-04-21T20:21:32.746869Z","/data/local-files/?d=downloads/pitch-pix-69a617669169e26d51144ca1-9528-9539.mp4"
1341,"1","Knee-down Right","2026-04-21T20:21:35.454729Z",1340,2.504,"2026-04-21T20:21:35.454747Z","/data/local-files/?d=downloads/pitch-pix-69a617669169e26d51144ca1-9556-9569.mp4"
1342,"1","Knee-down Right","2026-04-21T20:21:39.301426Z",1341,3.636,"2026-04-21T20:21:39.301443Z","/data/local-files/?d=downloads/pitch-pix-69a617669169e26d51144ca1-9609-9618.mp4"
1343,"1","Knee-down Right","2026-04-21T20:21:44.869072Z",1342,5.368,"2026-04-21T20:21:44.869090Z","/data/local-files/?d=downloads/pitch-pix-69a617669169e26d51144ca1-9623-9633.mp4"
1344,"1","Knee-down Right","2026-04-21T20:21:46.608310Z",1343,1.541,"2026-04-21T20:21:46.608327Z","/data/local-files/?d=downloads/pitch-pix-69a617669169e26d51144ca1-9649-9662.mp4"
1345,"1","Knee-down Right","2026-04-21T20:21:49.778360Z",1344,2.978,"2026-04-21T20:21:49.778381Z","/data/local-files/?d=downloads/pitch-pix-69a617669169e26d51144ca1-965-976.mp4"
1346,"1","Knee-down Right","2026-04-21T20:21:51.773757Z",1345,1.785,"2026-04-21T20:21:51.773775Z","/data/local-files/?d=downloads/pitch-pix-69a617669169e26d51144ca1-9681-9692.mp4"
1347,"1","Knee-down Right","2026-04-21T20:21:55.880284Z",1346,3.899,"2026-04-21T20:21:55.880301Z","/data/local-files/?d=downloads/pitch-pix-69a617669169e26d51144ca1-9702-9715.mp4"
1348,"1","Knee-down Right","2026-04-21T20:22:01.641333Z",1347,5.565,"2026-04-21T20:22:01.641347Z","/data/local-files/?d=downloads/pitch-pix-69a617669169e26d51144ca1-9743-9755.mp4"
1349,"1","Knee-down Right","2026-04-21T20:22:05.573368Z",1348,3.732,"2026-04-21T20:22:05.573385Z","/data/local-files/?d=downloads/pitch-pix-69a617669169e26d51144ca1-9768-9780.mp4"
1350,"1","Knee-down Right","2026-04-21T20:22:10.219600Z",1349,4.426,"2026-04-21T20:22:10.219616Z","/data/local-files/?d=downloads/pitch-pix-69a617669169e26d51144ca1-9790-9823.mp4"
1351,"1","Knee-down Right","2026-04-21T20:22:12.272800Z",1350,1.846,"2026-04-21T20:22:12.272815Z","/data/local-files/?d=downloads/pitch-pix-69c076e4258b1d66861d4e21-190-199.mp4"
1352,"1","Knee-down Right","2026-04-21T20:22:14.610210Z",1351,2.133,"2026-04-21T20:22:14.610225Z","/data/local-files/?d=downloads/pitch-pix-69c076e4258b1d66861d4e21-208-215.mp4"
1353,"1","Knee-down Right","2026-04-21T20:22:16.301073Z",1352,1.475,"2026-04-21T20:22:16.301086Z","/data/local-files/?d=downloads/pitch-pix-69c076e4258b1d66861d4e21-226-235.mp4"
1355,"1","Knee-down Right","2026-04-21T20:24:06.000664Z",1353,8.118,"2026-04-21T20:24:06.000685Z","/data/local-files/?d=downloads/pitch-pix-69c1740eced0048182df6e1e-10299-10312.mp4"
1356,"1","Knee-down Right","2026-04-21T20:24:13.056464Z",1354,6.887,"2026-04-21T20:24:13.056481Z","/data/local-files/?d=downloads/pitch-pix-69c1740eced0048182df6e1e-10320-10330.mp4"
1357,"1","Knee-down Right","2026-04-21T20:24:17.866686Z",1355,4.633,"2026-04-21T20:24:17.866702Z","/data/local-files/?d=downloads/pitch-pix-69c1740eced0048182df6e1e-10336-10349.mp4"
1358,"1","Knee-down Right","2026-04-21T20:24:21.435369Z",1356,3.371,"2026-04-21T20:24:21.435385Z","/data/local-files/?d=downloads/pitch-pix-69c1740eced0048182df6e1e-10357-10378.mp4"
1359,"1","Knee-down Right","2026-04-21T20:24:23.168513Z",1357,1.523,"2026-04-21T20:24:23.168527Z","/data/local-files/?d=downloads/pitch-pix-69c1740eced0048182df6e1e-10399-10413.mp4"
1360,"1","Knee-down Right","2026-04-21T20:24:25.631240Z",1358,2.281,"2026-04-21T20:24:25.631258Z","/data/local-files/?d=downloads/pitch-pix-69c1740eced0048182df6e1e-10449-10464.mp4"
1361,"1","Knee-down Right","2026-04-21T20:24:27.216884Z",1359,1.404,"2026-04-21T20:24:27.216899Z","/data/local-files/?d=downloads/pitch-pix-69c1740eced0048182df6e1e-10491-10502.mp4"
1362,"1","Knee-down Right","2026-04-21T20:24:30.737208Z",1360,3.336,"2026-04-21T20:24:30.737224Z","/data/local-files/?d=downloads/pitch-pix-69c1740eced0048182df6e1e-10505-10517.mp4"
1363,"1","Knee-down Right","2026-04-21T20:24:33.902967Z",1361,2.971,"2026-04-21T20:24:33.902985Z","/data/local-files/?d=downloads/pitch-pix-69c1740eced0048182df6e1e-10527-10537.mp4"
1364,"1","Knee-down Right","2026-04-21T20:24:39.879540Z",1362,5.785,"2026-04-21T20:24:39.879555Z","/data/local-files/?d=downloads/pitch-pix-69c1740eced0048182df6e1e-10544-10558.mp4"
1365,"1","Knee-down Right","2026-04-21T20:24:48.755324Z",1363,8.685,"2026-04-21T20:24:48.755341Z","/data/local-files/?d=downloads/pitch-pix-69c1740eced0048182df6e1e-10568-10584.mp4"
1366,"1","Knee-down Right","2026-04-21T20:25:00.717369Z",1364,11.754,"2026-04-21T20:25:00.717388Z","/data/local-files/?d=downloads/pitch-pix-69c1740eced0048182df6e1e-10592-10606.mp4"
1367,"1","Knee-down Right","2026-04-21T20:25:04.191492Z",1365,3.294,"2026-04-21T20:25:04.191507Z","/data/local-files/?d=downloads/pitch-pix-69c1740eced0048182df6e1e-10619-10636.mp4"
1368,"1","Knee-down Right","2026-04-21T20:25:07.389064Z",1366,3.026,"2026-04-21T20:25:07.389083Z","/data/local-files/?d=downloads/pitch-pix-69c1740eced0048182df6e1e-10675-10691.mp4"
1369,"1","Knee-down Right","2026-04-21T20:25:11.810514Z",1367,4.236,"2026-04-21T20:25:11.810533Z","/data/local-files/?d=downloads/pitch-pix-69c1740eced0048182df6e1e-10852-10865.mp4"
1370,"1","Knee-down Right","2026-04-21T20:25:18.540639Z",1368,6.527,"2026-04-21T20:25:18.540657Z","/data/local-files/?d=downloads/pitch-pix-69c1740eced0048182df6e1e-10877-10890.mp4"
1371,"1","Knee-down Right","2026-04-21T20:25:23.257178Z",1369,4.519,"2026-04-21T20:25:23.257203Z","/data/local-files/?d=downloads/pitch-pix-69c1740eced0048182df6e1e-10898-10913.mp4"
1372,"1","Knee-down Right","2026-04-21T20:25:26.392385Z",1370,2.947,"2026-04-21T20:25:26.392402Z","/data/local-files/?d=downloads/pitch-pix-69c1740eced0048182df6e1e-10922-10942.mp4"
1373,"1","Knee-down Right","2026-04-21T20:25:28.776299Z",1371,2.182,"2026-04-21T20:25:28.776315Z","/data/local-files/?d=downloads/pitch-pix-69c1740eced0048182df6e1e-11664-11678.mp4"
1374,"1","Knee-down Right","2026-04-21T20:25:31.470420Z",1372,2.51,"2026-04-21T20:25:31.470438Z","/data/local-files/?d=downloads/pitch-pix-69c1740eced0048182df6e1e-11685-11696.mp4"
1375,"1","Knee-down Right","2026-04-21T20:25:34.103976Z",1373,2.453,"2026-04-21T20:25:34.103990Z","/data/local-files/?d=downloads/pitch-pix-69c1740eced0048182df6e1e-11706-11718.mp4"
1376,"1","Knee-down Right","2026-04-21T20:25:38.369369Z",1374,4.058,"2026-04-21T20:25:38.369390Z","/data/local-files/?d=downloads/pitch-pix-69c1740eced0048182df6e1e-11729-11744.mp4"
1377,"1","Knee-down Right","2026-04-21T20:25:43.696436Z",1375,5.118,"2026-04-21T20:25:43.696455Z","/data/local-files/?d=downloads/pitch-pix-69c1740eced0048182df6e1e-11765-11778.mp4"
1378,"1","Knee-down Right","2026-04-21T20:25:52.985788Z",1376,9.1,"2026-04-21T20:25:52.985803Z","/data/local-files/?d=downloads/pitch-pix-69c1740eced0048182df6e1e-11783-11797.mp4"
1379,"1","Knee-down Right","2026-04-21T20:25:55.442762Z",1377,2.266,"2026-04-21T20:25:55.442779Z","/data/local-files/?d=downloads/pitch-pix-69c1740eced0048182df6e1e-11803-11817.mp4"
1380,"1","Knee-down Right","2026-04-21T20:25:59.396327Z",1378,3.763,"2026-04-21T20:25:59.396343Z","/data/local-files/?d=downloads/pitch-pix-69c1740eced0048182df6e1e-11872-11888.mp4"
1381,"1","Knee-down Right","2026-04-21T20:26:02.264222Z",1379,2.669,"2026-04-21T20:26:02.264237Z","/data/local-files/?d=downloads/pitch-pix-69c1740eced0048182df6e1e-11895-11908.mp4"
1382,"1","Knee-down Right","2026-04-21T20:26:05.649337Z",1380,3.17,"2026-04-21T20:26:05.649359Z","/data/local-files/?d=downloads/pitch-pix-69c1740eced0048182df6e1e-11917-11930.mp4"
1383,"1","Knee-down Right","2026-04-21T20:26:08.529233Z",1381,2.667,"2026-04-21T20:26:08.529249Z","/data/local-files/?d=downloads/pitch-pix-69c1740eced0048182df6e1e-11939-11951.mp4"
1384,"1","Knee-down Right","2026-04-21T20:26:11.092997Z",1382,2.369,"2026-04-21T20:26:11.093016Z","/data/local-files/?d=downloads/pitch-pix-69c1740eced0048182df6e1e-11960-11971.mp4"
1385,"1","Knee-down Right","2026-04-21T20:26:15.013506Z",1383,3.714,"2026-04-21T20:26:15.013523Z","/data/local-files/?d=downloads/pitch-pix-69c1740eced0048182df6e1e-11985-11996.mp4"
1386,"1","Knee-down Right","2026-04-21T20:26:17.782118Z",1384,2.569,"2026-04-21T20:26:17.782132Z","/data/local-files/?d=downloads/pitch-pix-69c1740eced0048182df6e1e-12006-12024.mp4"
1387,"1","Knee-down Right","2026-04-21T20:26:23.550208Z",1385,5.571,"2026-04-21T20:26:23.550224Z","/data/local-files/?d=downloads/pitch-pix-69c1740eced0048182df6e1e-12038-12059.mp4"
1388,"1","Knee-down Right","2026-04-21T20:26:30.665937Z",1386,6.924,"2026-04-21T20:26:30.665953Z","/data/local-files/?d=downloads/pitch-pix-69c1740eced0048182df6e1e-12077-12094.mp4"
1389,"1","Knee-down Right","2026-04-21T20:26:32.283163Z",1387,1.423,"2026-04-21T20:26:32.283179Z","/data/local-files/?d=downloads/pitch-pix-69c1740eced0048182df6e1e-12123-12133.mp4"
1390,"1","Knee-down Right","2026-04-21T20:26:37.987874Z",1388,5.501,"2026-04-21T20:26:37.987889Z","/data/local-files/?d=downloads/pitch-pix-69c1740eced0048182df6e1e-12144-12158.mp4"
1391,"1","Knee-down Right","2026-04-21T20:26:40.735302Z",1389,2.54,"2026-04-21T20:26:40.735322Z","/data/local-files/?d=downloads/pitch-pix-69c1740eced0048182df6e1e-12171-12185.mp4"
1392,"1","Knee-down Right","2026-04-21T20:26:43.886886Z",1390,2.946,"2026-04-21T20:26:43.886903Z","/data/local-files/?d=downloads/pitch-pix-69c1740eced0048182df6e1e-1504-1512.mp4"
1393,"1","Knee-down Right","2026-04-21T20:26:49.925878Z",1391,5.84,"2026-04-21T20:26:49.925894Z","/data/local-files/?d=downloads/pitch-pix-69c1740eced0048182df6e1e-1518-1528.mp4"
1394,"1","Knee-down Right","2026-04-21T20:26:52.182562Z",1392,2.052,"2026-04-21T20:26:52.182579Z","/data/local-files/?d=downloads/pitch-pix-69c1740eced0048182df6e1e-1534-1543.mp4"
1395,"1","Knee-down Right","2026-04-21T20:26:54.254820Z",1393,1.865,"2026-04-21T20:26:54.254837Z","/data/local-files/?d=downloads/pitch-pix-69c1740eced0048182df6e1e-1553-1565.mp4"
1396,"1","Knee-down Right","2026-04-21T20:27:06.025958Z",1394,11.586,"2026-04-21T20:27:06.025977Z","/data/local-files/?d=downloads/pitch-pix-69c1740eced0048182df6e1e-1578-1596.mp4"
1397,"1","Knee-down Right","2026-04-21T20:27:09.005017Z",1395,2.783,"2026-04-21T20:27:09.005032Z","/data/local-files/?d=downloads/pitch-pix-69c1740eced0048182df6e1e-1602-1611.mp4"
1398,"1","Knee-down Right","2026-04-21T20:27:11.848461Z",1396,2.627,"2026-04-21T20:27:11.848481Z","/data/local-files/?d=downloads/pitch-pix-69c1740eced0048182df6e1e-1620-1631.mp4"
1399,"1","Knee-down Right","2026-04-21T20:27:13.526536Z",1397,1.481,"2026-04-21T20:27:13.526554Z","/data/local-files/?d=downloads/pitch-pix-69c1740eced0048182df6e1e-1643-1652.mp4"
1400,"1","Knee-down Right","2026-04-21T20:27:18.124690Z",1398,4.415,"2026-04-21T20:27:18.124708Z","/data/local-files/?d=downloads/pitch-pix-69c1740eced0048182df6e1e-1658-1675.mp4"
1401,"1","Bad Video","2026-04-21T20:27:23.099212Z",1399,4.797,"2026-04-21T20:27:23.099226Z","/data/local-files/?d=downloads/pitch-pix-69c1740eced0048182df6e1e-1712-1730.mp4"
1402,"1","Knee-down Right","2026-04-21T20:27:27.897418Z",1400,4.585,"2026-04-21T20:27:27.897437Z","/data/local-files/?d=downloads/pitch-pix-69c1740eced0048182df6e1e-1762-1775.mp4"
1403,"1","Knee-down Right","2026-04-21T20:27:31.916115Z",1401,3.81,"2026-04-21T20:27:31.916131Z","/data/local-files/?d=downloads/pitch-pix-69c1740eced0048182df6e1e-1780-1792.mp4"
1404,"1","Knee-down Right","2026-04-21T20:27:33.978680Z",1402,1.86,"2026-04-21T20:27:33.978694Z","/data/local-files/?d=downloads/pitch-pix-69c1740eced0048182df6e1e-1802-1811.mp4"
1405,"1","Knee-down Right","2026-04-21T20:27:36.698806Z",1403,2.532,"2026-04-21T20:27:36.698826Z","/data/local-files/?d=downloads/pitch-pix-69c1740eced0048182df6e1e-1817-1834.mp4"
1406,"1","Knee-down Right","2026-04-21T20:27:39.731254Z",1404,2.844,"2026-04-21T20:27:39.731273Z","/data/local-files/?d=downloads/pitch-pix-69c1740eced0048182df6e1e-1857-1873.mp4"
1407,"1","Knee-down Right","2026-04-21T20:27:41.504422Z",1405,1.578,"2026-04-21T20:27:41.504440Z","/data/local-files/?d=downloads/pitch-pix-69c1740eced0048182df6e1e-2513-2524.mp4"
1408,"1","Knee-down Right","2026-04-21T20:27:44.782591Z",1406,3.062,"2026-04-21T20:27:44.782609Z","/data/local-files/?d=downloads/pitch-pix-69c1740eced0048182df6e1e-2528-2536.mp4"
1409,"1","Knee-down Right","2026-04-21T20:27:47.003231Z",1407,2.01,"2026-04-21T20:27:47.003251Z","/data/local-files/?d=downloads/pitch-pix-69c1740eced0048182df6e1e-254-265.mp4"
1410,"1","Knee-down Right","2026-04-21T20:27:50.228254Z",1408,3.035,"2026-04-21T20:27:50.228272Z","/data/local-files/?d=downloads/pitch-pix-69c1740eced0048182df6e1e-2540-2550.mp4"
1411,"1","Knee-down Right","2026-04-21T20:27:52.306173Z",1409,1.857,"2026-04-21T20:27:52.306191Z","/data/local-files/?d=downloads/pitch-pix-69c1740eced0048182df6e1e-2553-2562.mp4"
1412,"1","Knee-down Right","2026-04-21T20:27:54.395716Z",1410,1.885,"2026-04-21T20:27:54.395734Z","/data/local-files/?d=downloads/pitch-pix-69c1740eced0048182df6e1e-2568-2582.mp4"
1413,"1","Knee-down Right","2026-04-21T20:27:56.258065Z",1411,1.66,"2026-04-21T20:27:56.258087Z","/data/local-files/?d=downloads/pitch-pix-69c1740eced0048182df6e1e-2591-2602.mp4"
1414,"1","Knee-down Right","2026-04-21T20:27:57.741950Z",1412,1.266,"2026-04-21T20:27:57.741968Z","/data/local-files/?d=downloads/pitch-pix-69c1740eced0048182df6e1e-2621-2629.mp4"
1415,"1","Knee-down Right","2026-04-21T20:27:59.217554Z",1413,1.267,"2026-04-21T20:27:59.217568Z","/data/local-files/?d=downloads/pitch-pix-69c1740eced0048182df6e1e-2633-2642.mp4"
1416,"1","Knee-down Right","2026-04-21T20:28:01.388492Z",1414,1.964,"2026-04-21T20:28:01.388507Z","/data/local-files/?d=downloads/pitch-pix-69c1740eced0048182df6e1e-2647-2658.mp4"
1417,"1","Knee-down Right","2026-04-21T20:28:03.332303Z",1415,1.741,"2026-04-21T20:28:03.332322Z","/data/local-files/?d=downloads/pitch-pix-69c1740eced0048182df6e1e-2665-2676.mp4"
1418,"1","Knee-down Right","2026-04-21T20:28:06.316419Z",1416,2.768,"2026-04-21T20:28:06.316436Z","/data/local-files/?d=downloads/pitch-pix-69c1740eced0048182df6e1e-2686-2698.mp4"
1419,"1","Knee-down Right","2026-04-21T20:28:08.641848Z",1417,2.113,"2026-04-21T20:28:08.641868Z","/data/local-files/?d=downloads/pitch-pix-69c1740eced0048182df6e1e-269-279.mp4"
1420,"1","Knee-down Right","2026-04-21T20:28:10.281964Z",1418,1.429,"2026-04-21T20:28:10.281982Z","/data/local-files/?d=downloads/pitch-pix-69c1740eced0048182df6e1e-2715-2724.mp4"
1421,"1","Knee-down Right","2026-04-21T20:28:11.692628Z",1419,1.197,"2026-04-21T20:28:11.692645Z","/data/local-files/?d=downloads/pitch-pix-69c1740eced0048182df6e1e-2728-2741.mp4"
1422,"1","Knee-down Right","2026-04-21T20:28:14.324520Z",1420,2.411,"2026-04-21T20:28:14.324537Z","/data/local-files/?d=downloads/pitch-pix-69c1740eced0048182df6e1e-285-293.mp4"
1423,"1","Knee-down Left","2026-04-21T20:28:18.832892Z",1421,4.265,"2026-04-21T20:28:18.832907Z","/data/local-files/?d=downloads/pitch-pix-69c1740eced0048182df6e1e-299-311.mp4"
1424,"1","Knee-down Right","2026-04-21T20:28:22.933941Z",1422,3.911,"2026-04-21T20:28:22.933958Z","/data/local-files/?d=downloads/pitch-pix-69c1740eced0048182df6e1e-316-329.mp4"
1425,"1","Knee-down Right","2026-04-21T20:28:25.162078Z",1423,2.022,"2026-04-21T20:28:25.162096Z","/data/local-files/?d=downloads/pitch-pix-69c1740eced0048182df6e1e-350-359.mp4"
1426,"1","Knee-down Right","2026-04-21T20:28:27.440473Z",1424,2.058,"2026-04-21T20:28:27.440493Z","/data/local-files/?d=downloads/pitch-pix-69c1740eced0048182df6e1e-3516-3526.mp4"
1427,"1","Knee-down Right","2026-04-21T20:28:34.111178Z",1425,6.472,"2026-04-21T20:28:34.111196Z","/data/local-files/?d=downloads/pitch-pix-69c1740eced0048182df6e1e-3532-3545.mp4"
1428,"1","Knee-down Right","2026-04-21T20:28:36.459947Z",1426,2.135,"2026-04-21T20:28:36.459961Z","/data/local-files/?d=downloads/pitch-pix-69c1740eced0048182df6e1e-3646-3662.mp4"
1429,"1","Knee-down Right","2026-04-21T20:28:39.006088Z",1427,2.324,"2026-04-21T20:28:39.006111Z","/data/local-files/?d=downloads/pitch-pix-69c1740eced0048182df6e1e-367-377.mp4"
1430,"1","Knee-down Right","2026-04-21T20:28:41.231182Z",1428,2.013,"2026-04-21T20:28:41.231198Z","/data/local-files/?d=downloads/pitch-pix-69c1740eced0048182df6e1e-3678-3689.mp4"
1431,"1","Knee-down Right","2026-04-21T20:28:43.532706Z",1429,2.091,"2026-04-21T20:28:43.532722Z","/data/local-files/?d=downloads/pitch-pix-69c1740eced0048182df6e1e-3701-3714.mp4"
1432,"1","Knee-down Right","2026-04-21T20:28:45.514156Z",1430,1.757,"2026-04-21T20:28:45.514172Z","/data/local-files/?d=downloads/pitch-pix-69c1740eced0048182df6e1e-3731-3744.mp4"
1433,"1","Knee-down Right","2026-04-21T20:28:47.394735Z",1431,1.681,"2026-04-21T20:28:47.394754Z","/data/local-files/?d=downloads/pitch-pix-69c1740eced0048182df6e1e-3751-3769.mp4"
1434,"1","Knee-down Right","2026-04-21T20:28:50.413903Z",1432,2.822,"2026-04-21T20:28:50.413918Z","/data/local-files/?d=downloads/pitch-pix-69c1740eced0048182df6e1e-3778-3796.mp4"
1435,"1","Knee-down Right","2026-04-21T20:28:56.057231Z",1433,5.426,"2026-04-21T20:28:56.057250Z","/data/local-files/?d=downloads/pitch-pix-69c1740eced0048182df6e1e-3813-3823.mp4"
1436,"1","Knee-down Right","2026-04-21T20:29:02.653191Z",1434,6.398,"2026-04-21T20:29:02.653212Z","/data/local-files/?d=downloads/pitch-pix-69c1740eced0048182df6e1e-3835-3846.mp4"
1437,"1","Knee-down Right","2026-04-21T20:29:28.781640Z",1435,25.909,"2026-04-21T20:29:28.781660Z","/data/local-files/?d=downloads/pitch-pix-69c1740eced0048182df6e1e-384-398.mp4"
1438,"1","Knee-down Right","2026-04-21T20:29:31.758946Z",1436,2.785,"2026-04-21T20:29:31.758967Z","/data/local-files/?d=downloads/pitch-pix-69c1740eced0048182df6e1e-3854-3870.mp4"
1439,"1","Knee-down Right","2026-04-21T20:29:34.654591Z",1437,2.705,"2026-04-21T20:29:34.654609Z","/data/local-files/?d=downloads/pitch-pix-69c1740eced0048182df6e1e-3879-3898.mp4"
1440,"1","Knee-down Right","2026-04-21T20:29:36.540228Z",1438,1.669,"2026-04-21T20:29:36.540243Z","/data/local-files/?d=downloads/pitch-pix-69c1740eced0048182df6e1e-3930-3939.mp4"
1441,"1","Knee-down Right","2026-04-21T20:29:37.959385Z",1439,1.196,"2026-04-21T20:29:37.959406Z","/data/local-files/?d=downloads/pitch-pix-69c1740eced0048182df6e1e-3968-3977.mp4"
1442,"1","Knee-down Right","2026-04-21T20:29:40.349570Z",1440,2.16,"2026-04-21T20:29:40.349586Z","/data/local-files/?d=downloads/pitch-pix-69c1740eced0048182df6e1e-3984-3998.mp4"
1443,"1","Knee-down Right","2026-04-21T20:29:42.667240Z",1441,2.103,"2026-04-21T20:29:42.667255Z","/data/local-files/?d=downloads/pitch-pix-69c1740eced0048182df6e1e-4004-4015.mp4"
1444,"1","Knee-down Right","2026-04-21T20:29:45.626955Z",1442,2.752,"2026-04-21T20:29:45.626974Z","/data/local-files/?d=downloads/pitch-pix-69c1740eced0048182df6e1e-4022-4037.mp4"
1445,"1","Knee-down Right","2026-04-21T20:29:48.232527Z",1443,2.413,"2026-04-21T20:29:48.232540Z","/data/local-files/?d=downloads/pitch-pix-69c1740eced0048182df6e1e-4053-4068.mp4"
1446,"1","Knee-down Right","2026-04-21T20:29:52.815165Z",1444,4.381,"2026-04-21T20:29:52.815180Z","/data/local-files/?d=downloads/pitch-pix-69c1740eced0048182df6e1e-4127-4143.mp4"
1447,"1","Knee-down Right","2026-04-21T20:29:55.295822Z",1445,2.266,"2026-04-21T20:29:55.295838Z","/data/local-files/?d=downloads/pitch-pix-69c1740eced0048182df6e1e-4179-4193.mp4"
1448,"1","Knee-down Right","2026-04-21T20:29:58.721009Z",1446,3.222,"2026-04-21T20:29:58.721024Z","/data/local-files/?d=downloads/pitch-pix-69c1740eced0048182df6e1e-420-441.mp4"
1449,"1","Knee-down Right","2026-04-21T20:30:00.865560Z",1447,1.947,"2026-04-21T20:30:00.865575Z","/data/local-files/?d=downloads/pitch-pix-69c1740eced0048182df6e1e-4215-4227.mp4"
1450,"1","Knee-down Right","2026-04-21T20:30:03.035195Z",1448,1.954,"2026-04-21T20:30:03.035215Z","/data/local-files/?d=downloads/pitch-pix-69c1740eced0048182df6e1e-4237-4252.mp4"
1451,"1","Knee-down Right","2026-04-21T20:30:05.329409Z",1449,2.093,"2026-04-21T20:30:05.329425Z","/data/local-files/?d=downloads/pitch-pix-69c1740eced0048182df6e1e-4298-4307.mp4"
1452,"1","Knee-down Right","2026-04-21T20:30:08.175812Z",1450,2.64,"2026-04-21T20:30:08.175829Z","/data/local-files/?d=downloads/pitch-pix-69c1740eced0048182df6e1e-4325-4338.mp4"
1453,"1","Knee-down Right","2026-04-21T20:30:09.593332Z",1451,1.197,"2026-04-21T20:30:09.593347Z","/data/local-files/?d=downloads/pitch-pix-69c1740eced0048182df6e1e-460-486.mp4"
1454,"1","Knee-down Right","2026-04-21T20:30:11.081427Z",1452,1.266,"2026-04-21T20:30:11.081446Z","/data/local-files/?d=downloads/pitch-pix-69c1740eced0048182df6e1e-515-523.mp4"
1455,"1","Knee-down Right","2026-04-21T20:30:12.516330Z",1453,1.234,"2026-04-21T20:30:12.516349Z","/data/local-files/?d=downloads/pitch-pix-69c1740eced0048182df6e1e-529-538.mp4"
1456,"1","Knee-down Right","2026-04-21T20:30:15.292581Z",1454,2.565,"2026-04-21T20:30:15.292598Z","/data/local-files/?d=downloads/pitch-pix-69c1740eced0048182df6e1e-5292-5307.mp4"
1457,"1","Knee-down Right","2026-04-21T20:30:16.827815Z",1455,1.308,"2026-04-21T20:30:16.827832Z","/data/local-files/?d=downloads/pitch-pix-69c1740eced0048182df6e1e-5321-5331.mp4"
1458,"1","Knee-down Right","2026-04-21T20:30:20.098865Z",1456,3.04,"2026-04-21T20:30:20.098879Z","/data/local-files/?d=downloads/pitch-pix-69c1740eced0048182df6e1e-5338-5348.mp4"
1459,"1","Knee-down Right","2026-04-21T20:30:22.262127Z",1457,1.946,"2026-04-21T20:30:22.262140Z","/data/local-files/?d=downloads/pitch-pix-69c1740eced0048182df6e1e-5355-5369.mp4"
1460,"1","Knee-down Right","2026-04-21T20:30:23.760779Z",1458,1.294,"2026-04-21T20:30:23.760795Z","/data/local-files/?d=downloads/pitch-pix-69c1740eced0048182df6e1e-5382-5398.mp4"
1461,"1","Knee-down Right","2026-04-21T20:30:27.430393Z",1459,3.478,"2026-04-21T20:30:27.430409Z","/data/local-files/?d=downloads/pitch-pix-69c1740eced0048182df6e1e-5410-5428.mp4"
1462,"1","Knee-down Right","2026-04-21T20:30:29.609565Z",1460,1.954,"2026-04-21T20:30:29.609582Z","/data/local-files/?d=downloads/pitch-pix-69c1740eced0048182df6e1e-5438-5452.mp4"
1463,"1","Knee-down Left","2026-04-21T20:30:32.912302Z",1461,3.085,"2026-04-21T20:30:32.912320Z","/data/local-files/?d=downloads/pitch-pix-69c1740eced0048182df6e1e-544-558.mp4"
1464,"1","Knee-down Right","2026-04-21T20:30:34.486225Z",1462,1.346,"2026-04-21T20:30:34.486241Z","/data/local-files/?d=downloads/pitch-pix-69c1740eced0048182df6e1e-5465-5474.mp4"
1465,"1","Knee-down Right","2026-04-21T20:30:36.056001Z",1463,1.351,"2026-04-21T20:30:36.056021Z","/data/local-files/?d=downloads/pitch-pix-69c1740eced0048182df6e1e-5491-5501.mp4"
1466,"1","Knee-down Right","2026-04-21T20:30:37.974812Z",1464,1.697,"2026-04-21T20:30:37.974833Z","/data/local-files/?d=downloads/pitch-pix-69c1740eced0048182df6e1e-5526-5540.mp4"
1467,"1","Knee-down Right","2026-04-21T20:30:39.733746Z",1465,1.555,"2026-04-21T20:30:39.733760Z","/data/local-files/?d=downloads/pitch-pix-69c1740eced0048182df6e1e-5584-5593.mp4"
1468,"1","Knee-down Right","2026-04-21T20:30:41.555055Z",1466,1.587,"2026-04-21T20:30:41.555075Z","/data/local-files/?d=downloads/pitch-pix-69c1740eced0048182df6e1e-5600-5611.mp4"
1469,"1","Knee-down Right","2026-04-21T20:30:55.697779Z",1467,13.927,"2026-04-21T20:30:55.697795Z","/data/local-files/?d=downloads/pitch-pix-69c1740eced0048182df6e1e-5618-5632.mp4"
1470,"1","Knee-down Right","2026-04-21T20:30:59.499050Z",1468,3.588,"2026-04-21T20:30:59.499066Z","/data/local-files/?d=downloads/pitch-pix-69c1740eced0048182df6e1e-563-575.mp4"
1471,"1","Knee-down Right","2026-04-21T20:31:04.934439Z",1469,5.218,"2026-04-21T20:31:04.934459Z","/data/local-files/?d=downloads/pitch-pix-69c1740eced0048182df6e1e-5638-5653.mp4"
1472,"1","Knee-down Left","2026-04-21T20:31:08.158389Z",1470,2.993,"2026-04-21T20:31:08.158406Z","/data/local-files/?d=downloads/pitch-pix-69c1740eced0048182df6e1e-581-592.mp4"
1473,"1","Knee-down Right","2026-04-21T20:31:11.950106Z",1471,3.551,"2026-04-21T20:31:11.950124Z","/data/local-files/?d=downloads/pitch-pix-69c1740eced0048182df6e1e-604-615.mp4"
1474,"1","Knee-down Right","2026-04-21T20:31:14.303065Z",1472,2.109,"2026-04-21T20:31:14.303081Z","/data/local-files/?d=downloads/pitch-pix-69c1740eced0048182df6e1e-640-654.mp4"
1475,"1","Knee-down Right","2026-04-21T20:31:19.389486Z",1473,4.859,"2026-04-21T20:31:19.389508Z","/data/local-files/?d=downloads/pitch-pix-69c1740eced0048182df6e1e-6606-6619.mp4"
1476,"1","Bad Video","2026-04-21T20:31:32.116697Z",1474,12.51,"2026-04-21T20:31:32.116714Z","/data/local-files/?d=downloads/pitch-pix-69c1740eced0048182df6e1e-6635-6643.mp4"
1477,"1","Knee-down Right","2026-04-21T20:31:36.198539Z",1475,3.858,"2026-04-21T20:31:36.198554Z","/data/local-files/?d=downloads/pitch-pix-69c1740eced0048182df6e1e-6650-6659.mp4"
1478,"1","Knee-down Right","2026-04-21T20:31:39.524546Z",1476,3.125,"2026-04-21T20:31:39.524563Z","/data/local-files/?d=downloads/pitch-pix-69c1740eced0048182df6e1e-6670-6687.mp4"
1479,"1","Knee-down Left","2026-04-21T20:31:43.900022Z",1477,4.162,"2026-04-21T20:31:43.900039Z","/data/local-files/?d=downloads/pitch-pix-69c1740eced0048182df6e1e-6707-6718.mp4"
1480,"1","Knee-down Right","2026-04-21T20:31:47.081580Z",1478,2.961,"2026-04-21T20:31:47.081593Z","/data/local-files/?d=downloads/pitch-pix-69c1740eced0048182df6e1e-6723-6736.mp4"
1481,"1","Knee-down Right","2026-04-21T20:31:50.259447Z",1479,2.949,"2026-04-21T20:31:50.259471Z","/data/local-files/?d=downloads/pitch-pix-69c1740eced0048182df6e1e-6750-6760.mp4"
1482,"1","Knee-down Right","2026-04-21T20:32:02.435567Z",1480,11.95,"2026-04-21T20:32:02.435589Z","/data/local-files/?d=downloads/pitch-pix-69c1740eced0048182df6e1e-6775-6810.mp4"
1483,"1","Knee-down Right","2026-04-21T20:32:09.741557Z",1481,7.094,"2026-04-21T20:32:09.741575Z","/data/local-files/?d=downloads/pitch-pix-69c1740eced0048182df6e1e-681-697.mp4"
1484,"1","Knee-down Right","2026-04-21T20:32:12.552014Z",1482,2.602,"2026-04-21T20:32:12.552032Z","/data/local-files/?d=downloads/pitch-pix-69c1740eced0048182df6e1e-6824-6837.mp4"
1485,"1","Knee-down Right","2026-04-21T20:32:15.598666Z",1483,2.839,"2026-04-21T20:32:15.598684Z","/data/local-files/?d=downloads/pitch-pix-69c1740eced0048182df6e1e-6847-6859.mp4"
1486,"1","Knee-down Right","2026-04-21T20:32:19.904135Z",1484,4.085,"2026-04-21T20:32:19.904153Z","/data/local-files/?d=downloads/pitch-pix-69c1740eced0048182df6e1e-6866-6878.mp4"
1487,"1","Knee-down Right","2026-04-21T20:32:23.438204Z",1485,3.334,"2026-04-21T20:32:23.438222Z","/data/local-files/?d=downloads/pitch-pix-69c1740eced0048182df6e1e-6885-6897.mp4"
1488,"1","Knee-down Right","2026-04-21T20:32:26.305780Z",1486,2.662,"2026-04-21T20:32:26.305796Z","/data/local-files/?d=downloads/pitch-pix-69c1740eced0048182df6e1e-6911-6929.mp4"
1489,"1","Knee-down Right","2026-04-21T20:32:32.177355Z",1487,5.61,"2026-04-21T20:32:32.177371Z","/data/local-files/?d=downloads/pitch-pix-69c1740eced0048182df6e1e-6986-6998.mp4"
1490,"1","Knee-down Right","2026-04-21T20:32:35.727664Z",1488,3.306,"2026-04-21T20:32:35.727683Z","/data/local-files/?d=downloads/pitch-pix-69c1740eced0048182df6e1e-7023-7036.mp4"
1491,"1","Knee-down Right","2026-04-21T20:32:39.990650Z",1489,4.043,"2026-04-21T20:32:39.990667Z","/data/local-files/?d=downloads/pitch-pix-69c1740eced0048182df6e1e-703-719.mp4"
1492,"1","Knee-down Right","2026-04-21T20:32:43.880950Z",1490,3.682,"2026-04-21T20:32:43.880966Z","/data/local-files/?d=downloads/pitch-pix-69c1740eced0048182df6e1e-7046-7064.mp4"
1493,"1","Knee-down Right","2026-04-21T20:32:51.118211Z",1491,7.015,"2026-04-21T20:32:51.118226Z","/data/local-files/?d=downloads/pitch-pix-69c1740eced0048182df6e1e-727-741.mp4"
1494,"1","Knee-down Right","2026-04-21T20:32:53.944727Z",1492,2.617,"2026-04-21T20:32:53.944746Z","/data/local-files/?d=downloads/pitch-pix-69c1740eced0048182df6e1e-750-765.mp4"
1495,"1","Knee-down Right","2026-04-21T20:32:56.135901Z",1493,1.915,"2026-04-21T20:32:56.135916Z","/data/local-files/?d=downloads/pitch-pix-69c1740eced0048182df6e1e-773-785.mp4"
1496,"1","Knee-down Right","2026-04-21T20:32:58.334830Z",1494,1.956,"2026-04-21T20:32:58.334846Z","/data/local-files/?d=downloads/pitch-pix-69c1740eced0048182df6e1e-7791-7805.mp4"
1497,"1","Knee-down Right","2026-04-21T20:33:00.077798Z",1495,1.52,"2026-04-21T20:33:00.077814Z","/data/local-files/?d=downloads/pitch-pix-69c1740eced0048182df6e1e-7815-7830.mp4"
1498,"1","Knee-down Right","2026-04-21T20:33:01.948148Z",1496,1.613,"2026-04-21T20:33:01.948166Z","/data/local-files/?d=downloads/pitch-pix-69c1740eced0048182df6e1e-7844-7855.mp4"
1499,"1","Knee-down Right","2026-04-21T20:33:07.099788Z",1497,4.925,"2026-04-21T20:33:07.099804Z","/data/local-files/?d=downloads/pitch-pix-69c1740eced0048182df6e1e-7862-7880.mp4"
1500,"1","Knee-down Right","2026-04-21T20:33:08.959572Z",1498,1.624,"2026-04-21T20:33:08.959588Z","/data/local-files/?d=downloads/pitch-pix-69c1740eced0048182df6e1e-7907-7917.mp4"
1501,"1","Knee-down Right","2026-04-21T20:33:10.946521Z",1499,1.762,"2026-04-21T20:33:10.946540Z","/data/local-files/?d=downloads/pitch-pix-69c1740eced0048182df6e1e-791-806.mp4"
1502,"1","Knee-down Right","2026-04-21T20:33:13.278215Z",1500,2.093,"2026-04-21T20:33:13.278235Z","/data/local-files/?d=downloads/pitch-pix-69c1740eced0048182df6e1e-7925-7938.mp4"
1503,"1","Knee-down Right","2026-04-21T20:33:16.044478Z",1501,2.544,"2026-04-21T20:33:16.044500Z","/data/local-files/?d=downloads/pitch-pix-69c1740eced0048182df6e1e-7949-7978.mp4"
1504,"1","Knee-down Right","2026-04-21T20:33:18.171339Z",1502,1.905,"2026-04-21T20:33:18.171357Z","/data/local-files/?d=downloads/pitch-pix-69c1740eced0048182df6e1e-7987-7999.mp4"
1505,"1","Knee-down Right","2026-04-21T20:33:20.069954Z",1503,1.687,"2026-04-21T20:33:20.069971Z","/data/local-files/?d=downloads/pitch-pix-69c1740eced0048182df6e1e-8008-8025.mp4"
1506,"1","Knee-down Right","2026-04-21T20:33:21.960092Z",1504,1.676,"2026-04-21T20:33:21.960113Z","/data/local-files/?d=downloads/pitch-pix-69c1740eced0048182df6e1e-8043-8061.mp4"
1507,"1","Knee-down Right","2026-04-21T20:33:23.611198Z",1505,1.421,"2026-04-21T20:33:23.611214Z","/data/local-files/?d=downloads/pitch-pix-69c1740eced0048182df6e1e-8084-8097.mp4"
1508,"1","Knee-down Right","2026-04-21T20:33:25.447185Z",1506,1.607,"2026-04-21T20:33:25.447202Z","/data/local-files/?d=downloads/pitch-pix-69c1740eced0048182df6e1e-8101-8117.mp4"
1509,"1","Knee-down Right","2026-04-21T20:33:27.327187Z",1507,1.559,"2026-04-21T20:33:27.327209Z","/data/local-files/?d=downloads/pitch-pix-69c1740eced0048182df6e1e-8123-8144.mp4"
1510,"1","Knee-down Right","2026-04-21T20:33:29.544473Z",1508,1.987,"2026-04-21T20:33:29.544493Z","/data/local-files/?d=downloads/pitch-pix-69c1740eced0048182df6e1e-816-831.mp4"
1511,"1","Knee-down Right","2026-04-21T20:33:31.697226Z",1509,1.928,"2026-04-21T20:33:31.697242Z","/data/local-files/?d=downloads/pitch-pix-69c1740eced0048182df6e1e-848-861.mp4"
1512,"1","Knee-down Right","2026-04-21T20:33:33.624628Z",1510,1.712,"2026-04-21T20:33:33.624645Z","/data/local-files/?d=downloads/pitch-pix-69c1740eced0048182df6e1e-869-884.mp4"
1513,"1","Knee-down Right","2026-04-21T20:33:36.044537Z",1511,2.193,"2026-04-21T20:33:36.044553Z","/data/local-files/?d=downloads/pitch-pix-69c1740eced0048182df6e1e-903-916.mp4"
1514,"1","Knee-down Right","2026-04-21T20:33:37.771864Z",1512,1.478,"2026-04-21T20:33:37.771881Z","/data/local-files/?d=downloads/pitch-pix-69c1740eced0048182df6e1e-9195-9209.mp4"
1515,"1","Knee-down Right","2026-04-21T20:33:39.620914Z",1513,1.638,"2026-04-21T20:33:39.620931Z","/data/local-files/?d=downloads/pitch-pix-69c1740eced0048182df6e1e-9214-9230.mp4"
1516,"1","Knee-down Right","2026-04-21T20:33:41.486848Z",1514,1.656,"2026-04-21T20:33:41.486864Z","/data/local-files/?d=downloads/pitch-pix-69c1740eced0048182df6e1e-9238-9260.mp4"
1517,"1","Knee-down Right","2026-04-21T20:33:46.447359Z",1515,4.744,"2026-04-21T20:33:46.447375Z","/data/local-files/?d=downloads/pitch-pix-69c1740eced0048182df6e1e-9280-9295.mp4"
1518,"1","Knee-down Right","2026-04-21T20:33:48.471406Z",1516,1.774,"2026-04-21T20:33:48.471430Z","/data/local-files/?d=downloads/pitch-pix-69c1740eced0048182df6e1e-929-941.mp4"
1519,"1","Knee-down Right","2026-04-21T20:33:50.158384Z",1517,1.48,"2026-04-21T20:33:50.158400Z","/data/local-files/?d=downloads/pitch-pix-69c1740eced0048182df6e1e-9301-9320.mp4"
1520,"1","Knee-down Right","2026-04-21T20:33:51.890343Z",1518,1.505,"2026-04-21T20:33:51.890360Z","/data/local-files/?d=downloads/pitch-pix-69c1740eced0048182df6e1e-9330-9344.mp4"
1521,"1","Knee-down Right","2026-04-21T20:33:57.799044Z",1519,5.688,"2026-04-21T20:33:57.799060Z","/data/local-files/?d=downloads/pitch-pix-69c1740eced0048182df6e1e-9421-9438.mp4"
1522,"1","Knee-down Right","2026-04-21T20:34:00.225697Z",1520,2.208,"2026-04-21T20:34:00.225710Z","/data/local-files/?d=downloads/pitch-pix-69c1740eced0048182df6e1e-9445-9459.mp4"
1523,"1","Knee-down Right","2026-04-21T20:34:03.083093Z",1521,2.628,"2026-04-21T20:34:03.083110Z","/data/local-files/?d=downloads/pitch-pix-69c1740eced0048182df6e1e-946-959.mp4"
1524,"1","Knee-down Right","2026-04-21T20:34:04.933875Z",1522,1.641,"2026-04-21T20:34:04.933891Z","/data/local-files/?d=downloads/pitch-pix-69c1740eced0048182df6e1e-9469-9485.mp4"
1525,"1","Knee-down Right","2026-04-21T20:34:06.628037Z",1523,1.469,"2026-04-21T20:34:06.628055Z","/data/local-files/?d=downloads/pitch-pix-69c1740eced0048182df6e1e-9498-9516.mp4"
1526,"1","Knee-down Right","2026-04-21T20:34:10.084016Z",1524,3.244,"2026-04-21T20:34:10.084029Z","/data/local-files/?d=downloads/pitch-pix-69c1740eced0048182df6e1e-9549-9559.mp4"
1527,"1","Knee-down Right","2026-04-21T20:34:11.930629Z",1525,1.626,"2026-04-21T20:34:11.930645Z","/data/local-files/?d=downloads/pitch-pix-69c1740eced0048182df6e1e-9567-9588.mp4"
1528,"1","Knee-down Right","2026-04-21T20:34:17.072046Z",1526,4.913,"2026-04-21T20:34:17.072063Z","/data/local-files/?d=downloads/pitch-pix-69c1740eced0048182df6e1e-9653-9667.mp4"
1529,"1","Knee-down Right","2026-04-21T20:34:19.436198Z",1527,2.121,"2026-04-21T20:34:19.436217Z","/data/local-files/?d=downloads/pitch-pix-69c1740eced0048182df6e1e-9679-9692.mp4"
1530,"1","Knee-down Right","2026-04-21T20:34:23.872672Z",1528,4.214,"2026-04-21T20:34:23.872692Z","/data/local-files/?d=downloads/pitch-pix-69c1740eced0048182df6e1e-9700-9718.mp4"
1531,"1","Knee-down Right","2026-04-21T20:34:27.779719Z",1529,3.696,"2026-04-21T20:34:27.779735Z","/data/local-files/?d=downloads/pitch-pix-69c1740eced0048182df6e1e-972-985.mp4"
1532,"1","Knee-down Right","2026-04-21T20:34:30.317863Z",1530,2.305,"2026-04-21T20:34:30.317881Z","/data/local-files/?d=downloads/pitch-pix-69c1740eced0048182df6e1e-9737-9751.mp4"
1533,"1","Knee-down Right","2026-04-21T20:34:32.636574Z",1531,2.098,"2026-04-21T20:34:32.636593Z","/data/local-files/?d=downloads/pitch-pix-69c1740eced0048182df6e1e-9771-9788.mp4"
1534,"1","Knee-down Left","2026-04-21T20:34:37.454685Z",1532,4.612,"2026-04-21T20:34:37.454700Z","/data/local-files/?d=downloads/pitch-pix-69c566fc6c66c9676e595993-10202-10210.mp4"
1535,"1","Knee-down Left","2026-04-21T20:34:42.452700Z",1533,4.766,"2026-04-21T20:34:42.452718Z","/data/local-files/?d=downloads/pitch-pix-69c566fc6c66c9676e595993-10216-10226.mp4"
1536,"1","Knee-down Left","2026-04-21T20:34:45.835384Z",1534,3.147,"2026-04-21T20:34:45.835401Z","/data/local-files/?d=downloads/pitch-pix-69c566fc6c66c9676e595993-10232-10244.mp4"
1537,"1","Knee-down Left","2026-04-21T20:34:47.532867Z",1535,1.473,"2026-04-21T20:34:47.532884Z","/data/local-files/?d=downloads/pitch-pix-69c566fc6c66c9676e595993-10250-10259.mp4"
1538,"1","Knee-down Left","2026-04-21T20:34:50.297542Z",1536,2.536,"2026-04-21T20:34:50.297560Z","/data/local-files/?d=downloads/pitch-pix-69c566fc6c66c9676e595993-10265-10276.mp4"
1539,"1","Knee-down Right","2026-04-21T20:34:57.403402Z",1537,6.878,"2026-04-21T20:34:57.403428Z","/data/local-files/?d=downloads/pitch-pix-69c566fc6c66c9676e595993-10293-10311.mp4"
1540,"1","Knee-down Left","2026-04-21T20:35:00.702970Z",1538,3.082,"2026-04-21T20:35:00.702988Z","/data/local-files/?d=downloads/pitch-pix-69c566fc6c66c9676e595993-10375-10384.mp4"
1541,"1","Knee-down Left","2026-04-21T20:35:06.330339Z",1539,5.415,"2026-04-21T20:35:06.330353Z","/data/local-files/?d=downloads/pitch-pix-69c566fc6c66c9676e595993-10391-10411.mp4"
1542,"1","Knee-down Right","2026-04-21T20:35:12.338015Z",1540,5.796,"2026-04-21T20:35:12.338033Z","/data/local-files/?d=downloads/pitch-pix-69c566fc6c66c9676e595993-10470-10484.mp4"
1543,"1","Knee-down Right","2026-04-21T20:35:14.598447Z",1541,2.052,"2026-04-21T20:35:14.598463Z","/data/local-files/?d=downloads/pitch-pix-69c566fc6c66c9676e595993-10533-10546.mp4"
1544,"1","Knee-down Left","2026-04-21T20:35:17.281718Z",1542,2.474,"2026-04-21T20:35:17.281734Z","/data/local-files/?d=downloads/pitch-pix-69c566fc6c66c9676e595993-1054-1064.mp4"
1545,"1","Knee-down Right","2026-04-21T20:35:22.321636Z",1543,4.828,"2026-04-21T20:35:22.321651Z","/data/local-files/?d=downloads/pitch-pix-69c566fc6c66c9676e595993-10576-10589.mp4"
1546,"1","Knee-down Right","2026-04-21T20:35:26.957910Z",1544,4.417,"2026-04-21T20:35:26.957925Z","/data/local-files/?d=downloads/pitch-pix-69c566fc6c66c9676e595993-10602-10614.mp4"
1547,"1","Knee-down Right","2026-04-21T20:35:28.521377Z",1545,1.322,"2026-04-21T20:35:28.521395Z","/data/local-files/?d=downloads/pitch-pix-69c566fc6c66c9676e595993-10650-10690.mp4"
1548,"1","Knee-down Left","2026-04-21T20:35:33.625711Z",1546,4.881,"2026-04-21T20:35:33.625725Z","/data/local-files/?d=downloads/pitch-pix-69c566fc6c66c9676e595993-1067-1078.mp4"
1549,"1","Knee-down Left","2026-04-21T20:35:37.019414Z",1547,3.172,"2026-04-21T20:35:37.019434Z","/data/local-files/?d=downloads/pitch-pix-69c566fc6c66c9676e595993-1086-1096.mp4"
1550,"1","Knee-down Left","2026-04-21T20:35:43.126675Z",1548,5.868,"2026-04-21T20:35:43.126691Z","/data/local-files/?d=downloads/pitch-pix-69c566fc6c66c9676e595993-1104-1117.mp4"
1551,"1","Knee-down Left","2026-04-21T20:35:47.294891Z",1549,3.943,"2026-04-21T20:35:47.294912Z","/data/local-files/?d=downloads/pitch-pix-69c566fc6c66c9676e595993-1140-1150.mp4"
1552,"1","Knee-down Left","2026-04-21T20:35:53.159795Z",1550,5.64,"2026-04-21T20:35:53.159808Z","/data/local-files/?d=downloads/pitch-pix-69c566fc6c66c9676e595993-1158-1170.mp4"
1553,"1","Knee-down Left","2026-04-21T20:35:56.323905Z",1551,2.957,"2026-04-21T20:35:56.323922Z","/data/local-files/?d=downloads/pitch-pix-69c566fc6c66c9676e595993-1177-1188.mp4"
1554,"1","Knee-down Left","2026-04-21T20:35:59.793285Z",1552,3.235,"2026-04-21T20:35:59.793299Z","/data/local-files/?d=downloads/pitch-pix-69c566fc6c66c9676e595993-1197-1210.mp4"
1555,"1","Knee-down Left","2026-04-21T20:36:01.681957Z",1553,1.637,"2026-04-21T20:36:01.681980Z","/data/local-files/?d=downloads/pitch-pix-69c566fc6c66c9676e595993-1222-1236.mp4"
1556,"1","Knee-down Left","2026-04-21T20:36:04.245143Z",1554,2.332,"2026-04-21T20:36:04.245157Z","/data/local-files/?d=downloads/pitch-pix-69c566fc6c66c9676e595993-1243-1265.mp4"
1557,"1","Knee-down Left","2026-04-21T20:36:07.281995Z",1555,2.795,"2026-04-21T20:36:07.282015Z","/data/local-files/?d=downloads/pitch-pix-69c566fc6c66c9676e595993-1278-1289.mp4"
1558,"1","Knee-down Left","2026-04-21T20:36:09.489517Z",1556,1.977,"2026-04-21T20:36:09.489539Z","/data/local-files/?d=downloads/pitch-pix-69c566fc6c66c9676e595993-1293-1305.mp4"
1559,"1","Knee-down Left","2026-04-21T20:36:12.095000Z",1557,2.389,"2026-04-21T20:36:12.095018Z","/data/local-files/?d=downloads/pitch-pix-69c566fc6c66c9676e595993-1309-1320.mp4"
1560,"1","Knee-down Left","2026-04-21T20:36:14.916726Z",1558,2.595,"2026-04-21T20:36:14.916742Z","/data/local-files/?d=downloads/pitch-pix-69c566fc6c66c9676e595993-1331-1344.mp4"
1561,"1","Knee-down Left","2026-04-21T20:36:19.700679Z",1559,4.559,"2026-04-21T20:36:19.700696Z","/data/local-files/?d=downloads/pitch-pix-69c566fc6c66c9676e595993-1351-1369.mp4"
1562,"1","Knee-down Right","2026-04-21T20:36:22.685568Z",1560,2.752,"2026-04-21T20:36:22.685582Z","/data/local-files/?d=downloads/pitch-pix-69c566fc6c66c9676e595993-1389-1400.mp4"
1563,"1","Knee-down Right","2026-04-21T20:36:24.591087Z",1561,1.685,"2026-04-21T20:36:24.591110Z","/data/local-files/?d=downloads/pitch-pix-69c566fc6c66c9676e595993-1406-1419.mp4"
1564,"1","Knee-down Right","2026-04-21T20:36:30.373079Z",1562,5.55,"2026-04-21T20:36:30.373098Z","/data/local-files/?d=downloads/pitch-pix-69c566fc6c66c9676e595993-1425-1443.mp4"
1565,"1","Knee-down Right","2026-04-21T20:36:33.185389Z",1563,2.58,"2026-04-21T20:36:33.185402Z","/data/local-files/?d=downloads/pitch-pix-69c566fc6c66c9676e595993-1465-1483.mp4"
1566,"1","Knee-down Right","2026-04-21T20:36:35.575987Z",1564,2.154,"2026-04-21T20:36:35.576010Z","/data/local-files/?d=downloads/pitch-pix-69c566fc6c66c9676e595993-1514-1531.mp4"
1567,"1","Knee-down Left","2026-04-21T20:36:37.794574Z",1565,1.965,"2026-04-21T20:36:37.794594Z","/data/local-files/?d=downloads/pitch-pix-69c566fc6c66c9676e595993-2052-2067.mp4"
1568,"1","Knee-down Left","2026-04-21T20:36:40.213436Z",1566,2.178,"2026-04-21T20:36:40.213459Z","/data/local-files/?d=downloads/pitch-pix-69c566fc6c66c9676e595993-2082-2092.mp4"
1569,"1","Knee-down Left","2026-04-21T20:36:42.341434Z",1567,1.899,"2026-04-21T20:36:42.341449Z","/data/local-files/?d=downloads/pitch-pix-69c566fc6c66c9676e595993-2096-2110.mp4"
1570,"1","Knee-down Left","2026-04-21T20:36:48.480372Z",1568,5.898,"2026-04-21T20:36:48.480388Z","/data/local-files/?d=downloads/pitch-pix-69c566fc6c66c9676e595993-2119-2131.mp4"
1571,"1","Knee-down Left","2026-04-21T20:36:50.074042Z",1569,1.369,"2026-04-21T20:36:50.074057Z","/data/local-files/?d=downloads/pitch-pix-69c566fc6c66c9676e595993-2143-2153.mp4"
1572,"1","Knee-down Left","2026-04-21T20:36:53.716787Z",1570,3.414,"2026-04-21T20:36:53.716806Z","/data/local-files/?d=downloads/pitch-pix-69c566fc6c66c9676e595993-2161-2179.mp4"
1573,"1","Knee-down Left","2026-04-21T20:36:55.397860Z",1571,1.454,"2026-04-21T20:36:55.397876Z","/data/local-files/?d=downloads/pitch-pix-69c566fc6c66c9676e595993-2202-2212.mp4"
1574,"1","Knee-down Left","2026-04-21T20:39:02.247127Z",1572,126.623,"2026-04-21T20:39:02.247143Z","/data/local-files/?d=downloads/pitch-pix-69c566fc6c66c9676e595993-2215-2226.mp4"
1575,"1","Knee-down Left","2026-04-21T20:39:05.075302Z",1573,2.58,"2026-04-21T20:39:05.075321Z","/data/local-files/?d=downloads/pitch-pix-69c566fc6c66c9676e595993-2232-2243.mp4"
1576,"1","Knee-down Left","2026-04-21T20:39:06.836599Z",1574,1.525,"2026-04-21T20:39:06.836620Z","/data/local-files/?d=downloads/pitch-pix-69c566fc6c66c9676e595993-2251-2266.mp4"
1577,"1","Knee-down Left","2026-04-21T20:39:08.858337Z",1575,1.793,"2026-04-21T20:39:08.858353Z","/data/local-files/?d=downloads/pitch-pix-69c566fc6c66c9676e595993-2289-2298.mp4"
1578,"1","Knee-down Left","2026-04-21T20:39:11.771084Z",1576,2.666,"2026-04-21T20:39:11.771104Z","/data/local-files/?d=downloads/pitch-pix-69c566fc6c66c9676e595993-2306-2316.mp4"
1579,"1","Knee-down Left","2026-04-21T20:39:14.069301Z",1577,2.043,"2026-04-21T20:39:14.069317Z","/data/local-files/?d=downloads/pitch-pix-69c566fc6c66c9676e595993-2324-2337.mp4"
1580,"1","Knee-down Left","2026-04-21T20:39:15.876101Z",1578,1.557,"2026-04-21T20:39:15.876117Z","/data/local-files/?d=downloads/pitch-pix-69c566fc6c66c9676e595993-3152-3160.mp4"
1581,"1","Knee-down Left","2026-04-21T20:39:17.727797Z",1579,1.603,"2026-04-21T20:39:17.727813Z","/data/local-files/?d=downloads/pitch-pix-69c566fc6c66c9676e595993-3165-3174.mp4"
1582,"1","Knee-down Left","2026-04-21T20:39:24.668596Z",1580,6.685,"2026-04-21T20:39:24.668612Z","/data/local-files/?d=downloads/pitch-pix-69c566fc6c66c9676e595993-3182-3193.mp4"
1583,"1","Knee-down Left","2026-04-21T20:39:30.388204Z",1581,5.471,"2026-04-21T20:39:30.388218Z","/data/local-files/?d=downloads/pitch-pix-69c566fc6c66c9676e595993-3200-3213.mp4"
1584,"1","Knee-down Right","2026-04-21T20:39:32.616354Z",1582,2.005,"2026-04-21T20:39:32.616369Z","/data/local-files/?d=downloads/pitch-pix-69c566fc6c66c9676e595993-3258-3269.mp4"
1585,"1","Knee-down Right","2026-04-21T20:39:34.263379Z",1583,1.403,"2026-04-21T20:39:34.263399Z","/data/local-files/?d=downloads/pitch-pix-69c566fc6c66c9676e595993-3368-3381.mp4"
1586,"1","Knee-down Right","2026-04-21T20:39:35.898334Z",1584,1.406,"2026-04-21T20:39:35.898348Z","/data/local-files/?d=downloads/pitch-pix-69c566fc6c66c9676e595993-3402-3436.mp4"
1587,"1","Knee-down Left","2026-04-21T20:39:37.438106Z",1585,1.322,"2026-04-21T20:39:37.438124Z","/data/local-files/?d=downloads/pitch-pix-69c566fc6c66c9676e595993-3564-3574.mp4"
1588,"1","Knee-down Left","2026-04-21T20:39:39.276768Z",1586,1.615,"2026-04-21T20:39:39.276781Z","/data/local-files/?d=downloads/pitch-pix-69c566fc6c66c9676e595993-3577-3593.mp4"
1589,"1","Knee-down Left","2026-04-21T20:39:41.982559Z",1587,2.477,"2026-04-21T20:39:41.982574Z","/data/local-files/?d=downloads/pitch-pix-69c566fc6c66c9676e595993-3609-3619.mp4"
1590,"1","Knee-down Left","2026-04-21T20:39:43.716789Z",1588,1.488,"2026-04-21T20:39:43.716807Z","/data/local-files/?d=downloads/pitch-pix-69c566fc6c66c9676e595993-3626-3635.mp4"
1591,"1","Knee-down Left","2026-04-21T20:39:47.507948Z",1589,3.561,"2026-04-21T20:39:47.507963Z","/data/local-files/?d=downloads/pitch-pix-69c566fc6c66c9676e595993-3639-3655.mp4"
1592,"1","Knee-down Left","2026-04-21T20:39:51.003034Z",1590,3.273,"2026-04-21T20:39:51.003048Z","/data/local-files/?d=downloads/pitch-pix-69c566fc6c66c9676e595993-3669-3682.mp4"
1593,"1","Knee-down Left","2026-04-21T20:39:53.469479Z",1591,2.242,"2026-04-21T20:39:53.469498Z","/data/local-files/?d=downloads/pitch-pix-69c566fc6c66c9676e595993-3693-3709.mp4"
1594,"1","Knee-down Left","2026-04-21T20:39:55.264258Z",1592,1.563,"2026-04-21T20:39:55.264277Z","/data/local-files/?d=downloads/pitch-pix-69c566fc6c66c9676e595993-5009-5018.mp4"
1595,"1","Knee-down Left","2026-04-21T20:39:57.864438Z",1593,2.366,"2026-04-21T20:39:57.864455Z","/data/local-files/?d=downloads/pitch-pix-69c566fc6c66c9676e595993-5021-5039.mp4"
1596,"1","Knee-down Left","2026-04-21T20:39:59.885633Z",1594,1.772,"2026-04-21T20:39:59.885654Z","/data/local-files/?d=downloads/pitch-pix-69c566fc6c66c9676e595993-5059-5069.mp4"
1597,"1","Knee-down Left","2026-04-21T20:40:01.781153Z",1595,1.67,"2026-04-21T20:40:01.781171Z","/data/local-files/?d=downloads/pitch-pix-69c566fc6c66c9676e595993-5074-5092.mp4"
1598,"1","Knee-down Left","2026-04-21T20:40:03.471009Z",1596,1.452,"2026-04-21T20:40:03.471026Z","/data/local-files/?d=downloads/pitch-pix-69c566fc6c66c9676e595993-5115-5123.mp4"
1599,"1","Knee-down Left","2026-04-21T20:40:05.191297Z",1597,1.494,"2026-04-21T20:40:05.191316Z","/data/local-files/?d=downloads/pitch-pix-69c566fc6c66c9676e595993-5130-5145.mp4"
1600,"1","Knee-down Left","2026-04-21T20:40:10.373351Z",1598,4.959,"2026-04-21T20:40:10.373368Z","/data/local-files/?d=downloads/pitch-pix-69c566fc6c66c9676e595993-5770-5784.mp4"
1601,"1","Knee-down Left","2026-04-21T20:40:12.789155Z",1599,2.171,"2026-04-21T20:40:12.789172Z","/data/local-files/?d=downloads/pitch-pix-69c566fc6c66c9676e595993-5791-5800.mp4"
1602,"1","Knee-down Left","2026-04-21T20:40:16.527145Z",1600,3.494,"2026-04-21T20:40:16.527164Z","/data/local-files/?d=downloads/pitch-pix-69c566fc6c66c9676e595993-5803-5815.mp4"
1603,"1","Knee-down Left","2026-04-21T20:40:19.083170Z",1601,2.337,"2026-04-21T20:40:19.083185Z","/data/local-files/?d=downloads/pitch-pix-69c566fc6c66c9676e595993-5822-5841.mp4"
1604,"1","Knee-down Left","2026-04-21T20:40:22.340489Z",1602,3.032,"2026-04-21T20:40:22.340510Z","/data/local-files/?d=downloads/pitch-pix-69c566fc6c66c9676e595993-5856-5868.mp4"
1605,"1","Knee-down Left","2026-04-21T20:40:24.477695Z",1603,1.915,"2026-04-21T20:40:24.477710Z","/data/local-files/?d=downloads/pitch-pix-69c566fc6c66c9676e595993-5871-5883.mp4"
1606,"1","Knee-down Left","2026-04-21T20:40:26.239589Z",1604,1.546,"2026-04-21T20:40:26.239605Z","/data/local-files/?d=downloads/pitch-pix-69c566fc6c66c9676e595993-5895-5905.mp4"
1607,"1","Knee-down Left","2026-04-21T20:40:30.445576Z",1605,3.947,"2026-04-21T20:40:30.445598Z","/data/local-files/?d=downloads/pitch-pix-69c566fc6c66c9676e595993-5905-5919.mp4"
1608,"1","Knee-down Left","2026-04-21T20:40:36.022017Z",1606,5.295,"2026-04-21T20:40:36.022034Z","/data/local-files/?d=downloads/pitch-pix-69c566fc6c66c9676e595993-5935-5950.mp4"
1609,"1","Knee-down Left","2026-04-21T20:40:38.920101Z",1607,2.662,"2026-04-21T20:40:38.920119Z","/data/local-files/?d=downloads/pitch-pix-69c566fc6c66c9676e595993-5956-5967.mp4"
1610,"1","Knee-down Left","2026-04-21T20:40:46.314346Z",1608,7.151,"2026-04-21T20:40:46.314366Z","/data/local-files/?d=downloads/pitch-pix-69c566fc6c66c9676e595993-5972-5985.mp4"
1611,"1","Knee-down Left","2026-04-21T20:40:59.455613Z",1609,12.926,"2026-04-21T20:40:59.455631Z","/data/local-files/?d=downloads/pitch-pix-69c566fc6c66c9676e595993-5991-6009.mp4"
1612,"1","Knee-down Left","2026-04-21T20:42:57.070956Z",1610,117.387,"2026-04-21T20:42:57.070984Z","/data/local-files/?d=downloads/pitch-pix-69c566fc6c66c9676e595993-6018-6031.mp4"
1613,"1","Knee-down Left","2026-04-21T20:44:22.049146Z",1611,84.693,"2026-04-21T20:44:22.049163Z","/data/local-files/?d=downloads/pitch-pix-69c566fc6c66c9676e595993-6039-6058.mp4"
1614,"1","Knee-down Left","2026-04-21T20:44:24.320507Z",1612,2.032,"2026-04-21T20:44:24.320524Z","/data/local-files/?d=downloads/pitch-pix-69c566fc6c66c9676e595993-6715-6729.mp4"
1615,"1","Knee-down Right","2026-04-21T20:44:26.075631Z",1613,1.523,"2026-04-21T20:44:26.075647Z","/data/local-files/?d=downloads/pitch-pix-69c566fc6c66c9676e595993-6759-6768.mp4"
1616,"1","Knee-down Right","2026-04-21T20:44:28.579951Z",1614,2.251,"2026-04-21T20:44:28.579967Z","/data/local-files/?d=downloads/pitch-pix-69c566fc6c66c9676e595993-6771-6782.mp4"
1617,"1","Knee-down Right","2026-04-21T20:44:30.737392Z",1615,1.916,"2026-04-21T20:44:30.737409Z","/data/local-files/?d=downloads/pitch-pix-69c566fc6c66c9676e595993-6791-6803.mp4"
1618,"1","Knee-down Right","2026-04-21T20:44:32.632631Z",1616,1.65,"2026-04-21T20:44:32.632651Z","/data/local-files/?d=downloads/pitch-pix-69c566fc6c66c9676e595993-6810-6821.mp4"
1619,"1","Knee-down Right","2026-04-21T20:44:35.313679Z",1617,2.437,"2026-04-21T20:44:35.313710Z","/data/local-files/?d=downloads/pitch-pix-69c566fc6c66c9676e595993-6828-6845.mp4"
1620,"1","Knee-down Right","2026-04-21T20:44:38.738371Z",1618,3.175,"2026-04-21T20:44:38.738388Z","/data/local-files/?d=downloads/pitch-pix-69c566fc6c66c9676e595993-6862-6873.mp4"
1621,"1","Knee-down Right","2026-04-21T20:44:40.474123Z",1619,1.491,"2026-04-21T20:44:40.474140Z","/data/local-files/?d=downloads/pitch-pix-69c566fc6c66c9676e595993-6879-6889.mp4"
1622,"1","Knee-down Right","2026-04-21T20:44:42.495997Z",1620,1.761,"2026-04-21T20:44:42.496017Z","/data/local-files/?d=downloads/pitch-pix-69c566fc6c66c9676e595993-6896-6907.mp4"
1623,"1","Knee-down Right","2026-04-21T20:44:44.247836Z",1621,1.501,"2026-04-21T20:44:44.247851Z","/data/local-files/?d=downloads/pitch-pix-69c566fc6c66c9676e595993-6913-6927.mp4"
1624,"1","Knee-down Right","2026-04-21T20:44:46.842715Z",1622,2.331,"2026-04-21T20:44:46.842733Z","/data/local-files/?d=downloads/pitch-pix-69c566fc6c66c9676e595993-6951-6962.mp4"
1625,"1","Knee-down Right","2026-04-21T20:44:48.837218Z",1623,1.741,"2026-04-21T20:44:48.837236Z","/data/local-files/?d=downloads/pitch-pix-69c566fc6c66c9676e595993-6968-6979.mp4"
1626,"1","Knee-down Right","2026-04-21T20:44:52.251335Z",1624,3.174,"2026-04-21T20:44:52.251351Z","/data/local-files/?d=downloads/pitch-pix-69c566fc6c66c9676e595993-6986-6997.mp4"
1627,"1","Knee-down Right","2026-04-21T20:44:54.015743Z",1625,1.529,"2026-04-21T20:44:54.015760Z","/data/local-files/?d=downloads/pitch-pix-69c566fc6c66c9676e595993-7003-7023.mp4"
1628,"1","Knee-down Right","2026-04-21T20:44:55.731972Z",1626,1.487,"2026-04-21T20:44:55.731987Z","/data/local-files/?d=downloads/pitch-pix-69c566fc6c66c9676e595993-7065-7073.mp4"
1629,"1","Knee-down Right","2026-04-21T20:44:58.544277Z",1627,2.563,"2026-04-21T20:44:58.544300Z","/data/local-files/?d=downloads/pitch-pix-69c566fc6c66c9676e595993-7102-7112.mp4"
1630,"1","Knee-down Right","2026-04-21T20:45:00.893735Z",1628,2.091,"2026-04-21T20:45:00.893754Z","/data/local-files/?d=downloads/pitch-pix-69c566fc6c66c9676e595993-7117-7128.mp4"
1631,"1","Knee-down Right","2026-04-21T20:45:02.662274Z",1629,1.519,"2026-04-21T20:45:02.662294Z","/data/local-files/?d=downloads/pitch-pix-69c566fc6c66c9676e595993-7133-7144.mp4"
1632,"1","Knee-down Right","2026-04-21T20:45:04.279513Z",1630,1.401,"2026-04-21T20:45:04.279534Z","/data/local-files/?d=downloads/pitch-pix-69c566fc6c66c9676e595993-7150-7167.mp4"
1633,"1","Knee-down Right","2026-04-21T20:45:06.058837Z",1631,1.556,"2026-04-21T20:45:06.058855Z","/data/local-files/?d=downloads/pitch-pix-69c566fc6c66c9676e595993-7225-7236.mp4"
1634,"1","Knee-down Right","2026-04-21T20:45:07.641552Z",1632,1.324,"2026-04-21T20:45:07.641568Z","/data/local-files/?d=downloads/pitch-pix-69c566fc6c66c9676e595993-7244-7257.mp4"
1635,"1","Knee-down Right","2026-04-21T20:45:09.194165Z",1633,1.311,"2026-04-21T20:45:09.194185Z","/data/local-files/?d=downloads/pitch-pix-69c566fc6c66c9676e595993-7266-7277.mp4"
1636,"1","Knee-down Right","2026-04-21T20:45:11.997780Z",1634,2.571,"2026-04-21T20:45:11.997797Z","/data/local-files/?d=downloads/pitch-pix-69c566fc6c66c9676e595993-7305-7325.mp4"
1637,"1","Knee-down Left","2026-04-21T20:45:14.958536Z",1635,2.574,"2026-04-21T20:45:14.958594Z","/data/local-files/?d=downloads/pitch-pix-69c566fc6c66c9676e595993-8112-8123.mp4"
1638,"1","Knee-down Left","2026-04-21T20:45:17.735831Z",1636,2.432,"2026-04-21T20:45:17.735847Z","/data/local-files/?d=downloads/pitch-pix-69c566fc6c66c9676e595993-8130-8139.mp4"
1639,"1","Knee-down Left","2026-04-21T20:45:19.688657Z",1637,1.564,"2026-04-21T20:45:19.688675Z","/data/local-files/?d=downloads/pitch-pix-69c566fc6c66c9676e595993-8144-8155.mp4"
1640,"1","Knee-down Left","2026-04-21T20:45:21.329533Z",1638,1.381,"2026-04-21T20:45:21.329556Z","/data/local-files/?d=downloads/pitch-pix-69c566fc6c66c9676e595993-8162-8173.mp4"
1641,"1","Knee-down Right","2026-04-21T20:45:23.633577Z",1639,2.073,"2026-04-21T20:45:23.633592Z","/data/local-files/?d=downloads/pitch-pix-69c566fc6c66c9676e595993-8204-8215.mp4"
1642,"1","Knee-down Right","2026-04-21T20:45:25.612315Z",1640,1.742,"2026-04-21T20:45:25.612330Z","/data/local-files/?d=downloads/pitch-pix-69c566fc6c66c9676e595993-8221-8230.mp4"
1643,"1","Knee-down Right","2026-04-21T20:45:26.966628Z",1641,1.119,"2026-04-21T20:45:26.966647Z","/data/local-files/?d=downloads/pitch-pix-69c566fc6c66c9676e595993-8237-8247.mp4"
1644,"1","Knee-down Right","2026-04-21T20:45:28.694020Z",1642,1.469,"2026-04-21T20:45:28.694037Z","/data/local-files/?d=downloads/pitch-pix-69c566fc6c66c9676e595993-8251-8262.mp4"
1645,"1","Knee-down Right","2026-04-21T20:45:32.956825Z",1643,4.028,"2026-04-21T20:45:32.956845Z","/data/local-files/?d=downloads/pitch-pix-69c566fc6c66c9676e595993-8267-8283.mp4"
1646,"1","Knee-down Right","2026-04-21T20:45:34.950487Z",1644,1.761,"2026-04-21T20:45:34.950503Z","/data/local-files/?d=downloads/pitch-pix-69c566fc6c66c9676e595993-8303-8314.mp4"
1647,"1","Knee-down Right","2026-04-21T20:45:36.887397Z",1645,1.686,"2026-04-21T20:45:36.887417Z","/data/local-files/?d=downloads/pitch-pix-69c566fc6c66c9676e595993-8322-8336.mp4"
1648,"1","Knee-down Right","2026-04-21T20:45:38.538518Z",1646,1.4,"2026-04-21T20:45:38.538533Z","/data/local-files/?d=downloads/pitch-pix-69c566fc6c66c9676e595993-8343-8356.mp4"
1649,"1","Knee-down Right","2026-04-21T20:45:40.144341Z",1647,1.369,"2026-04-21T20:45:40.144355Z","/data/local-files/?d=downloads/pitch-pix-69c566fc6c66c9676e595993-8368-8380.mp4"
1650,"1","Knee-down Right","2026-04-21T20:45:42.343803Z",1648,1.945,"2026-04-21T20:45:42.343819Z","/data/local-files/?d=downloads/pitch-pix-69c566fc6c66c9676e595993-8398-8409.mp4"
1651,"1","Knee-down Right","2026-04-21T20:45:44.014742Z",1649,1.428,"2026-04-21T20:45:44.014757Z","/data/local-files/?d=downloads/pitch-pix-69c566fc6c66c9676e595993-8412-8423.mp4"
1652,"1","Knee-down Right","2026-04-21T20:45:45.520765Z",1650,1.28,"2026-04-21T20:45:45.520780Z","/data/local-files/?d=downloads/pitch-pix-69c566fc6c66c9676e595993-8427-8439.mp4"
1653,"1","Knee-down Right","2026-04-21T20:45:47.265457Z",1651,1.52,"2026-04-21T20:45:47.265479Z","/data/local-files/?d=downloads/pitch-pix-69c566fc6c66c9676e595993-8444-8456.mp4"
1654,"1","Knee-down Right","2026-04-21T20:45:51.226794Z",1652,3.712,"2026-04-21T20:45:51.226809Z","/data/local-files/?d=downloads/pitch-pix-69c566fc6c66c9676e595993-8475-8490.mp4"
1655,"1","Knee-down Right","2026-04-21T20:45:53.769743Z",1653,2.296,"2026-04-21T20:45:53.769761Z","/data/local-files/?d=downloads/pitch-pix-69c566fc6c66c9676e595993-8496-8509.mp4"
1656,"1","Knee-down Right","2026-04-21T20:45:56.677886Z",1654,2.673,"2026-04-21T20:45:56.677902Z","/data/local-files/?d=downloads/pitch-pix-69c566fc6c66c9676e595993-8515-8538.mp4"
1657,"1","Knee-down Left","2026-04-21T20:45:58.882984Z",1655,1.948,"2026-04-21T20:45:58.883002Z","/data/local-files/?d=downloads/pitch-pix-69c566fc6c66c9676e595993-8613-8621.mp4"
1658,"1","Knee-down Left","2026-04-21T20:46:00.755993Z",1656,1.636,"2026-04-21T20:46:00.756010Z","/data/local-files/?d=downloads/pitch-pix-69c566fc6c66c9676e595993-8626-8642.mp4"
1659,"1","Knee-down Right","2026-04-21T20:46:03.002647Z",1657,2.006,"2026-04-21T20:46:03.002663Z","/data/local-files/?d=downloads/pitch-pix-69c99556ca49288435c37307-2800-2810.mp4"
1660,"1","Knee-down Right","2026-04-21T20:46:12.344470Z",1658,9.097,"2026-04-21T20:46:12.344489Z","/data/local-files/?d=downloads/pitch-pix-69c99556ca49288435c37307-471-483.mp4"
1661,"1","Knee-down Right","2026-04-21T20:46:14.840966Z",1659,2.274,"2026-04-21T20:46:14.840978Z","/data/local-files/?d=downloads/pitch-pix-69c99556ca49288435c37307-5456-5468.mp4"
1662,"1","Knee-down Right","2026-04-21T20:46:17.924710Z",1660,2.869,"2026-04-21T20:46:17.924729Z","/data/local-files/?d=downloads/pitch-pix-69c9cd129f85e694433803ac-164-180.mp4"
1663,"1","Knee-down Right","2026-04-21T20:46:21.739580Z",1661,3.57,"2026-04-21T20:46:21.739596Z","/data/local-files/?d=downloads/pitch-pix-69c9cd129f85e694433803ac-6187-6201.mp4"
1664,"1","Knee-down Right","2026-04-21T20:46:25.691461Z",1662,3.714,"2026-04-21T20:46:25.691477Z","/data/local-files/?d=downloads/pitch-pix-69c9cd129f85e694433803ac-9042-9059.mp4"
1665,"1","Knee-down Right","2026-04-21T20:46:27.710507Z",1663,1.76,"2026-04-21T20:46:27.710523Z","/data/local-files/?d=downloads/pitch-pix-69c9cd129f85e694433803ac-9084-9101.mp4"
1666,"1","Knee-down Right","2026-04-21T20:46:29.465371Z",1664,1.494,"2026-04-21T20:46:29.465387Z","/data/local-files/?d=downloads/pitch-pix-69cb01d18c8e8ac5c5b2b901-10003-10011.mp4"
1667,"1","Knee-down Right","2026-04-21T20:46:32.961865Z",1665,3.244,"2026-04-21T20:46:32.961884Z","/data/local-files/?d=downloads/pitch-pix-69cb01d18c8e8ac5c5b2b901-10018-10031.mp4"
1668,"1","Knee-down Right","2026-04-21T20:46:34.672103Z",1666,1.454,"2026-04-21T20:46:34.672120Z","/data/local-files/?d=downloads/pitch-pix-69cb01d18c8e8ac5c5b2b901-10052-10059.mp4"
1669,"1","Knee-down Right","2026-04-21T20:46:36.308303Z",1667,1.383,"2026-04-21T20:46:36.308320Z","/data/local-files/?d=downloads/pitch-pix-69cb01d18c8e8ac5c5b2b901-10064-10072.mp4"
1670,"1","Knee-down Right","2026-04-21T20:46:38.341241Z",1668,1.778,"2026-04-21T20:46:38.341258Z","/data/local-files/?d=downloads/pitch-pix-69cb01d18c8e8ac5c5b2b901-10082-10091.mp4"
1671,"1","Knee-down Right","2026-04-21T20:46:44.868228Z",1669,6.269,"2026-04-21T20:46:44.868243Z","/data/local-files/?d=downloads/pitch-pix-69cb01d18c8e8ac5c5b2b901-10098-10106.mp4"
1672,"1","Knee-down Right","2026-04-21T20:46:47.808863Z",1670,2.678,"2026-04-21T20:46:47.808880Z","/data/local-files/?d=downloads/pitch-pix-69cb01d18c8e8ac5c5b2b901-10130-10140.mp4"
1673,"1","Knee-down Right","2026-04-21T20:46:49.682062Z",1671,1.619,"2026-04-21T20:46:49.682078Z","/data/local-files/?d=downloads/pitch-pix-69cb01d18c8e8ac5c5b2b901-10802-10816.mp4"
1674,"1","Knee-down Right","2026-04-21T20:46:51.487025Z",1672,1.567,"2026-04-21T20:46:51.487045Z","/data/local-files/?d=downloads/pitch-pix-69cb01d18c8e8ac5c5b2b901-10834-10843.mp4"
1675,"1","Knee-down Right","2026-04-21T20:46:54.715428Z",1673,2.975,"2026-04-21T20:46:54.715443Z","/data/local-files/?d=downloads/pitch-pix-69cb01d18c8e8ac5c5b2b901-10850-10862.mp4"
1676,"1","Knee-down Right","2026-04-21T20:46:57.273925Z",1674,2.292,"2026-04-21T20:46:57.273942Z","/data/local-files/?d=downloads/pitch-pix-69cb01d18c8e8ac5c5b2b901-10871-10882.mp4"
1677,"1","Knee-down Right","2026-04-21T20:47:00.864511Z",1675,3.349,"2026-04-21T20:47:00.864529Z","/data/local-files/?d=downloads/pitch-pix-69cb01d18c8e8ac5c5b2b901-10888-10900.mp4"
1678,"1","Knee-down Right","2026-04-21T20:47:02.806651Z",1676,1.684,"2026-04-21T20:47:02.806666Z","/data/local-files/?d=downloads/pitch-pix-69cb01d18c8e8ac5c5b2b901-10911-10921.mp4"
1679,"1","Knee-down Right","2026-04-21T20:47:04.848569Z",1677,1.762,"2026-04-21T20:47:04.848586Z","/data/local-files/?d=downloads/pitch-pix-69cb01d18c8e8ac5c5b2b901-10930-10942.mp4"
1680,"1","Knee-down Right","2026-04-21T20:47:06.686026Z",1678,1.57,"2026-04-21T20:47:06.686042Z","/data/local-files/?d=downloads/pitch-pix-69cb01d18c8e8ac5c5b2b901-10948-10959.mp4"
1681,"1","Knee-down Right","2026-04-21T20:47:10.192153Z",1679,3.279,"2026-04-21T20:47:10.192171Z","/data/local-files/?d=downloads/pitch-pix-69cb01d18c8e8ac5c5b2b901-10984-11001.mp4"
1682,"1","Knee-down Right","2026-04-21T20:47:12.049307Z",1680,1.605,"2026-04-21T20:47:12.049328Z","/data/local-files/?d=downloads/pitch-pix-69cb01d18c8e8ac5c5b2b901-11030-11038.mp4"
1683,"1","Knee-down Right","2026-04-21T20:47:13.960193Z",1681,1.663,"2026-04-21T20:47:13.960208Z","/data/local-files/?d=downloads/pitch-pix-69cb01d18c8e8ac5c5b2b901-11048-11057.mp4"
1684,"1","Knee-down Right","2026-04-21T20:47:18.922076Z",1682,4.7,"2026-04-21T20:47:18.922094Z","/data/local-files/?d=downloads/pitch-pix-69cb01d18c8e8ac5c5b2b901-11071-11081.mp4"
1685,"1","Knee-down Right","2026-04-21T20:47:20.683522Z",1683,1.503,"2026-04-21T20:47:20.683538Z","/data/local-files/?d=downloads/pitch-pix-69cb01d18c8e8ac5c5b2b901-11116-11125.mp4"
1686,"1","Knee-down Right","2026-04-21T20:47:22.466729Z",1684,1.516,"2026-04-21T20:47:22.466744Z","/data/local-files/?d=downloads/pitch-pix-69cb01d18c8e8ac5c5b2b901-11136-11150.mp4"
1687,"1","Knee-down Right","2026-04-21T20:47:24.741494Z",1685,2.033,"2026-04-21T20:47:24.741511Z","/data/local-files/?d=downloads/pitch-pix-69cb01d18c8e8ac5c5b2b901-11194-11204.mp4"
1688,"1","Knee-down Right","2026-04-21T20:47:26.374095Z",1686,1.39,"2026-04-21T20:47:26.374114Z","/data/local-files/?d=downloads/pitch-pix-69cb01d18c8e8ac5c5b2b901-11210-11219.mp4"
1689,"1","Knee-down Right","2026-04-21T20:47:28.505871Z",1687,1.861,"2026-04-21T20:47:28.505889Z","/data/local-files/?d=downloads/pitch-pix-69cb01d18c8e8ac5c5b2b901-11227-11240.mp4"
1690,"1","Knee-down Right","2026-04-21T20:47:30.132579Z",1688,1.369,"2026-04-21T20:47:30.132597Z","/data/local-files/?d=downloads/pitch-pix-69cb01d18c8e8ac5c5b2b901-11252-11260.mp4"
1691,"1","Knee-down Right","2026-04-21T20:47:32.066544Z",1689,1.686,"2026-04-21T20:47:32.066569Z","/data/local-files/?d=downloads/pitch-pix-69cb01d18c8e8ac5c5b2b901-11267-11280.mp4"
1692,"1","Knee-down Right","2026-04-21T20:47:33.940240Z",1690,1.633,"2026-04-21T20:47:33.940259Z","/data/local-files/?d=downloads/pitch-pix-69cb01d18c8e8ac5c5b2b901-11496-11505.mp4"
1693,"1","Knee-down Right","2026-04-21T20:47:36.570995Z",1691,2.397,"2026-04-21T20:47:36.571011Z","/data/local-files/?d=downloads/pitch-pix-69cb01d18c8e8ac5c5b2b901-11515-11529.mp4"
1694,"1","Knee-down Right","2026-04-21T20:47:40.267592Z",1692,3.436,"2026-04-21T20:47:40.267611Z","/data/local-files/?d=downloads/pitch-pix-69cb01d18c8e8ac5c5b2b901-11576-11583.mp4"
1695,"1","Knee-down Right","2026-04-21T20:47:42.128561Z",1693,1.62,"2026-04-21T20:47:42.128579Z","/data/local-files/?d=downloads/pitch-pix-69cb01d18c8e8ac5c5b2b901-11588-11606.mp4"
1696,"1","Knee-down Right","2026-04-21T20:47:43.879177Z",1694,1.507,"2026-04-21T20:47:43.879194Z","/data/local-files/?d=downloads/pitch-pix-69cb01d18c8e8ac5c5b2b901-11637-11651.mp4"
1697,"1","Knee-down Right","2026-04-21T20:47:45.734842Z",1695,1.598,"2026-04-21T20:47:45.734860Z","/data/local-files/?d=downloads/pitch-pix-69cb01d18c8e8ac5c5b2b901-1514-1524.mp4"
1698,"1","Knee-down Right","2026-04-21T20:47:47.559740Z",1696,1.57,"2026-04-21T20:47:47.559756Z","/data/local-files/?d=downloads/pitch-pix-69cb01d18c8e8ac5c5b2b901-1531-1540.mp4"
1699,"1","Knee-down Right","2026-04-21T20:47:49.231342Z",1697,1.417,"2026-04-21T20:47:49.231360Z","/data/local-files/?d=downloads/pitch-pix-69cb01d18c8e8ac5c5b2b901-1547-1561.mp4"
1700,"1","Knee-down Right","2026-04-21T20:47:50.867884Z",1698,1.384,"2026-04-21T20:47:50.867900Z","/data/local-files/?d=downloads/pitch-pix-69cb01d18c8e8ac5c5b2b901-1584-1592.mp4"
1701,"1","Knee-down Right","2026-04-21T20:47:52.529556Z",1699,1.419,"2026-04-21T20:47:52.529572Z","/data/local-files/?d=downloads/pitch-pix-69cb01d18c8e8ac5c5b2b901-1599-1610.mp4"
1702,"1","Knee-down Right","2026-04-21T20:47:55.028636Z",1700,2.247,"2026-04-21T20:47:55.028656Z","/data/local-files/?d=downloads/pitch-pix-69cb01d18c8e8ac5c5b2b901-1623-1633.mp4"
1703,"1","Knee-down Right","2026-04-21T20:47:58.197435Z",1701,2.93,"2026-04-21T20:47:58.197449Z","/data/local-files/?d=downloads/pitch-pix-69cb01d18c8e8ac5c5b2b901-1640-1652.mp4"
1704,"1","Knee-down Right","2026-04-21T20:48:01.880223Z",1702,3.437,"2026-04-21T20:48:01.880243Z","/data/local-files/?d=downloads/pitch-pix-69cb01d18c8e8ac5c5b2b901-1663-1678.mp4"
1705,"1","Knee-down Right","2026-04-21T20:48:03.882079Z",1703,1.757,"2026-04-21T20:48:03.882098Z","/data/local-files/?d=downloads/pitch-pix-69cb01d18c8e8ac5c5b2b901-1708-1716.mp4"
1706,"1","Knee-down Right","2026-04-21T20:48:08.282272Z",1704,4.179,"2026-04-21T20:48:08.282290Z","/data/local-files/?d=downloads/pitch-pix-69cb01d18c8e8ac5c5b2b901-1723-1733.mp4"
1707,"1","Knee-down Right","2026-04-21T20:48:11.323833Z",1705,2.798,"2026-04-21T20:48:11.323853Z","/data/local-files/?d=downloads/pitch-pix-69cb01d18c8e8ac5c5b2b901-1749-1756.mp4"
1708,"1","Knee-down Right","2026-04-21T20:48:14.363669Z",1706,2.794,"2026-04-21T20:48:14.363692Z","/data/local-files/?d=downloads/pitch-pix-69cb01d18c8e8ac5c5b2b901-1764-1777.mp4"
1709,"1","Knee-down Right","2026-04-21T20:48:17.764291Z",1707,3.15,"2026-04-21T20:48:17.764307Z","/data/local-files/?d=downloads/pitch-pix-69cb01d18c8e8ac5c5b2b901-1791-1801.mp4"
1710,"1","Knee-down Right","2026-04-21T20:48:26.112213Z",1708,8.108,"2026-04-21T20:48:26.112227Z","/data/local-files/?d=downloads/pitch-pix-69cb01d18c8e8ac5c5b2b901-1810-1833.mp4"
1711,"1","Knee-down Right","2026-04-21T20:48:28.732023Z",1709,2.385,"2026-04-21T20:48:28.732039Z","/data/local-files/?d=downloads/pitch-pix-69cb01d18c8e8ac5c5b2b901-1848-1856.mp4"
1712,"1","Knee-down Right","2026-04-21T20:48:31.462233Z",1710,2.495,"2026-04-21T20:48:31.462251Z","/data/local-files/?d=downloads/pitch-pix-69cb01d18c8e8ac5c5b2b901-1863-1874.mp4"
1713,"1","Knee-down Right","2026-04-21T20:48:39.805171Z",1711,8.111,"2026-04-21T20:48:39.805194Z","/data/local-files/?d=downloads/pitch-pix-69cb01d18c8e8ac5c5b2b901-1882-1894.mp4"
1714,"1","Knee-down Right","2026-04-21T20:50:26.521619Z",1712,106.483,"2026-04-21T20:50:26.521636Z","/data/local-files/?d=downloads/pitch-pix-69cb01d18c8e8ac5c5b2b901-1906-1919.mp4"
1715,"1","Knee-down Right","2026-04-21T20:50:30.122608Z",1713,3.343,"2026-04-21T20:50:30.122625Z","/data/local-files/?d=downloads/pitch-pix-69cb01d18c8e8ac5c5b2b901-1925-1944.mp4"
1716,"1","Knee-down Right","2026-04-21T20:50:32.892914Z",1714,2.534,"2026-04-21T20:50:32.892928Z","/data/local-files/?d=downloads/pitch-pix-69cb01d18c8e8ac5c5b2b901-1962-1972.mp4"
1717,"1","Knee-down Right","2026-04-21T20:50:37.525314Z",1715,4.39,"2026-04-21T20:50:37.525331Z","/data/local-files/?d=downloads/pitch-pix-69cb01d18c8e8ac5c5b2b901-1983-2000.mp4"
1718,"1","Knee-down Right","2026-04-21T20:50:41.901651Z",1716,4.136,"2026-04-21T20:50:41.901669Z","/data/local-files/?d=downloads/pitch-pix-69cb01d18c8e8ac5c5b2b901-2013-2029.mp4"
1719,"1","Knee-down Right","2026-04-21T20:50:43.629747Z",1717,1.469,"2026-04-21T20:50:43.629765Z","/data/local-files/?d=downloads/pitch-pix-69cb01d18c8e8ac5c5b2b901-2063-2078.mp4"
1720,"1","Bad Video","2026-04-21T20:50:52.810467Z",1718,8.908,"2026-04-21T20:50:52.810489Z","/data/local-files/?d=downloads/pitch-pix-69cb01d18c8e8ac5c5b2b901-2114-2119.mp4"
1721,"1","Knee-down Right","2026-04-21T20:50:56.046268Z",1719,2.973,"2026-04-21T20:50:56.046284Z","/data/local-files/?d=downloads/pitch-pix-69cb01d18c8e8ac5c5b2b901-2125-2137.mp4"
1722,"1","Knee-down Right","2026-04-21T20:50:57.749245Z",1720,1.457,"2026-04-21T20:50:57.749262Z","/data/local-files/?d=downloads/pitch-pix-69cb01d18c8e8ac5c5b2b901-2150-2157.mp4"
1723,"1","Knee-down Right","2026-04-21T20:51:00.677787Z",1721,2.662,"2026-04-21T20:51:00.677804Z","/data/local-files/?d=downloads/pitch-pix-69cb01d18c8e8ac5c5b2b901-2174-2188.mp4"
1724,"1","Knee-down Right","2026-04-21T20:51:03.636515Z",1722,2.709,"2026-04-21T20:51:03.636532Z","/data/local-files/?d=downloads/pitch-pix-69cb01d18c8e8ac5c5b2b901-2203-2216.mp4"
1725,"1","Knee-down Right","2026-04-21T20:51:07.178324Z",1723,3.282,"2026-04-21T20:51:07.178344Z","/data/local-files/?d=downloads/pitch-pix-69cb01d18c8e8ac5c5b2b901-2711-2720.mp4"
1726,"1","Knee-down Right","2026-04-21T20:51:11.156850Z",1724,3.718,"2026-04-21T20:51:11.156869Z","/data/local-files/?d=downloads/pitch-pix-69cb01d18c8e8ac5c5b2b901-2727-2734.mp4"
1727,"1","Knee-down Right","2026-04-21T20:51:13.583753Z",1725,2.178,"2026-04-21T20:51:13.583769Z","/data/local-files/?d=downloads/pitch-pix-69cb01d18c8e8ac5c5b2b901-2742-2752.mp4"
1728,"1","Knee-down Right","2026-04-21T20:51:16.261396Z",1726,2.442,"2026-04-21T20:51:16.261411Z","/data/local-files/?d=downloads/pitch-pix-69cb01d18c8e8ac5c5b2b901-2761-2775.mp4"
1729,"1","Knee-down Right","2026-04-21T20:51:17.836059Z",1727,1.341,"2026-04-21T20:51:17.836074Z","/data/local-files/?d=downloads/pitch-pix-69cb01d18c8e8ac5c5b2b901-2798-2806.mp4"
1730,"1","Knee-down Right","2026-04-21T20:51:20.360684Z",1728,2.292,"2026-04-21T20:51:20.360701Z","/data/local-files/?d=downloads/pitch-pix-69cb01d18c8e8ac5c5b2b901-280-290.mp4"
1731,"1","Knee-down Right","2026-04-21T20:51:23.015153Z",1729,2.387,"2026-04-21T20:51:23.015169Z","/data/local-files/?d=downloads/pitch-pix-69cb01d18c8e8ac5c5b2b901-2813-2822.mp4"
1732,"1","Knee-down Right","2026-04-21T20:51:24.917560Z",1730,1.645,"2026-04-21T20:51:24.917577Z","/data/local-files/?d=downloads/pitch-pix-69cb01d18c8e8ac5c5b2b901-2850-2860.mp4"
1733,"1","Knee-down Right","2026-04-21T20:51:26.527573Z",1731,1.354,"2026-04-21T20:51:26.527597Z","/data/local-files/?d=downloads/pitch-pix-69cb01d18c8e8ac5c5b2b901-2867-2878.mp4"
1734,"1","Knee-down Right","2026-04-21T20:51:27.962687Z",1732,1.194,"2026-04-21T20:51:27.962706Z","/data/local-files/?d=downloads/pitch-pix-69cb01d18c8e8ac5c5b2b901-2886-2900.mp4"
1735,"1","Knee-down Right","2026-04-21T20:51:29.340138Z",1733,1.122,"2026-04-21T20:51:29.340156Z","/data/local-files/?d=downloads/pitch-pix-69cb01d18c8e8ac5c5b2b901-2928-2937.mp4"
1736,"1","Knee-down Right","2026-04-21T20:51:31.272236Z",1734,1.691,"2026-04-21T20:51:31.272254Z","/data/local-files/?d=downloads/pitch-pix-69cb01d18c8e8ac5c5b2b901-2944-2955.mp4"
1737,"1","Knee-down Right","2026-04-21T20:51:33.042821Z",1735,1.521,"2026-04-21T20:51:33.042841Z","/data/local-files/?d=downloads/pitch-pix-69cb01d18c8e8ac5c5b2b901-2967-2976.mp4"
1738,"1","Knee-down Right","2026-04-21T20:51:35.860039Z",1736,2.57,"2026-04-21T20:51:35.860053Z","/data/local-files/?d=downloads/pitch-pix-69cb01d18c8e8ac5c5b2b901-297-310.mp4"
1739,"1","Knee-down Right","2026-04-21T20:51:37.622010Z",1737,1.498,"2026-04-21T20:51:37.622031Z","/data/local-files/?d=downloads/pitch-pix-69cb01d18c8e8ac5c5b2b901-2992-3001.mp4"
1740,"1","Knee-down Right","2026-04-21T20:51:40.736757Z",1738,2.853,"2026-04-21T20:51:40.736774Z","/data/local-files/?d=downloads/pitch-pix-69cb01d18c8e8ac5c5b2b901-3021-3035.mp4"
1741,"1","Knee-down Right","2026-04-21T20:51:42.517530Z",1739,1.517,"2026-04-21T20:51:42.517551Z","/data/local-files/?d=downloads/pitch-pix-69cb01d18c8e8ac5c5b2b901-3058-3066.mp4"
1742,"1","Knee-down Right","2026-04-21T20:51:45.466121Z",1740,2.696,"2026-04-21T20:51:45.466145Z","/data/local-files/?d=downloads/pitch-pix-69cb01d18c8e8ac5c5b2b901-3073-3088.mp4"
1743,"1","Knee-down Right","2026-04-21T20:51:47.301335Z",1741,1.574,"2026-04-21T20:51:47.301348Z","/data/local-files/?d=downloads/pitch-pix-69cb01d18c8e8ac5c5b2b901-371-379.mp4"
1744,"1","Knee-down Right","2026-04-21T20:51:48.963962Z",1742,1.409,"2026-04-21T20:51:48.963980Z","/data/local-files/?d=downloads/pitch-pix-69cb01d18c8e8ac5c5b2b901-390-399.mp4"
1745,"1","Knee-down Right","2026-04-21T20:51:50.350821Z",1743,1.124,"2026-04-21T20:51:50.350843Z","/data/local-files/?d=downloads/pitch-pix-69cb01d18c8e8ac5c5b2b901-414-420.mp4"
1746,"1","Knee-down Right","2026-04-21T20:51:51.843575Z",1744,1.245,"2026-04-21T20:51:51.843590Z","/data/local-files/?d=downloads/pitch-pix-69cb01d18c8e8ac5c5b2b901-453-461.mp4"
1747,"1","Knee-down Right","2026-04-21T20:51:57.433192Z",1745,5.339,"2026-04-21T20:51:57.433211Z","/data/local-files/?d=downloads/pitch-pix-69cb01d18c8e8ac5c5b2b901-491-500.mp4"
1748,"1","Knee-down Right","2026-04-21T20:51:59.568307Z",1746,1.883,"2026-04-21T20:51:59.568325Z","/data/local-files/?d=downloads/pitch-pix-69cb01d18c8e8ac5c5b2b901-5070-5078.mp4"
1749,"1","Knee-down Right","2026-04-21T20:52:02.364687Z",1747,2.53,"2026-04-21T20:52:02.364705Z","/data/local-files/?d=downloads/pitch-pix-69cb01d18c8e8ac5c5b2b901-5084-5092.mp4"
1750,"1","Knee-down Right","2026-04-21T20:52:06.219136Z",1748,3.614,"2026-04-21T20:52:06.219153Z","/data/local-files/?d=downloads/pitch-pix-69cb01d18c8e8ac5c5b2b901-5095-5106.mp4"
1751,"1","Knee-down Right","2026-04-21T20:52:10.019155Z",1749,3.547,"2026-04-21T20:52:10.019175Z","/data/local-files/?d=downloads/pitch-pix-69cb01d18c8e8ac5c5b2b901-5109-5118.mp4"
1752,"1","Knee-down Right","2026-04-21T20:52:13.184585Z",1750,2.911,"2026-04-21T20:52:13.184601Z","/data/local-files/?d=downloads/pitch-pix-69cb01d18c8e8ac5c5b2b901-512-526.mp4"
1753,"1","Knee-down Right","2026-04-21T20:52:40.745198Z",1751,27.292,"2026-04-21T20:52:40.745217Z","/data/local-files/?d=downloads/pitch-pix-69cb01d18c8e8ac5c5b2b901-5120-5137.mp4"
1754,"1","Knee-down Right","2026-04-21T20:52:42.846808Z",1752,1.828,"2026-04-21T20:52:42.846825Z","/data/local-files/?d=downloads/pitch-pix-69cb01d18c8e8ac5c5b2b901-5164-5172.mp4"
1755,"1","Knee-down Right","2026-04-21T20:52:44.584292Z",1753,1.467,"2026-04-21T20:52:44.584310Z","/data/local-files/?d=downloads/pitch-pix-69cb01d18c8e8ac5c5b2b901-5180-5189.mp4"
1756,"1","Knee-down Right","2026-04-21T20:52:46.478964Z",1754,1.624,"2026-04-21T20:52:46.478982Z","/data/local-files/?d=downloads/pitch-pix-69cb01d18c8e8ac5c5b2b901-5196-5208.mp4"
1757,"1","Knee-down Right","2026-04-21T20:52:48.417019Z",1755,1.669,"2026-04-21T20:52:48.417040Z","/data/local-files/?d=downloads/pitch-pix-69cb01d18c8e8ac5c5b2b901-5232-5242.mp4"
1758,"1","Knee-down Right","2026-04-21T20:52:53.455792Z",1756,4.787,"2026-04-21T20:52:53.455807Z","/data/local-files/?d=downloads/pitch-pix-69cb01d18c8e8ac5c5b2b901-5243-5261.mp4"
1759,"1","Knee-down Right","2026-04-21T20:52:56.273008Z",1757,2.573,"2026-04-21T20:52:56.273026Z","/data/local-files/?d=downloads/pitch-pix-69cb01d18c8e8ac5c5b2b901-5284-5295.mp4"
1760,"1","Knee-down Right","2026-04-21T20:53:00.793496Z",1758,4.252,"2026-04-21T20:53:00.793522Z","/data/local-files/?d=downloads/pitch-pix-69cb01d18c8e8ac5c5b2b901-5302-5313.mp4"
1761,"1","Knee-down Right","2026-04-21T20:53:06.275030Z",1759,5.215,"2026-04-21T20:53:06.275045Z","/data/local-files/?d=downloads/pitch-pix-69cb01d18c8e8ac5c5b2b901-5320-5329.mp4"
1762,"1","Knee-down Right","2026-04-21T20:53:14.802863Z",1760,8.247,"2026-04-21T20:53:14.802883Z","/data/local-files/?d=downloads/pitch-pix-69cb01d18c8e8ac5c5b2b901-5333-5345.mp4"
1763,"1","Knee-down Right","2026-04-21T20:53:17.397338Z",1761,2.335,"2026-04-21T20:53:17.397354Z","/data/local-files/?d=downloads/pitch-pix-69cb01d18c8e8ac5c5b2b901-5355-5363.mp4"
1764,"1","Knee-down Right","2026-04-21T20:53:20.618513Z",1762,2.988,"2026-04-21T20:53:20.618527Z","/data/local-files/?d=downloads/pitch-pix-69cb01d18c8e8ac5c5b2b901-5373-5386.mp4"
1765,"1","Knee-down Right","2026-04-21T20:53:23.634211Z",1763,2.773,"2026-04-21T20:53:23.634227Z","/data/local-files/?d=downloads/pitch-pix-69cb01d18c8e8ac5c5b2b901-5403-5412.mp4"
1766,"1","Knee-down Right","2026-04-21T20:53:25.392721Z",1764,1.503,"2026-04-21T20:53:25.392738Z","/data/local-files/?d=downloads/pitch-pix-69cb01d18c8e8ac5c5b2b901-5419-5428.mp4"
1767,"1","Knee-down Right","2026-04-21T20:53:29.675231Z",1765,4.023,"2026-04-21T20:53:29.675249Z","/data/local-files/?d=downloads/pitch-pix-69cb01d18c8e8ac5c5b2b901-5435-5446.mp4"
1768,"1","Knee-down Right","2026-04-21T20:53:31.575427Z",1766,1.644,"2026-04-21T20:53:31.575443Z","/data/local-files/?d=downloads/pitch-pix-69cb01d18c8e8ac5c5b2b901-5459-5472.mp4"
1769,"1","Knee-down Right","2026-04-21T20:53:37.195873Z",1767,5.375,"2026-04-21T20:53:37.195890Z","/data/local-files/?d=downloads/pitch-pix-69cb01d18c8e8ac5c5b2b901-5493-5509.mp4"
1770,"1","Knee-down Right","2026-04-21T20:53:39.923674Z",1768,2.458,"2026-04-21T20:53:39.923692Z","/data/local-files/?d=downloads/pitch-pix-69cb01d18c8e8ac5c5b2b901-555-564.mp4"
1771,"1","Knee-down Right","2026-04-21T20:53:47.073301Z",1769,6.886,"2026-04-21T20:53:47.073315Z","/data/local-files/?d=downloads/pitch-pix-69cb01d18c8e8ac5c5b2b901-5581-5589.mp4"
1772,"1","Knee-down Right","2026-04-21T20:53:49.961209Z",1770,2.635,"2026-04-21T20:53:49.961226Z","/data/local-files/?d=downloads/pitch-pix-69cb01d18c8e8ac5c5b2b901-5597-5606.mp4"
1773,"1","Knee-down Right","2026-04-21T20:53:52.951181Z",1771,2.732,"2026-04-21T20:53:52.951197Z","/data/local-files/?d=downloads/pitch-pix-69cb01d18c8e8ac5c5b2b901-5612-5623.mp4"
1774,"1","Knee-down Right","2026-04-21T20:53:54.806024Z",1772,1.594,"2026-04-21T20:53:54.806038Z","/data/local-files/?d=downloads/pitch-pix-69cb01d18c8e8ac5c5b2b901-5631-5641.mp4"
1775,"1","Knee-down Right","2026-04-21T20:53:56.606482Z",1773,1.521,"2026-04-21T20:53:56.606494Z","/data/local-files/?d=downloads/pitch-pix-69cb01d18c8e8ac5c5b2b901-5649-5662.mp4"
1776,"1","Knee-down Right","2026-04-21T20:53:58.819676Z",1774,1.945,"2026-04-21T20:53:58.819696Z","/data/local-files/?d=downloads/pitch-pix-69cb01d18c8e8ac5c5b2b901-578-594.mp4"
1777,"1","Knee-down Right","2026-04-21T20:54:00.458158Z",1775,1.379,"2026-04-21T20:54:00.458175Z","/data/local-files/?d=downloads/pitch-pix-69cb01d18c8e8ac5c5b2b901-5839-5850.mp4"
1778,"1","Knee-down Right","2026-04-21T20:54:02.086504Z",1776,1.367,"2026-04-21T20:54:02.086523Z","/data/local-files/?d=downloads/pitch-pix-69cb01d18c8e8ac5c5b2b901-5864-5876.mp4"
1779,"1","Knee-down Right","2026-04-21T20:54:04.710632Z",1777,2.354,"2026-04-21T20:54:04.710649Z","/data/local-files/?d=downloads/pitch-pix-69cb01d18c8e8ac5c5b2b901-5889-5899.mp4"
1780,"1","Knee-down Right","2026-04-21T20:54:06.482574Z",1778,1.508,"2026-04-21T20:54:06.482590Z","/data/local-files/?d=downloads/pitch-pix-69cb01d18c8e8ac5c5b2b901-5906-5924.mp4"
1781,"1","Knee-down Right","2026-04-21T20:54:08.227253Z",1779,1.478,"2026-04-21T20:54:08.227288Z","/data/local-files/?d=downloads/pitch-pix-69cb01d18c8e8ac5c5b2b901-605-620.mp4"
1782,"1","Knee-down Right","2026-04-21T20:54:09.838035Z",1780,1.339,"2026-04-21T20:54:09.838053Z","/data/local-files/?d=downloads/pitch-pix-69cb01d18c8e8ac5c5b2b901-632-642.mp4"
1783,"1","Knee-down Right","2026-04-21T20:54:11.691329Z",1781,1.582,"2026-04-21T20:54:11.691343Z","/data/local-files/?d=downloads/pitch-pix-69cb01d18c8e8ac5c5b2b901-6453-6463.mp4"
1784,"1","Knee-down Right","2026-04-21T20:54:15.261853Z",1782,3.299,"2026-04-21T20:54:15.261871Z","/data/local-files/?d=downloads/pitch-pix-69cb01d18c8e8ac5c5b2b901-6465-6487.mp4"
1785,"1","Knee-down Right","2026-04-21T20:54:18.436749Z",1783,2.91,"2026-04-21T20:54:18.436765Z","/data/local-files/?d=downloads/pitch-pix-69cb01d18c8e8ac5c5b2b901-6498-6507.mp4"
1786,"1","Knee-down Right","2026-04-21T20:54:24.259269Z",1784,5.555,"2026-04-21T20:54:24.259285Z","/data/local-files/?d=downloads/pitch-pix-69cb01d18c8e8ac5c5b2b901-6514-6530.mp4"
1787,"1","Knee-down Right","2026-04-21T20:54:27.324049Z",1785,2.802,"2026-04-21T20:54:27.324065Z","/data/local-files/?d=downloads/pitch-pix-69cb01d18c8e8ac5c5b2b901-6543-6555.mp4"
1788,"1","Knee-down Right","2026-04-21T20:54:30.507140Z",1786,2.921,"2026-04-21T20:54:30.507156Z","/data/local-files/?d=downloads/pitch-pix-69cb01d18c8e8ac5c5b2b901-6556-6564.mp4"
1789,"1","Knee-down Right","2026-04-21T20:54:33.352429Z",1787,2.562,"2026-04-21T20:54:33.352444Z","/data/local-files/?d=downloads/pitch-pix-69cb01d18c8e8ac5c5b2b901-6572-6582.mp4"
1790,"1","Knee-down Right","2026-04-21T20:54:35.099058Z",1788,1.494,"2026-04-21T20:54:35.099077Z","/data/local-files/?d=downloads/pitch-pix-69cb01d18c8e8ac5c5b2b901-664-675.mp4"
1791,"1","Knee-down Right","2026-04-21T20:54:36.722674Z",1789,1.274,"2026-04-21T20:54:36.722690Z","/data/local-files/?d=downloads/pitch-pix-69cb01d18c8e8ac5c5b2b901-706-717.mp4"
1792,"1","Knee-down Right","2026-04-21T20:54:38.220167Z",1790,1.224,"2026-04-21T20:54:38.220183Z","/data/local-files/?d=downloads/pitch-pix-69cb01d18c8e8ac5c5b2b901-726-739.mp4"
1793,"1","Knee-down Right","2026-04-21T20:54:39.643463Z",1791,1.164,"2026-04-21T20:54:39.643476Z","/data/local-files/?d=downloads/pitch-pix-69cb01d18c8e8ac5c5b2b901-758-766.mp4"
1794,"1","Knee-down Right","2026-04-21T20:54:42.587173Z",1792,2.662,"2026-04-21T20:54:42.587188Z","/data/local-files/?d=downloads/pitch-pix-69cb01d18c8e8ac5c5b2b901-775-787.mp4"
1795,"1","Knee-down Right","2026-04-21T20:54:44.505296Z",1793,1.648,"2026-04-21T20:54:44.505314Z","/data/local-files/?d=downloads/pitch-pix-69cb01d18c8e8ac5c5b2b901-7779-7787.mp4"
1796,"1","Knee-down Right","2026-04-21T20:54:47.650904Z",1794,2.881,"2026-04-21T20:54:47.650921Z","/data/local-files/?d=downloads/pitch-pix-69cb01d18c8e8ac5c5b2b901-7795-7803.mp4"
1797,"1","Knee-down Right","2026-04-21T20:54:51.448078Z",1795,3.517,"2026-04-21T20:54:51.448097Z","/data/local-files/?d=downloads/pitch-pix-69cb01d18c8e8ac5c5b2b901-7809-7818.mp4"
1798,"1","Knee-down Right","2026-04-21T20:54:53.967632Z",1796,2.248,"2026-04-21T20:54:53.967646Z","/data/local-files/?d=downloads/pitch-pix-69cb01d18c8e8ac5c5b2b901-7825-7840.mp4"
1799,"1","Knee-down Right","2026-04-21T20:54:55.793948Z",1797,1.579,"2026-04-21T20:54:55.793989Z","/data/local-files/?d=downloads/pitch-pix-69cb01d18c8e8ac5c5b2b901-7845-7861.mp4"
1800,"1","Knee-down Right","2026-04-21T20:54:57.501006Z",1798,1.451,"2026-04-21T20:54:57.501024Z","/data/local-files/?d=downloads/pitch-pix-69cb01d18c8e8ac5c5b2b901-7877-7894.mp4"
1801,"1","Knee-down Right","2026-04-21T20:54:59.153422Z",1799,1.381,"2026-04-21T20:54:59.153440Z","/data/local-files/?d=downloads/pitch-pix-69cb01d18c8e8ac5c5b2b901-7924-7931.mp4"
1802,"1","Knee-down Right","2026-04-21T20:55:02.124921Z",1800,2.703,"2026-04-21T20:55:02.124940Z","/data/local-files/?d=downloads/pitch-pix-69cb01d18c8e8ac5c5b2b901-7934-7948.mp4"
1803,"1","Knee-down Right","2026-04-21T20:55:05.293235Z",1801,2.896,"2026-04-21T20:55:05.293250Z","/data/local-files/?d=downloads/pitch-pix-69cb01d18c8e8ac5c5b2b901-7956-7967.mp4"
1804,"1","Knee-down Right","2026-04-21T20:55:08.086311Z",1802,2.527,"2026-04-21T20:55:08.086329Z","/data/local-files/?d=downloads/pitch-pix-69cb01d18c8e8ac5c5b2b901-7975-7990.mp4"
1805,"1","Knee-down Right","2026-04-21T20:55:10.189552Z",1803,1.836,"2026-04-21T20:55:10.189568Z","/data/local-files/?d=downloads/pitch-pix-69cb01d18c8e8ac5c5b2b901-8000-8016.mp4"
1806,"1","Knee-down Right","2026-04-21T20:55:13.649194Z",1804,3.193,"2026-04-21T20:55:13.649213Z","/data/local-files/?d=downloads/pitch-pix-69cb01d18c8e8ac5c5b2b901-806-813.mp4"
1807,"1","Knee-down Right","2026-04-21T20:55:15.294885Z",1805,1.346,"2026-04-21T20:55:15.294902Z","/data/local-files/?d=downloads/pitch-pix-69cb01d18c8e8ac5c5b2b901-8220-8232.mp4"
1808,"1","Knee-down Right","2026-04-21T20:55:17.039322Z",1806,1.478,"2026-04-21T20:55:17.039341Z","/data/local-files/?d=downloads/pitch-pix-69cb01d18c8e8ac5c5b2b901-825-842.mp4"
1809,"1","Knee-down Right","2026-04-21T20:55:18.955922Z",1807,1.632,"2026-04-21T20:55:18.955939Z","/data/local-files/?d=downloads/pitch-pix-69cb01d18c8e8ac5c5b2b901-8251-8261.mp4"
1810,"1","Knee-down Right","2026-04-21T20:55:21.025235Z",1808,1.789,"2026-04-21T20:55:21.025255Z","/data/local-files/?d=downloads/pitch-pix-69cb01d18c8e8ac5c5b2b901-8268-8283.mp4"
1811,"1","Knee-down Right","2026-04-21T20:55:22.832154Z",1809,1.517,"2026-04-21T20:55:22.832173Z","/data/local-files/?d=downloads/pitch-pix-69cb01d18c8e8ac5c5b2b901-8297-8305.mp4"
1812,"1","Knee-down Right","2026-04-21T20:55:25.387076Z",1810,2.278,"2026-04-21T20:55:25.387095Z","/data/local-files/?d=downloads/pitch-pix-69cb01d18c8e8ac5c5b2b901-8312-8323.mp4"
1813,"1","Knee-down Right","2026-04-21T20:55:27.287470Z",1811,1.598,"2026-04-21T20:55:27.287484Z","/data/local-files/?d=downloads/pitch-pix-69cb01d18c8e8ac5c5b2b901-8347-8359.mp4"
1814,"1","Knee-down Right","2026-04-21T20:55:28.939504Z",1812,1.377,"2026-04-21T20:55:28.939520Z","/data/local-files/?d=downloads/pitch-pix-69cb01d18c8e8ac5c5b2b901-8366-8377.mp4"
1815,"1","Knee-down Right","2026-04-21T20:55:30.687547Z",1813,1.457,"2026-04-21T20:55:30.687565Z","/data/local-files/?d=downloads/pitch-pix-69cb01d18c8e8ac5c5b2b901-8385-8399.mp4"
1816,"1","Knee-down Right","2026-04-21T20:55:32.391312Z",1814,1.422,"2026-04-21T20:55:32.391330Z","/data/local-files/?d=downloads/pitch-pix-69cb01d18c8e8ac5c5b2b901-8407-8427.mp4"
1817,"1","Knee-down Right","2026-04-21T20:55:35.574341Z",1815,2.902,"2026-04-21T20:55:35.574356Z","/data/local-files/?d=downloads/pitch-pix-69cb01d18c8e8ac5c5b2b901-8453-8463.mp4"
1818,"1","Knee-down Right","2026-04-21T20:55:38.608937Z",1816,2.746,"2026-04-21T20:55:38.608954Z","/data/local-files/?d=downloads/pitch-pix-69cb01d18c8e8ac5c5b2b901-8477-8485.mp4"
1819,"1","Knee-down Right","2026-04-21T20:55:42.994669Z",1817,4.093,"2026-04-21T20:55:42.994686Z","/data/local-files/?d=downloads/pitch-pix-69cb01d18c8e8ac5c5b2b901-8490-8501.mp4"
1820,"1","Knee-down Right","2026-04-21T20:55:44.751284Z",1818,1.463,"2026-04-21T20:55:44.751300Z","/data/local-files/?d=downloads/pitch-pix-69cb01d18c8e8ac5c5b2b901-8529-8539.mp4"
1821,"1","Knee-down Right","2026-04-21T20:55:46.712820Z",1819,1.681,"2026-04-21T20:55:46.712837Z","/data/local-files/?d=downloads/pitch-pix-69cb01d18c8e8ac5c5b2b901-8550-8562.mp4"
1822,"1","Knee-down Right","2026-04-21T20:55:49.299425Z",1820,2.291,"2026-04-21T20:55:49.299438Z","/data/local-files/?d=downloads/pitch-pix-69cb01d18c8e8ac5c5b2b901-9860-9869.mp4"
1823,"1","Knee-down Right","2026-04-21T20:55:53.379013Z",1821,3.783,"2026-04-21T20:55:53.379032Z","/data/local-files/?d=downloads/pitch-pix-69cb01d18c8e8ac5c5b2b901-9876-9889.mp4"
1824,"1","Knee-down Right","2026-04-21T20:55:57.655531Z",1822,4.005,"2026-04-21T20:55:57.655549Z","/data/local-files/?d=downloads/pitch-pix-69cb01d18c8e8ac5c5b2b901-9897-9905.mp4"
1825,"1","Knee-down Right","2026-04-21T20:55:59.467410Z",1823,1.527,"2026-04-21T20:55:59.467429Z","/data/local-files/?d=downloads/pitch-pix-69cb01d18c8e8ac5c5b2b901-9913-9921.mp4"
1826,"1","Knee-down Right","2026-04-21T20:56:03.651258Z",1824,3.879,"2026-04-21T20:56:03.651276Z","/data/local-files/?d=downloads/pitch-pix-69cb01d18c8e8ac5c5b2b901-9961-9970.mp4"
1827,"1","Knee-down Right","2026-04-21T20:56:06.097147Z",1825,2.153,"2026-04-21T20:56:06.097170Z","/data/local-files/?d=downloads/pitch-pix-69cb01d18c8e8ac5c5b2b901-9977-9986.mp4"
1828,"1","Knee-down Left","2026-04-21T20:56:08.493755Z",1826,2.081,"2026-04-21T20:56:08.493772Z","/data/local-files/?d=downloads/pitch-pix-69cd8a56ac33e5f6ffef0f93-10001-10006.mp4"
1829,"1","Knee-down Left","2026-04-21T20:56:10.445147Z",1827,1.666,"2026-04-21T20:56:10.445163Z","/data/local-files/?d=downloads/pitch-pix-69cd8a56ac33e5f6ffef0f93-10015-10022.mp4"
1830,"1","Knee-down Right","2026-04-21T20:56:12.004113Z",1828,1.265,"2026-04-21T20:56:12.004134Z","/data/local-files/?d=downloads/pitch-pix-69cd8a56ac33e5f6ffef0f93-10044-10051.mp4"
1831,"1","Knee-down Right","2026-04-21T20:56:13.811886Z",1829,1.508,"2026-04-21T20:56:13.811900Z","/data/local-files/?d=downloads/pitch-pix-69cd8a56ac33e5f6ffef0f93-10061-10067.mp4"
1832,"1","Knee-down Right","2026-04-21T20:56:16.738219Z",1830,2.621,"2026-04-21T20:56:16.738238Z","/data/local-files/?d=downloads/pitch-pix-69cd8a56ac33e5f6ffef0f93-10086-10096.mp4"
1833,"1","Knee-down Right","2026-04-21T20:56:18.273991Z",1831,1.247,"2026-04-21T20:56:18.274010Z","/data/local-files/?d=downloads/pitch-pix-69cd8a56ac33e5f6ffef0f93-10106-10112.mp4"
1834,"1","Knee-down Right","2026-04-21T20:56:19.748919Z",1832,1.206,"2026-04-21T20:56:19.748935Z","/data/local-files/?d=downloads/pitch-pix-69cd8a56ac33e5f6ffef0f93-10170-10177.mp4"
1835,"1","Knee-down Right","2026-04-21T20:56:21.107641Z",1833,1.096,"2026-04-21T20:56:21.107656Z","/data/local-files/?d=downloads/pitch-pix-69cd8a56ac33e5f6ffef0f93-10191-10196.mp4"
1836,"1","Knee-down Right","2026-04-21T20:56:22.547447Z",1834,1.153,"2026-04-21T20:56:22.547463Z","/data/local-files/?d=downloads/pitch-pix-69cd8a56ac33e5f6ffef0f93-10225-10234.mp4"
1837,"1","Knee-down Right","2026-04-21T20:56:24.179954Z",1835,1.34,"2026-04-21T20:56:24.179972Z","/data/local-files/?d=downloads/pitch-pix-69cd8a56ac33e5f6ffef0f93-1024-1029.mp4"
1838,"1","Knee-down Right","2026-04-21T20:56:25.612483Z",1836,1.144,"2026-04-21T20:56:25.612499Z","/data/local-files/?d=downloads/pitch-pix-69cd8a56ac33e5f6ffef0f93-1043-1054.mp4"
1839,"1","Knee-down Right","2026-04-21T20:56:26.937288Z",1837,1.041,"2026-04-21T20:56:26.937307Z","/data/local-files/?d=downloads/pitch-pix-69cd8a56ac33e5f6ffef0f93-1066-1072.mp4"
1840,"1","Knee-down Right","2026-04-21T20:56:28.378069Z",1838,1.156,"2026-04-21T20:56:28.378083Z","/data/local-files/?d=downloads/pitch-pix-69cd8a56ac33e5f6ffef0f93-1084-1094.mp4"
1841,"1","Knee-down Left","2026-04-21T20:56:30.094694Z",1839,1.41,"2026-04-21T20:56:30.094715Z","/data/local-files/?d=downloads/pitch-pix-69cd8a56ac33e5f6ffef0f93-10971-10976.mp4"
1842,"1","Knee-down Left","2026-04-21T20:56:31.695223Z",1840,1.282,"2026-04-21T20:56:31.695239Z","/data/local-files/?d=downloads/pitch-pix-69cd8a56ac33e5f6ffef0f93-10985-10993.mp4"
1843,"1","Knee-down Right","2026-04-21T20:56:34.430434Z",1841,2.455,"2026-04-21T20:56:34.430454Z","/data/local-files/?d=downloads/pitch-pix-69cd8a56ac33e5f6ffef0f93-11038-11045.mp4"
1844,"1","Knee-down Right","2026-04-21T20:56:36.022158Z",1842,1.284,"2026-04-21T20:56:36.022171Z","/data/local-files/?d=downloads/pitch-pix-69cd8a56ac33e5f6ffef0f93-11061-11068.mp4"
1845,"1","Knee-down Right","2026-04-21T20:56:37.439945Z",1843,1.124,"2026-04-21T20:56:37.439962Z","/data/local-files/?d=downloads/pitch-pix-69cd8a56ac33e5f6ffef0f93-11149-11158.mp4"
1846,"1","Knee-down Right","2026-04-21T20:56:39.015187Z",1844,1.307,"2026-04-21T20:56:39.015204Z","/data/local-files/?d=downloads/pitch-pix-69cd8a56ac33e5f6ffef0f93-11172-11177.mp4"
1847,"1","Knee-down Right","2026-04-21T20:56:40.753095Z",1845,1.439,"2026-04-21T20:56:40.753112Z","/data/local-files/?d=downloads/pitch-pix-69cd8a56ac33e5f6ffef0f93-11212-11217.mp4"
1848,"1","Knee-down Left","2026-04-21T20:56:42.412918Z",1846,1.381,"2026-04-21T20:56:42.412938Z","/data/local-files/?d=downloads/pitch-pix-69cd8a56ac33e5f6ffef0f93-11241-11246.mp4"
1849,"1","Knee-down Left","2026-04-21T20:56:43.914038Z",1847,1.203,"2026-04-21T20:56:43.914058Z","/data/local-files/?d=downloads/pitch-pix-69cd8a56ac33e5f6ffef0f93-11262-11275.mp4"
1850,"1","Knee-down Right","2026-04-21T20:56:45.553355Z",1848,1.33,"2026-04-21T20:56:45.553372Z","/data/local-files/?d=downloads/pitch-pix-69cd8a56ac33e5f6ffef0f93-11308-11314.mp4"
1851,"1","Knee-down Right","2026-04-21T20:56:47.383387Z",1849,1.533,"2026-04-21T20:56:47.383409Z","/data/local-files/?d=downloads/pitch-pix-69cd8a56ac33e5f6ffef0f93-11327-11333.mp4"
1852,"1","Bad Video","2026-04-21T20:56:52.225196Z",1850,4.538,"2026-04-21T20:56:52.225217Z","/data/local-files/?d=downloads/pitch-pix-69cd8a56ac33e5f6ffef0f93-11364-11369.mp4"
1853,"1","Knee-down Right","2026-04-21T20:56:54.317705Z",1851,1.793,"2026-04-21T20:56:54.317721Z","/data/local-files/?d=downloads/pitch-pix-69cd8a56ac33e5f6ffef0f93-1139-1145.mp4"
1854,"1","Knee-down Right","2026-04-21T20:56:55.996907Z",1852,1.416,"2026-04-21T20:56:55.996925Z","/data/local-files/?d=downloads/pitch-pix-69cd8a56ac33e5f6ffef0f93-11423-11436.mp4"
1855,"1","Knee-down Right","2026-04-21T20:56:57.650484Z",1853,1.384,"2026-04-21T20:56:57.650503Z","/data/local-files/?d=downloads/pitch-pix-69cd8a56ac33e5f6ffef0f93-1155-1166.mp4"
1856,"1","Knee-down Right","2026-04-21T20:56:58.986244Z",1854,1.055,"2026-04-21T20:56:58.986266Z","/data/local-files/?d=downloads/pitch-pix-69cd8a56ac33e5f6ffef0f93-11625-11635.mp4"
1857,"1","Knee-down Left","2026-04-21T20:57:00.599338Z",1855,1.324,"2026-04-21T20:57:00.599357Z","/data/local-files/?d=downloads/pitch-pix-69cd8a56ac33e5f6ffef0f93-11662-11667.mp4"
1858,"1","Knee-down Left","2026-04-21T20:57:02.163459Z",1856,1.279,"2026-04-21T20:57:02.163479Z","/data/local-files/?d=downloads/pitch-pix-69cd8a56ac33e5f6ffef0f93-11679-11685.mp4"
1859,"1","Knee-down Left","2026-04-21T20:57:05.813754Z",1857,3.35,"2026-04-21T20:57:05.813773Z","/data/local-files/?d=downloads/pitch-pix-69cd8a56ac33e5f6ffef0f93-11702-11707.mp4"
1860,"1","Knee-down Left","2026-04-21T20:57:07.432740Z",1858,1.32,"2026-04-21T20:57:07.432756Z","/data/local-files/?d=downloads/pitch-pix-69cd8a56ac33e5f6ffef0f93-11732-11741.mp4"
1861,"1","Knee-down Left","2026-04-21T20:57:08.898566Z",1859,1.166,"2026-04-21T20:57:08.898584Z","/data/local-files/?d=downloads/pitch-pix-69cd8a56ac33e5f6ffef0f93-11757-11762.mp4"
1862,"1","Knee-down Left","2026-04-21T20:57:10.726752Z",1860,1.542,"2026-04-21T20:57:10.726767Z","/data/local-files/?d=downloads/pitch-pix-69cd8a56ac33e5f6ffef0f93-1212-1220.mp4"
1863,"1","Knee-down Left","2026-04-21T20:57:12.090063Z",1861,1.079,"2026-04-21T20:57:12.090079Z","/data/local-files/?d=downloads/pitch-pix-69cd8a56ac33e5f6ffef0f93-1233-1239.mp4"
1864,"1","Knee-down Left","2026-04-21T20:57:13.649148Z",1862,1.279,"2026-04-21T20:57:13.649163Z","/data/local-files/?d=downloads/pitch-pix-69cd8a56ac33e5f6ffef0f93-1261-1270.mp4"
1865,"1","Knee-down Left","2026-04-21T20:57:15.083080Z",1863,1.152,"2026-04-21T20:57:15.083099Z","/data/local-files/?d=downloads/pitch-pix-69cd8a56ac33e5f6ffef0f93-1278-1285.mp4"
1866,"1","Bad Video","2026-04-21T20:57:21.028757Z",1864,5.659,"2026-04-21T20:57:21.028771Z","/data/local-files/?d=downloads/pitch-pix-69cd8a56ac33e5f6ffef0f93-1296-1303.mp4"
1867,"1","Knee-down Left","2026-04-21T20:57:24.093305Z",1865,2.77,"2026-04-21T20:57:24.093321Z","/data/local-files/?d=downloads/pitch-pix-69cd8a56ac33e5f6ffef0f93-1312-1321.mp4"
1868,"1","Knee-down Left","2026-04-21T20:57:29.544701Z",1866,5.159,"2026-04-21T20:57:29.544714Z","/data/local-files/?d=downloads/pitch-pix-69cd8a56ac33e5f6ffef0f93-1344-1356.mp4"
1869,"1","Knee-down Left","2026-04-21T20:57:30.946156Z",1867,1.112,"2026-04-21T20:57:30.946170Z","/data/local-files/?d=downloads/pitch-pix-69cd8a56ac33e5f6ffef0f93-1372-1377.mp4"
1870,"1","Knee-down Left","2026-04-21T20:57:32.481287Z",1868,1.254,"2026-04-21T20:57:32.481309Z","/data/local-files/?d=downloads/pitch-pix-69cd8a56ac33e5f6ffef0f93-1388-1393.mp4"
1871,"1","Knee-down Left","2026-04-21T20:57:33.844802Z",1869,1.055,"2026-04-21T20:57:33.844821Z","/data/local-files/?d=downloads/pitch-pix-69cd8a56ac33e5f6ffef0f93-1404-1409.mp4"
1872,"1","Knee-down Right","2026-04-21T20:57:35.610921Z",1870,1.47,"2026-04-21T20:57:35.610934Z","/data/local-files/?d=downloads/pitch-pix-69cd8a56ac33e5f6ffef0f93-1436-1447.mp4"
1873,"1","Knee-down Left","2026-04-21T20:57:40.484214Z",1871,4.557,"2026-04-21T20:57:40.484231Z","/data/local-files/?d=downloads/pitch-pix-69cd8a56ac33e5f6ffef0f93-2146-2153.mp4"
1874,"1","Knee-down Left","2026-04-21T20:57:42.021134Z",1872,1.229,"2026-04-21T20:57:42.021152Z","/data/local-files/?d=downloads/pitch-pix-69cd8a56ac33e5f6ffef0f93-2165-2170.mp4"
1875,"1","Knee-down Left","2026-04-21T20:57:44.427688Z",1873,2.112,"2026-04-21T20:57:44.427704Z","/data/local-files/?d=downloads/pitch-pix-69cd8a56ac33e5f6ffef0f93-2178-2183.mp4"
1876,"1","Knee-down Left","2026-04-21T20:57:46.120995Z",1874,1.41,"2026-04-21T20:57:46.121013Z","/data/local-files/?d=downloads/pitch-pix-69cd8a56ac33e5f6ffef0f93-2199-2211.mp4"
1877,"1","Knee-down Right","2026-04-21T20:57:48.105075Z",1875,1.68,"2026-04-21T20:57:48.105089Z","/data/local-files/?d=downloads/pitch-pix-69cd8a56ac33e5f6ffef0f93-2240-2248.mp4"
1878,"1","Knee-down Right","2026-04-21T20:57:50.204087Z",1876,1.793,"2026-04-21T20:57:50.204107Z","/data/local-files/?d=downloads/pitch-pix-69cd8a56ac33e5f6ffef0f93-2258-2264.mp4"
1879,"1","Knee-down Right","2026-04-21T20:57:51.920920Z",1877,1.424,"2026-04-21T20:57:51.920935Z","/data/local-files/?d=downloads/pitch-pix-69cd8a56ac33e5f6ffef0f93-2277-2283.mp4"
1880,"1","Knee-down Right","2026-04-21T20:57:53.741838Z",1878,1.527,"2026-04-21T20:57:53.741854Z","/data/local-files/?d=downloads/pitch-pix-69cd8a56ac33e5f6ffef0f93-2297-2303.mp4"
1881,"1","Knee-down Right","2026-04-21T20:57:55.255512Z",1879,1.227,"2026-04-21T20:57:55.255526Z","/data/local-files/?d=downloads/pitch-pix-69cd8a56ac33e5f6ffef0f93-2326-2337.mp4"
1882,"1","Knee-down Left","2026-04-21T20:57:56.785299Z",1880,1.236,"2026-04-21T20:57:56.785329Z","/data/local-files/?d=downloads/pitch-pix-69cd8a56ac33e5f6ffef0f93-2359-2364.mp4"
1883,"1","Knee-down Left","2026-04-21T20:57:58.293698Z",1881,1.185,"2026-04-21T20:57:58.293715Z","/data/local-files/?d=downloads/pitch-pix-69cd8a56ac33e5f6ffef0f93-2373-2380.mp4"
1884,"1","Knee-down Left","2026-04-21T20:57:59.768097Z",1882,1.189,"2026-04-21T20:57:59.768109Z","/data/local-files/?d=downloads/pitch-pix-69cd8a56ac33e5f6ffef0f93-2395-2402.mp4"
1885,"1","Knee-down Left","2026-04-21T20:58:01.190489Z",1883,1.114,"2026-04-21T20:58:01.190505Z","/data/local-files/?d=downloads/pitch-pix-69cd8a56ac33e5f6ffef0f93-2414-2422.mp4"
1886,"1","Knee-down Left","2026-04-21T20:58:02.565703Z",1884,1.076,"2026-04-21T20:58:02.565726Z","/data/local-files/?d=downloads/pitch-pix-69cd8a56ac33e5f6ffef0f93-2449-2456.mp4"
1887,"1","Knee-down Left","2026-04-21T20:58:06.289619Z",1885,3.42,"2026-04-21T20:58:06.289635Z","/data/local-files/?d=downloads/pitch-pix-69cd8a56ac33e5f6ffef0f93-2469-2474.mp4"
1888,"1","Knee-down Left","2026-04-21T20:58:08.155901Z",1886,1.583,"2026-04-21T20:58:08.155916Z","/data/local-files/?d=downloads/pitch-pix-69cd8a56ac33e5f6ffef0f93-2490-2503.mp4"
1889,"1","Knee-down Left","2026-04-21T20:58:12.303635Z",1887,3.856,"2026-04-21T20:58:12.303650Z","/data/local-files/?d=downloads/pitch-pix-69cd8a56ac33e5f6ffef0f93-2539-2546.mp4"
1890,"1","Knee-down Left","2026-04-21T20:58:13.815620Z",1888,1.196,"2026-04-21T20:58:13.815641Z","/data/local-files/?d=downloads/pitch-pix-69cd8a56ac33e5f6ffef0f93-2553-2560.mp4"
1891,"1","Knee-down Left","2026-04-21T20:58:15.229459Z",1889,1.077,"2026-04-21T20:58:15.229474Z","/data/local-files/?d=downloads/pitch-pix-69cd8a56ac33e5f6ffef0f93-2568-2574.mp4"
1892,"1","Knee-down Left","2026-04-21T20:58:16.654751Z",1890,1.111,"2026-04-21T20:58:16.654765Z","/data/local-files/?d=downloads/pitch-pix-69cd8a56ac33e5f6ffef0f93-2583-2592.mp4"
1893,"1","Knee-down Left","2026-04-21T20:58:18.084199Z",1891,1.086,"2026-04-21T20:58:18.084227Z","/data/local-files/?d=downloads/pitch-pix-69cd8a56ac33e5f6ffef0f93-2614-2619.mp4"
1894,"1","Knee-down Left","2026-04-21T20:58:19.387653Z",1892,1.002,"2026-04-21T20:58:19.387669Z","/data/local-files/?d=downloads/pitch-pix-69cd8a56ac33e5f6ffef0f93-2631-2638.mp4"
1895,"1","Knee-down Left","2026-04-21T20:58:20.718283Z",1893,1.022,"2026-04-21T20:58:20.718297Z","/data/local-files/?d=downloads/pitch-pix-69cd8a56ac33e5f6ffef0f93-2648-2653.mp4"
1896,"1","Knee-down Left","2026-04-21T20:58:22.007422Z",1894,0.978,"2026-04-21T20:58:22.007442Z","/data/local-files/?d=downloads/pitch-pix-69cd8a56ac33e5f6ffef0f93-2668-2680.mp4"
1897,"1","Knee-down Right","2026-04-21T20:58:24.998164Z",1895,2.668,"2026-04-21T20:58:24.998182Z","/data/local-files/?d=downloads/pitch-pix-69cd8a56ac33e5f6ffef0f93-2702-2714.mp4"
1898,"1","Knee-down Right","2026-04-21T20:58:26.405645Z",1896,1.099,"2026-04-21T20:58:26.405662Z","/data/local-files/?d=downloads/pitch-pix-69cd8a56ac33e5f6ffef0f93-2730-2736.mp4"
1899,"1","Knee-down Right","2026-04-21T20:58:27.838730Z",1897,1.11,"2026-04-21T20:58:27.838750Z","/data/local-files/?d=downloads/pitch-pix-69cd8a56ac33e5f6ffef0f93-2766-2771.mp4"
1900,"1","Knee-down Right","2026-04-21T20:58:29.327423Z",1898,1.168,"2026-04-21T20:58:29.327441Z","/data/local-files/?d=downloads/pitch-pix-69cd8a56ac33e5f6ffef0f93-2781-2793.mp4"
1901,"1","Knee-down Left","2026-04-21T20:58:32.348659Z",1899,2.705,"2026-04-21T20:58:32.348678Z","/data/local-files/?d=downloads/pitch-pix-69cd8a56ac33e5f6ffef0f93-2831-2836.mp4"
1902,"1","Knee-down Left","2026-04-21T20:58:33.804693Z",1900,1.146,"2026-04-21T20:58:33.804708Z","/data/local-files/?d=downloads/pitch-pix-69cd8a56ac33e5f6ffef0f93-2848-2853.mp4"
1903,"1","Knee-down Left","2026-04-21T20:58:35.192939Z",1901,1.095,"2026-04-21T20:58:35.192956Z","/data/local-files/?d=downloads/pitch-pix-69cd8a56ac33e5f6ffef0f93-2869-2874.mp4"
1904,"1","Knee-down Left","2026-04-21T20:58:36.638438Z",1902,1.123,"2026-04-21T20:58:36.638455Z","/data/local-files/?d=downloads/pitch-pix-69cd8a56ac33e5f6ffef0f93-2890-2896.mp4"
1905,"1","Knee-down Left","2026-04-21T20:58:38.160976Z",1903,1.2,"2026-04-21T20:58:38.160993Z","/data/local-files/?d=downloads/pitch-pix-69cd8a56ac33e5f6ffef0f93-2911-2919.mp4"
1906,"1","Knee-down Left","2026-04-21T20:58:39.567558Z",1904,1.103,"2026-04-21T20:58:39.567577Z","/data/local-files/?d=downloads/pitch-pix-69cd8a56ac33e5f6ffef0f93-2939-2947.mp4"
1907,"1","Knee-down Left","2026-04-21T20:58:44.337206Z",1905,4.452,"2026-04-21T20:58:44.337223Z","/data/local-files/?d=downloads/pitch-pix-69cd8a56ac33e5f6ffef0f93-4032-4038.mp4"
1908,"1","Knee-down Left","2026-04-21T20:58:46.242885Z",1906,1.602,"2026-04-21T20:58:46.242899Z","/data/local-files/?d=downloads/pitch-pix-69cd8a56ac33e5f6ffef0f93-4045-4050.mp4"
1909,"1","Knee-down Left","2026-04-21T20:58:49.864898Z",1907,3.309,"2026-04-21T20:58:49.864913Z","/data/local-files/?d=downloads/pitch-pix-69cd8a56ac33e5f6ffef0f93-4057-4064.mp4"
1910,"1","Knee-down Left","2026-04-21T20:58:51.431132Z",1908,1.243,"2026-04-21T20:58:51.431148Z","/data/local-files/?d=downloads/pitch-pix-69cd8a56ac33e5f6ffef0f93-4073-4081.mp4"
1911,"1","Knee-down Left","2026-04-21T20:58:54.164775Z",1909,2.412,"2026-04-21T20:58:54.164794Z","/data/local-files/?d=downloads/pitch-pix-69cd8a56ac33e5f6ffef0f93-4091-4100.mp4"
1912,"1","Knee-down Left","2026-04-21T20:58:57.069861Z",1910,2.588,"2026-04-21T20:58:57.069880Z","/data/local-files/?d=downloads/pitch-pix-69cd8a56ac33e5f6ffef0f93-4120-4132.mp4"
1913,"1","Knee-down Left","2026-04-21T20:58:58.631258Z",1911,1.256,"2026-04-21T20:58:58.631276Z","/data/local-files/?d=downloads/pitch-pix-69cd8a56ac33e5f6ffef0f93-4173-4178.mp4"
1914,"1","Knee-down Left","2026-04-21T20:59:00.327943Z",1912,1.378,"2026-04-21T20:59:00.327971Z","/data/local-files/?d=downloads/pitch-pix-69cd8a56ac33e5f6ffef0f93-4188-4193.mp4"
1915,"1","Knee-down Left","2026-04-21T20:59:12.534648Z",1913,11.884,"2026-04-21T20:59:12.534661Z","/data/local-files/?d=downloads/pitch-pix-69cd8a56ac33e5f6ffef0f93-4205-4210.mp4"
1916,"1","Knee-down Left","2026-04-21T20:59:15.302865Z",1914,2.445,"2026-04-21T20:59:15.302880Z","/data/local-files/?d=downloads/pitch-pix-69cd8a56ac33e5f6ffef0f93-4221-4226.mp4"
1917,"1","Knee-down Right","2026-04-21T20:59:18.733313Z",1915,3.142,"2026-04-21T20:59:18.733328Z","/data/local-files/?d=downloads/pitch-pix-69cd8a56ac33e5f6ffef0f93-4242-4253.mp4"
1918,"1","Knee-down Right","2026-04-21T20:59:20.574280Z",1916,1.544,"2026-04-21T20:59:20.574303Z","/data/local-files/?d=downloads/pitch-pix-69cd8a56ac33e5f6ffef0f93-4265-4271.mp4"
1919,"1","Knee-down Right","2026-04-21T20:59:22.012045Z",1917,1.121,"2026-04-21T20:59:22.012065Z","/data/local-files/?d=downloads/pitch-pix-69cd8a56ac33e5f6ffef0f93-4310-4315.mp4"
1920,"1","Knee-down Right","2026-04-21T20:59:23.358510Z",1918,1.029,"2026-04-21T20:59:23.358525Z","/data/local-files/?d=downloads/pitch-pix-69cd8a56ac33e5f6ffef0f93-4404-4410.mp4"
1921,"1","Knee-down Right","2026-04-21T20:59:26.454598Z",1919,2.79,"2026-04-21T20:59:26.454617Z","/data/local-files/?d=downloads/pitch-pix-69cd8a56ac33e5f6ffef0f93-4428-4438.mp4"
1922,"1","Knee-down Right","2026-04-21T20:59:28.230533Z",1920,1.457,"2026-04-21T20:59:28.230553Z","/data/local-files/?d=downloads/pitch-pix-69cd8a56ac33e5f6ffef0f93-4479-4490.mp4"
1923,"1","Knee-down Left","2026-04-21T20:59:29.865915Z",1921,1.315,"2026-04-21T20:59:29.865930Z","/data/local-files/?d=downloads/pitch-pix-69cd8a56ac33e5f6ffef0f93-5763-5769.mp4"
1924,"1","Knee-down Left","2026-04-21T20:59:32.422308Z",1922,2.24,"2026-04-21T20:59:32.422326Z","/data/local-files/?d=downloads/pitch-pix-69cd8a56ac33e5f6ffef0f93-5780-5788.mp4"
1925,"1","Knee-down Left","2026-04-21T20:59:34.996058Z",1923,2.264,"2026-04-21T20:59:34.996077Z","/data/local-files/?d=downloads/pitch-pix-69cd8a56ac33e5f6ffef0f93-5806-5813.mp4"
1926,"1","Knee-down Right","2026-04-21T20:59:37.179246Z",1924,1.865,"2026-04-21T20:59:37.179260Z","/data/local-files/?d=downloads/pitch-pix-69cd8a56ac33e5f6ffef0f93-5881-5888.mp4"
1927,"1","Knee-down Right","2026-04-21T20:59:38.918627Z",1925,1.398,"2026-04-21T20:59:38.918642Z","/data/local-files/?d=downloads/pitch-pix-69cd8a56ac33e5f6ffef0f93-5901-5908.mp4"
1928,"1","Knee-down Right","2026-04-21T20:59:40.624595Z",1926,1.371,"2026-04-21T20:59:40.624609Z","/data/local-files/?d=downloads/pitch-pix-69cd8a56ac33e5f6ffef0f93-5922-5929.mp4"
1929,"1","Knee-down Right","2026-04-21T20:59:42.099212Z",1927,1.176,"2026-04-21T20:59:42.099235Z","/data/local-files/?d=downloads/pitch-pix-69cd8a56ac33e5f6ffef0f93-5945-5958.mp4"
1930,"1","Knee-down Left","2026-04-21T20:59:43.675236Z",1928,1.256,"2026-04-21T20:59:43.675255Z","/data/local-files/?d=downloads/pitch-pix-69cd8a56ac33e5f6ffef0f93-5991-5999.mp4"
1931,"1","Knee-down Left","2026-04-21T20:59:45.452357Z",1929,1.448,"2026-04-21T20:59:45.452376Z","/data/local-files/?d=downloads/pitch-pix-69cd8a56ac33e5f6ffef0f93-6014-6019.mp4"
1932,"1","Knee-down Left","2026-04-21T20:59:47.207016Z",1930,1.432,"2026-04-21T20:59:47.207032Z","/data/local-files/?d=downloads/pitch-pix-69cd8a56ac33e5f6ffef0f93-6033-6041.mp4"
1933,"1","Knee-down Left","2026-04-21T20:59:48.670207Z",1931,1.159,"2026-04-21T20:59:48.670223Z","/data/local-files/?d=downloads/pitch-pix-69cd8a56ac33e5f6ffef0f93-6071-6081.mp4"
1934,"1","Knee-down Left","2026-04-21T20:59:50.211617Z",1932,1.176,"2026-04-21T20:59:50.211637Z","/data/local-files/?d=downloads/pitch-pix-69cd8a56ac33e5f6ffef0f93-6093-6104.mp4"
1935,"1","Knee-down Left","2026-04-21T20:59:51.803986Z",1933,1.271,"2026-04-21T20:59:51.804006Z","/data/local-files/?d=downloads/pitch-pix-69cd8a56ac33e5f6ffef0f93-6140-6147.mp4"
1936,"1","Knee-down Left","2026-04-21T20:59:53.645434Z",1934,1.523,"2026-04-21T20:59:53.645450Z","/data/local-files/?d=downloads/pitch-pix-69cd8a56ac33e5f6ffef0f93-6976-6981.mp4"
1937,"1","Knee-down Left","2026-04-21T20:59:55.185005Z",1935,1.199,"2026-04-21T20:59:55.185028Z","/data/local-files/?d=downloads/pitch-pix-69cd8a56ac33e5f6ffef0f93-6990-6996.mp4"
1938,"1","Knee-down Left","2026-04-21T20:59:56.645316Z",1936,1.106,"2026-04-21T20:59:56.645336Z","/data/local-files/?d=downloads/pitch-pix-69cd8a56ac33e5f6ffef0f93-7008-7018.mp4"
1939,"1","Knee-down Left","2026-04-21T20:59:58.054858Z",1937,1.1,"2026-04-21T20:59:58.054874Z","/data/local-files/?d=downloads/pitch-pix-69cd8a56ac33e5f6ffef0f93-7059-7064.mp4"
1940,"1","Knee-down Left","2026-04-21T20:59:59.460493Z",1938,1.091,"2026-04-21T20:59:59.460510Z","/data/local-files/?d=downloads/pitch-pix-69cd8a56ac33e5f6ffef0f93-7076-7081.mp4"
1941,"1","Knee-down Left","2026-04-21T21:00:01.811760Z",1939,2.028,"2026-04-21T21:00:01.811775Z","/data/local-files/?d=downloads/pitch-pix-69cd8a56ac33e5f6ffef0f93-7093-7102.mp4"
1942,"1","Knee-down Left","2026-04-21T21:00:03.233002Z",1940,1.097,"2026-04-21T21:00:03.233018Z","/data/local-files/?d=downloads/pitch-pix-69cd8a56ac33e5f6ffef0f93-7128-7135.mp4"
1943,"1","Knee-down Left","2026-04-21T21:00:04.670955Z",1941,1.102,"2026-04-21T21:00:04.670974Z","/data/local-files/?d=downloads/pitch-pix-69cd8a56ac33e5f6ffef0f93-7149-7154.mp4"
1944,"1","Knee-down Left","2026-04-21T21:00:06.421403Z",1942,1.412,"2026-04-21T21:00:06.421421Z","/data/local-files/?d=downloads/pitch-pix-69cd8a56ac33e5f6ffef0f93-7163-7168.mp4"
1945,"1","Knee-down Left","2026-04-21T21:00:07.852630Z",1943,1.099,"2026-04-21T21:00:07.852645Z","/data/local-files/?d=downloads/pitch-pix-69cd8a56ac33e5f6ffef0f93-7186-7191.mp4"
1946,"1","Knee-down Left","2026-04-21T21:00:09.697569Z",1944,1.514,"2026-04-21T21:00:09.697584Z","/data/local-files/?d=downloads/pitch-pix-69cd8a56ac33e5f6ffef0f93-7206-7211.mp4"
1947,"1","Knee-down Right","2026-04-21T21:00:11.532529Z",1945,1.504,"2026-04-21T21:00:11.532543Z","/data/local-files/?d=downloads/pitch-pix-69cd8a56ac33e5f6ffef0f93-7245-7250.mp4"
1948,"1","Knee-down Right","2026-04-21T21:00:13.533299Z",1946,1.66,"2026-04-21T21:00:13.533316Z","/data/local-files/?d=downloads/pitch-pix-69cd8a56ac33e5f6ffef0f93-7287-7292.mp4"
1949,"1","Knee-down Right","2026-04-21T21:00:15.119989Z",1947,1.252,"2026-04-21T21:00:15.120008Z","/data/local-files/?d=downloads/pitch-pix-69cd8a56ac33e5f6ffef0f93-7398-7407.mp4"
1950,"1","Knee-down Right","2026-04-21T21:00:21.029002Z",1948,5.572,"2026-04-21T21:00:21.029016Z","/data/local-files/?d=downloads/pitch-pix-69cd8a56ac33e5f6ffef0f93-7433-7441.mp4"
1951,"1","Knee-down Right","2026-04-21T21:00:22.794972Z",1949,1.457,"2026-04-21T21:00:22.794990Z","/data/local-files/?d=downloads/pitch-pix-69cd8a56ac33e5f6ffef0f93-7454-7460.mp4"
1952,"1","Knee-down Left","2026-04-21T21:00:24.496883Z",1950,1.385,"2026-04-21T21:00:24.496899Z","/data/local-files/?d=downloads/pitch-pix-69cd8a56ac33e5f6ffef0f93-780-786.mp4"
1953,"1","Knee-down Left","2026-04-21T21:00:25.911484Z",1951,1.104,"2026-04-21T21:00:25.911504Z","/data/local-files/?d=downloads/pitch-pix-69cd8a56ac33e5f6ffef0f93-795-800.mp4"
1954,"1","Knee-down Left","2026-04-21T21:00:27.311565Z",1952,1.072,"2026-04-21T21:00:27.311586Z","/data/local-files/?d=downloads/pitch-pix-69cd8a56ac33e5f6ffef0f93-808-814.mp4"
1955,"1","Knee-down Left","2026-04-21T21:00:28.754162Z",1953,1.11,"2026-04-21T21:00:28.754177Z","/data/local-files/?d=downloads/pitch-pix-69cd8a56ac33e5f6ffef0f93-821-833.mp4"
1956,"1","Knee-down Right","2026-04-21T21:00:30.364609Z",1954,1.288,"2026-04-21T21:00:30.364628Z","/data/local-files/?d=downloads/pitch-pix-69cd8a56ac33e5f6ffef0f93-859-864.mp4"
1957,"1","Knee-down Left","2026-04-21T21:00:32.097507Z",1955,1.402,"2026-04-21T21:00:32.097527Z","/data/local-files/?d=downloads/pitch-pix-69cd8a56ac33e5f6ffef0f93-8635-8640.mp4"
1958,"1","Knee-down Left","2026-04-21T21:00:33.523583Z",1956,1.095,"2026-04-21T21:00:33.523599Z","/data/local-files/?d=downloads/pitch-pix-69cd8a56ac33e5f6ffef0f93-8648-8653.mp4"
1959,"1","Knee-down Left","2026-04-21T21:00:34.977021Z",1957,1.127,"2026-04-21T21:00:34.977036Z","/data/local-files/?d=downloads/pitch-pix-69cd8a56ac33e5f6ffef0f93-8664-8669.mp4"
1960,"1","Knee-down Left","2026-04-21T21:00:36.540559Z",1958,1.229,"2026-04-21T21:00:36.540576Z","/data/local-files/?d=downloads/pitch-pix-69cd8a56ac33e5f6ffef0f93-8678-8683.mp4"
1961,"1","Knee-down Left","2026-04-21T21:00:38.352979Z",1959,1.474,"2026-04-21T21:00:38.352995Z","/data/local-files/?d=downloads/pitch-pix-69cd8a56ac33e5f6ffef0f93-8697-8702.mp4"
1962,"1","Knee-down Right","2026-04-21T21:00:40.340820Z",1960,1.55,"2026-04-21T21:00:40.340836Z","/data/local-files/?d=downloads/pitch-pix-69cd8a56ac33e5f6ffef0f93-872-879.mp4"
1963,"1","Knee-down Right","2026-04-21T21:00:41.917336Z",1961,1.212,"2026-04-21T21:00:41.917351Z","/data/local-files/?d=downloads/pitch-pix-69cd8a56ac33e5f6ffef0f93-8728-8735.mp4"
1964,"1","Knee-down Right","2026-04-21T21:00:43.568934Z",1962,1.312,"2026-04-21T21:00:43.568950Z","/data/local-files/?d=downloads/pitch-pix-69cd8a56ac33e5f6ffef0f93-8755-8760.mp4"
1965,"1","Knee-down Right","2026-04-21T21:00:46.912328Z",1963,2.996,"2026-04-21T21:00:46.912346Z","/data/local-files/?d=downloads/pitch-pix-69cd8a56ac33e5f6ffef0f93-8774-8783.mp4"
1966,"1","Knee-down Right","2026-04-21T21:00:50.127826Z",1964,2.872,"2026-04-21T21:00:50.127840Z","/data/local-files/?d=downloads/pitch-pix-69cd8a56ac33e5f6ffef0f93-8810-8821.mp4"
1967,"1","Knee-down Right","2026-04-21T21:00:52.227876Z",1965,1.753,"2026-04-21T21:00:52.227899Z","/data/local-files/?d=downloads/pitch-pix-69cd8a56ac33e5f6ffef0f93-8834-8840.mp4"
1968,"1","Knee-down Right","2026-04-21T21:00:54.199230Z",1966,1.638,"2026-04-21T21:00:54.199244Z","/data/local-files/?d=downloads/pitch-pix-69cd8a56ac33e5f6ffef0f93-8850-8855.mp4"
1969,"1","Knee-down Right","2026-04-21T21:00:56.406855Z",1967,1.858,"2026-04-21T21:00:56.406872Z","/data/local-files/?d=downloads/pitch-pix-69cd8a56ac33e5f6ffef0f93-8892-8902.mp4"
1970,"1","Knee-down Right","2026-04-21T21:00:58.443048Z",1968,1.713,"2026-04-21T21:00:58.443066Z","/data/local-files/?d=downloads/pitch-pix-69cd8a56ac33e5f6ffef0f93-890-897.mp4"
1971,"1","Bad Video","2026-04-21T21:01:08.848843Z",1969,10.071,"2026-04-21T21:01:08.848857Z","/data/local-files/?d=downloads/pitch-pix-69cd8a56ac33e5f6ffef0f93-8917-8922.mp4"
1972,"1","Knee-down Right","2026-04-21T21:01:13.685163Z",1970,4.504,"2026-04-21T21:01:13.685182Z","/data/local-files/?d=downloads/pitch-pix-69cd8a56ac33e5f6ffef0f93-8947-8955.mp4"
1973,"1","Knee-down Right","2026-04-21T21:01:16.126800Z",1971,2.098,"2026-04-21T21:01:16.126817Z","/data/local-files/?d=downloads/pitch-pix-69cd8a56ac33e5f6ffef0f93-8969-8978.mp4"
1974,"1","Knee-down Right","2026-04-21T21:01:17.688544Z",1972,1.232,"2026-04-21T21:01:17.688561Z","/data/local-files/?d=downloads/pitch-pix-69cd8a56ac33e5f6ffef0f93-908-917.mp4"
1975,"1","Knee-down Right","2026-04-21T21:01:19.155554Z",1973,1.114,"2026-04-21T21:01:19.155569Z","/data/local-files/?d=downloads/pitch-pix-69cd8a56ac33e5f6ffef0f93-987-998.mp4"
1976,"1","Bad Video","2026-04-21T21:01:30.928774Z",1974,11.436,"2026-04-21T21:01:30.928787Z","/data/local-files/?d=downloads/pitch-pix-69cd8a56ac33e5f6ffef0f93-9919-9924.mp4"
1977,"1","Knee-down Left","2026-04-21T21:01:48.568175Z",1975,17.307,"2026-04-21T21:01:48.568190Z","/data/local-files/?d=downloads/pitch-pix-69cd8a56ac33e5f6ffef0f93-9934-9939.mp4"
1978,"1","Bad Video","2026-04-21T21:01:57.332380Z",1976,8.402,"2026-04-21T21:01:57.332393Z","/data/local-files/?d=downloads/pitch-pix-69cd8a56ac33e5f6ffef0f93-9957-9964.mp4"
1979,"1","Knee-down Left","2026-04-21T21:01:59.023502Z",1977,1.358,"2026-04-21T21:01:59.023518Z","/data/local-files/?d=downloads/pitch-pix-69cd8a56ac33e5f6ffef0f93-9988-9993.mp4"
1980,"1","Knee-down Right","2026-04-21T21:02:02.373756Z",1978,3.012,"2026-04-21T21:02:02.373775Z","/data/local-files/?d=downloads/pitch-pix-69d3e71486570829b6820215-1357-1367.mp4"
1981,"1","Knee-down Right","2026-04-21T21:02:05.098432Z",1979,2.4,"2026-04-21T21:02:05.098456Z","/data/local-files/?d=downloads/pitch-pix-69d3e71486570829b6820215-1388-1398.mp4"
1982,"1","Bad Video","2026-04-21T21:02:08.035992Z",1980,2.59,"2026-04-21T21:02:08.036009Z","/data/local-files/?d=downloads/pitch-pix-69d6c2fee1ddc514c28e99bd-10160-10173.mp4"
1983,"1","Knee-down Right","2026-04-21T21:02:11.232172Z",1981,2.854,"2026-04-21T21:02:11.232189Z","/data/local-files/?d=downloads/pitch-pix-69d6c2fee1ddc514c28e99bd-10178-10192.mp4"
1984,"1","Knee-down Right","2026-04-21T21:02:13.742241Z",1982,2.171,"2026-04-21T21:02:13.742254Z","/data/local-files/?d=downloads/pitch-pix-69d6c2fee1ddc514c28e99bd-10196-10207.mp4"
1985,"1","Knee-down Right","2026-04-21T21:02:16.525492Z",1983,2.42,"2026-04-21T21:02:16.525508Z","/data/local-files/?d=downloads/pitch-pix-69d6c2fee1ddc514c28e99bd-10235-10246.mp4"
1986,"1","Knee-down Right","2026-04-21T21:02:20.588489Z",1984,3.732,"2026-04-21T21:02:20.588506Z","/data/local-files/?d=downloads/pitch-pix-69d6c2fee1ddc514c28e99bd-10250-10266.mp4"
1987,"1","Knee-down Right","2026-04-21T21:02:23.474825Z",1985,2.531,"2026-04-21T21:02:23.474843Z","/data/local-files/?d=downloads/pitch-pix-69d6c2fee1ddc514c28e99bd-11055-11066.mp4"
1988,"1","Knee-down Right","2026-04-21T21:02:25.558303Z",1986,1.739,"2026-04-21T21:02:25.558321Z","/data/local-files/?d=downloads/pitch-pix-69d6c2fee1ddc514c28e99bd-11069-11082.mp4"
1989,"1","Knee-down Right","2026-04-21T21:02:27.707193Z",1987,1.769,"2026-04-21T21:02:27.707209Z","/data/local-files/?d=downloads/pitch-pix-69d6c2fee1ddc514c28e99bd-11086-11101.mp4"
1990,"1","Knee-down Right","2026-04-21T21:02:29.657864Z",1988,1.607,"2026-04-21T21:02:29.657880Z","/data/local-files/?d=downloads/pitch-pix-69d6c2fee1ddc514c28e99bd-1112-1126.mp4"
1991,"1","Knee-down Right","2026-04-21T21:02:31.800667Z",1989,1.786,"2026-04-21T21:02:31.800686Z","/data/local-files/?d=downloads/pitch-pix-69d6c2fee1ddc514c28e99bd-11198-11214.mp4"
1992,"1","Knee-down Right","2026-04-21T21:02:34.820147Z",1990,2.647,"2026-04-21T21:02:34.820163Z","/data/local-files/?d=downloads/pitch-pix-69d6c2fee1ddc514c28e99bd-11245-11257.mp4"
1993,"1","Knee-down Right","2026-04-21T21:02:36.759407Z",1991,1.57,"2026-04-21T21:02:36.759424Z","/data/local-files/?d=downloads/pitch-pix-69d6c2fee1ddc514c28e99bd-11266-11279.mp4"
1994,"1","Knee-down Right","2026-04-21T21:02:38.573179Z",1992,1.464,"2026-04-21T21:02:38.573199Z","/data/local-files/?d=downloads/pitch-pix-69d6c2fee1ddc514c28e99bd-11288-11301.mp4"
1995,"1","Knee-down Right","2026-04-21T21:02:40.411376Z",1993,1.465,"2026-04-21T21:02:40.411393Z","/data/local-files/?d=downloads/pitch-pix-69d6c2fee1ddc514c28e99bd-11311-11324.mp4"
1996,"1","Knee-down Right","2026-04-21T21:02:42.203713Z",1994,1.431,"2026-04-21T21:02:42.203728Z","/data/local-files/?d=downloads/pitch-pix-69d6c2fee1ddc514c28e99bd-11331-11345.mp4"
1997,"1","Knee-down Right","2026-04-21T21:02:44.064398Z",1995,1.49,"2026-04-21T21:02:44.064415Z","/data/local-files/?d=downloads/pitch-pix-69d6c2fee1ddc514c28e99bd-11371-11382.mp4"
1998,"1","Knee-down Right","2026-04-21T21:02:48.934287Z",1996,4.519,"2026-04-21T21:02:48.934307Z","/data/local-files/?d=downloads/pitch-pix-69d6c2fee1ddc514c28e99bd-11387-11398.mp4"
1999,"1","Knee-down Right","2026-04-21T21:02:50.787360Z",1997,1.499,"2026-04-21T21:02:50.787381Z","/data/local-files/?d=downloads/pitch-pix-69d6c2fee1ddc514c28e99bd-1140-1157.mp4"
2000,"1","Knee-down Right","2026-04-21T21:02:54.150438Z",1998,2.996,"2026-04-21T21:02:54.150450Z","/data/local-files/?d=downloads/pitch-pix-69d6c2fee1ddc514c28e99bd-11406-11421.mp4"
2001,"1","Knee-down Right","2026-04-21T21:02:57.952935Z",1999,3.456,"2026-04-21T21:02:57.952952Z","/data/local-files/?d=downloads/pitch-pix-69d6c2fee1ddc514c28e99bd-11660-11671.mp4"
2002,"1","Knee-down Right","2026-04-21T21:02:59.907260Z",2000,1.604,"2026-04-21T21:02:59.907277Z","/data/local-files/?d=downloads/pitch-pix-69d6c2fee1ddc514c28e99bd-11680-11694.mp4"
2003,"1","Knee-down Right","2026-04-21T21:03:01.939932Z",2001,1.682,"2026-04-21T21:03:01.939947Z","/data/local-files/?d=downloads/pitch-pix-69d6c2fee1ddc514c28e99bd-11699-11712.mp4"
2004,"1","Knee-down Right","2026-04-21T21:03:05.780477Z",2002,3.493,"2026-04-21T21:03:05.780498Z","/data/local-files/?d=downloads/pitch-pix-69d6c2fee1ddc514c28e99bd-11720-11732.mp4"
2005,"1","Knee-down Right","2026-04-21T21:03:09.405390Z",2003,3.253,"2026-04-21T21:03:09.405406Z","/data/local-files/?d=downloads/pitch-pix-69d6c2fee1ddc514c28e99bd-11744-11757.mp4"
2006,"1","Knee-down Right","2026-04-21T21:03:14.857599Z",2004,5.096,"2026-04-21T21:03:14.857614Z","/data/local-files/?d=downloads/pitch-pix-69d6c2fee1ddc514c28e99bd-11769-11785.mp4"
2007,"1","Knee-down Right","2026-04-21T21:03:16.813577Z",2005,1.59,"2026-04-21T21:03:16.813592Z","/data/local-files/?d=downloads/pitch-pix-69d6c2fee1ddc514c28e99bd-1189-1200.mp4"
2008,"1","Knee-down Right","2026-04-21T21:03:18.688530Z",2006,1.501,"2026-04-21T21:03:18.688547Z","/data/local-files/?d=downloads/pitch-pix-69d6c2fee1ddc514c28e99bd-1203-1217.mp4"
2009,"1","Knee-down Right","2026-04-21T21:03:20.649484Z",2007,1.608,"2026-04-21T21:03:20.649502Z","/data/local-files/?d=downloads/pitch-pix-69d6c2fee1ddc514c28e99bd-1219-1229.mp4"
2010,"1","Knee-down Right","2026-04-21T21:03:22.495713Z",2008,1.495,"2026-04-21T21:03:22.495727Z","/data/local-files/?d=downloads/pitch-pix-69d6c2fee1ddc514c28e99bd-1234-1245.mp4"
2011,"1","Knee-down Right","2026-04-21T21:03:24.310592Z",2009,1.458,"2026-04-21T21:03:24.310615Z","/data/local-files/?d=downloads/pitch-pix-69d6c2fee1ddc514c28e99bd-1248-1263.mp4"
2012,"1","Knee-down Right","2026-04-21T21:03:35.395448Z",2010,10.716,"2026-04-21T21:03:35.395465Z","/data/local-files/?d=downloads/pitch-pix-69d6c2fee1ddc514c28e99bd-1287-1298.mp4"
2013,"1","Knee-down Right","2026-04-21T21:03:38.948382Z",2011,3.215,"2026-04-21T21:03:38.948400Z","/data/local-files/?d=downloads/pitch-pix-69d6c2fee1ddc514c28e99bd-1300-1319.mp4"
2014,"1","Knee-down Right","2026-04-21T21:03:43.399967Z",2012,4.114,"2026-04-21T21:03:43.399984Z","/data/local-files/?d=downloads/pitch-pix-69d6c2fee1ddc514c28e99bd-1331-1347.mp4"
2015,"1","Knee-down Right","2026-04-21T21:03:45.359894Z",2013,1.615,"2026-04-21T21:03:45.359908Z","/data/local-files/?d=downloads/pitch-pix-69d6c2fee1ddc514c28e99bd-1375-1397.mp4"
2016,"1","Knee-down Right","2026-04-21T21:03:47.231426Z",2014,1.513,"2026-04-21T21:03:47.231444Z","/data/local-files/?d=downloads/pitch-pix-69d6c2fee1ddc514c28e99bd-1488-1500.mp4"
2017,"1","Knee-down Right","2026-04-21T21:03:49.615647Z",2015,2.021,"2026-04-21T21:03:49.615668Z","/data/local-files/?d=downloads/pitch-pix-69d6c2fee1ddc514c28e99bd-1510-1525.mp4"
2018,"1","Knee-down Right","2026-04-21T21:03:51.819875Z",2016,1.848,"2026-04-21T21:03:51.819888Z","/data/local-files/?d=downloads/pitch-pix-69d6c2fee1ddc514c28e99bd-1534-1552.mp4"
2019,"1","Knee-down Right","2026-04-21T21:03:54.026809Z",2017,1.849,"2026-04-21T21:03:54.026826Z","/data/local-files/?d=downloads/pitch-pix-69d6c2fee1ddc514c28e99bd-1562-1574.mp4"
2020,"1","Knee-down Right","2026-04-21T21:03:55.957680Z",2018,1.571,"2026-04-21T21:03:55.957697Z","/data/local-files/?d=downloads/pitch-pix-69d6c2fee1ddc514c28e99bd-1581-1597.mp4"
2021,"1","Knee-down Right","2026-04-21T21:03:57.734819Z",2019,1.43,"2026-04-21T21:03:57.734833Z","/data/local-files/?d=downloads/pitch-pix-69d6c2fee1ddc514c28e99bd-1615-1626.mp4"
2022,"1","Knee-down Right","2026-04-21T21:04:02.901880Z",2020,4.795,"2026-04-21T21:04:02.901898Z","/data/local-files/?d=downloads/pitch-pix-69d6c2fee1ddc514c28e99bd-1633-1646.mp4"
2023,"1","Knee-down Right","2026-04-21T21:04:07.081753Z",2021,3.815,"2026-04-21T21:04:07.081773Z","/data/local-files/?d=downloads/pitch-pix-69d6c2fee1ddc514c28e99bd-1664-1675.mp4"
2024,"1","Knee-down Right","2026-04-21T21:04:09.521114Z",2022,2.068,"2026-04-21T21:04:09.521131Z","/data/local-files/?d=downloads/pitch-pix-69d6c2fee1ddc514c28e99bd-1684-1697.mp4"
2025,"1","Knee-down Right","2026-04-21T21:04:11.528803Z",2023,1.658,"2026-04-21T21:04:11.528817Z","/data/local-files/?d=downloads/pitch-pix-69d6c2fee1ddc514c28e99bd-1703-1715.mp4"
2026,"1","Knee-down Right","2026-04-21T21:04:13.550761Z",2024,1.556,"2026-04-21T21:04:13.550773Z","/data/local-files/?d=downloads/pitch-pix-69d6c2fee1ddc514c28e99bd-1718-1731.mp4"
2027,"1","Knee-down Right","2026-04-21T21:04:16.773183Z",2025,2.869,"2026-04-21T21:04:16.773195Z","/data/local-files/?d=downloads/pitch-pix-69d6c2fee1ddc514c28e99bd-1738-1754.mp4"
2028,"1","Knee-down Right","2026-04-21T21:04:20.482293Z",2026,3.338,"2026-04-21T21:04:20.482312Z","/data/local-files/?d=downloads/pitch-pix-69d6c2fee1ddc514c28e99bd-2294-2305.mp4"
2029,"1","Knee-down Right","2026-04-21T21:04:22.331519Z",2027,1.473,"2026-04-21T21:04:22.331537Z","/data/local-files/?d=downloads/pitch-pix-69d6c2fee1ddc514c28e99bd-2306-2316.mp4"
2030,"1","Knee-down Right","2026-04-21T21:04:24.837513Z",2028,2.141,"2026-04-21T21:04:24.837530Z","/data/local-files/?d=downloads/pitch-pix-69d6c2fee1ddc514c28e99bd-2322-2338.mp4"
2031,"1","Knee-down Right","2026-04-21T21:04:26.695037Z",2029,1.508,"2026-04-21T21:04:26.695055Z","/data/local-files/?d=downloads/pitch-pix-69d6c2fee1ddc514c28e99bd-2357-2372.mp4"
2032,"1","Knee-down Right","2026-04-21T21:04:28.596418Z",2030,1.535,"2026-04-21T21:04:28.596437Z","/data/local-files/?d=downloads/pitch-pix-69d6c2fee1ddc514c28e99bd-2386-2397.mp4"
2033,"1","Knee-down Right","2026-04-21T21:04:32.416581Z",2031,3.44,"2026-04-21T21:04:32.416598Z","/data/local-files/?d=downloads/pitch-pix-69d6c2fee1ddc514c28e99bd-2406-2420.mp4"
2034,"1","Knee-down Right","2026-04-21T21:04:34.364434Z",2032,1.563,"2026-04-21T21:04:34.364449Z","/data/local-files/?d=downloads/pitch-pix-69d6c2fee1ddc514c28e99bd-2430-2441.mp4"
2035,"1","Knee-down Right","2026-04-21T21:04:38.489367Z",2033,3.764,"2026-04-21T21:04:38.489380Z","/data/local-files/?d=downloads/pitch-pix-69d6c2fee1ddc514c28e99bd-2489-2501.mp4"
2036,"1","Knee-down Right","2026-04-21T21:04:40.701362Z",2034,1.838,"2026-04-21T21:04:40.701379Z","/data/local-files/?d=downloads/pitch-pix-69d6c2fee1ddc514c28e99bd-2510-2522.mp4"
2037,"1","Knee-down Right","2026-04-21T21:04:42.778260Z",2035,1.707,"2026-04-21T21:04:42.778278Z","/data/local-files/?d=downloads/pitch-pix-69d6c2fee1ddc514c28e99bd-2533-2547.mp4"
2038,"1","Knee-down Right","2026-04-21T21:04:46.004621Z",2036,2.852,"2026-04-21T21:04:46.004639Z","/data/local-files/?d=downloads/pitch-pix-69d6c2fee1ddc514c28e99bd-2555-2568.mp4"
2039,"1","Knee-down Right","2026-04-21T21:04:47.980419Z",2037,1.606,"2026-04-21T21:04:47.980437Z","/data/local-files/?d=downloads/pitch-pix-69d6c2fee1ddc514c28e99bd-2575-2588.mp4"
2040,"1","Knee-down Right","2026-04-21T21:04:49.700781Z",2038,1.36,"2026-04-21T21:04:49.700805Z","/data/local-files/?d=downloads/pitch-pix-69d6c2fee1ddc514c28e99bd-2598-2615.mp4"
2041,"1","Knee-down Right","2026-04-21T21:04:52.579607Z",2039,2.511,"2026-04-21T21:04:52.579624Z","/data/local-files/?d=downloads/pitch-pix-69d6c2fee1ddc514c28e99bd-2640-2652.mp4"
2042,"1","Knee-down Right","2026-04-21T21:04:54.590048Z",2040,1.623,"2026-04-21T21:04:54.590062Z","/data/local-files/?d=downloads/pitch-pix-69d6c2fee1ddc514c28e99bd-2659-2670.mp4"
2043,"1","Knee-down Right","2026-04-21T21:04:57.896849Z",2041,2.935,"2026-04-21T21:04:57.896868Z","/data/local-files/?d=downloads/pitch-pix-69d6c2fee1ddc514c28e99bd-2676-2690.mp4"
2044,"1","Knee-down Right","2026-04-21T21:04:59.825423Z",2042,1.549,"2026-04-21T21:04:59.825440Z","/data/local-files/?d=downloads/pitch-pix-69d6c2fee1ddc514c28e99bd-2897-2917.mp4"
2045,"1","Knee-down Right","2026-04-21T21:05:01.769838Z",2043,1.558,"2026-04-21T21:05:01.769854Z","/data/local-files/?d=downloads/pitch-pix-69d6c2fee1ddc514c28e99bd-3332-3343.mp4"
2046,"1","Knee-down Left","2026-04-21T21:05:18.785794Z",2044,11.030999999999999,"2026-04-21T21:05:18.785810Z","/data/local-files/?d=downloads/pitch-pix-69d6c2fee1ddc514c28e99bd-3347-3359.mp4"
2047,"1","Knee-down Right","2026-04-21T21:05:21.469055Z",2045,2.287,"2026-04-21T21:05:21.469070Z","/data/local-files/?d=downloads/pitch-pix-69d6c2fee1ddc514c28e99bd-3365-3378.mp4"
2048,"1","Knee-down Left","2026-04-21T21:05:25.891353Z",2046,4.029,"2026-04-21T21:05:25.891370Z","/data/local-files/?d=downloads/pitch-pix-69d6c2fee1ddc514c28e99bd-3387-3399.mp4"
2049,"1","Knee-down Right","2026-04-21T21:05:29.706832Z",2047,3.432,"2026-04-21T21:05:29.706849Z","/data/local-files/?d=downloads/pitch-pix-69d6c2fee1ddc514c28e99bd-3578-3599.mp4"
2050,"1","Knee-down Right","2026-04-21T21:05:32.707537Z",2048,2.625,"2026-04-21T21:05:32.707557Z","/data/local-files/?d=downloads/pitch-pix-69d6c2fee1ddc514c28e99bd-3631-3641.mp4"
2051,"1","Knee-down Right","2026-04-21T21:05:34.713863Z",2049,1.644,"2026-04-21T21:05:34.713877Z","/data/local-files/?d=downloads/pitch-pix-69d6c2fee1ddc514c28e99bd-3650-3660.mp4"
2052,"1","Knee-down Right","2026-04-21T21:05:39.531629Z",2050,4.423,"2026-04-21T21:05:39.531649Z","/data/local-files/?d=downloads/pitch-pix-69d6c2fee1ddc514c28e99bd-3668-3684.mp4"
2053,"1","Knee-down Right","2026-04-21T21:05:51.702882Z",2051,11.797,"2026-04-21T21:05:51.702898Z","/data/local-files/?d=downloads/pitch-pix-69d6c2fee1ddc514c28e99bd-3703-3719.mp4"
2054,"1","Knee-down Right","2026-04-21T21:05:54.980222Z",2052,2.889,"2026-04-21T21:05:54.980236Z","/data/local-files/?d=downloads/pitch-pix-69d6c2fee1ddc514c28e99bd-3725-3738.mp4"
2055,"1","Knee-down Right","2026-04-21T21:05:57.149334Z",2053,1.802,"2026-04-21T21:05:57.149351Z","/data/local-files/?d=downloads/pitch-pix-69d6c2fee1ddc514c28e99bd-3749-3766.mp4"
2056,"1","Knee-down Right","2026-04-21T21:06:00.364767Z",2054,2.825,"2026-04-21T21:06:00.364788Z","/data/local-files/?d=downloads/pitch-pix-69d6c2fee1ddc514c28e99bd-3788-3802.mp4"
2057,"1","Knee-down Right","2026-04-21T21:06:02.354019Z",2055,1.615,"2026-04-21T21:06:02.354037Z","/data/local-files/?d=downloads/pitch-pix-69d6c2fee1ddc514c28e99bd-3812-3823.mp4"
2058,"1","Knee-down Right","2026-04-21T21:06:04.116690Z",2056,1.385,"2026-04-21T21:06:04.116703Z","/data/local-files/?d=downloads/pitch-pix-69d6c2fee1ddc514c28e99bd-3829-3842.mp4"
2059,"1","Knee-down Right","2026-04-21T21:06:06.838056Z",2057,2.346,"2026-04-21T21:06:06.838074Z","/data/local-files/?d=downloads/pitch-pix-69d6c2fee1ddc514c28e99bd-3858-3872.mp4"
2060,"1","Knee-down Right","2026-04-21T21:06:09.903178Z",2058,2.676,"2026-04-21T21:06:09.903194Z","/data/local-files/?d=downloads/pitch-pix-69d6c2fee1ddc514c28e99bd-4545-4557.mp4"
2061,"1","Knee-down Right","2026-04-21T21:06:11.890334Z",2059,1.598,"2026-04-21T21:06:11.890350Z","/data/local-files/?d=downloads/pitch-pix-69d6c2fee1ddc514c28e99bd-4562-4574.mp4"
2062,"1","Knee-down Right","2026-04-21T21:06:14.160531Z",2060,1.895,"2026-04-21T21:06:14.160551Z","/data/local-files/?d=downloads/pitch-pix-69d6c2fee1ddc514c28e99bd-4578-4590.mp4"
2063,"1","Knee-down Right","2026-04-21T21:06:15.952441Z",2061,1.395,"2026-04-21T21:06:15.952459Z","/data/local-files/?d=downloads/pitch-pix-69d6c2fee1ddc514c28e99bd-4594-4606.mp4"
2064,"1","Knee-down Right","2026-04-21T21:06:17.773622Z",2062,1.444,"2026-04-21T21:06:17.773636Z","/data/local-files/?d=downloads/pitch-pix-69d6c2fee1ddc514c28e99bd-4610-4625.mp4"
2065,"1","Knee-down Right","2026-04-21T21:06:19.700777Z",2063,1.542,"2026-04-21T21:06:19.700792Z","/data/local-files/?d=downloads/pitch-pix-69d6c2fee1ddc514c28e99bd-4650-4661.mp4"
2066,"1","Knee-down Right","2026-04-21T21:06:22.115034Z",2064,2.029,"2026-04-21T21:06:22.115050Z","/data/local-files/?d=downloads/pitch-pix-69d6c2fee1ddc514c28e99bd-4663-4677.mp4"
2067,"1","Knee-down Right","2026-04-21T21:06:23.951873Z",2065,1.455,"2026-04-21T21:06:23.951888Z","/data/local-files/?d=downloads/pitch-pix-69d6c2fee1ddc514c28e99bd-4684-4699.mp4"
2068,"1","Knee-down Right","2026-04-21T21:06:26.981682Z",2066,2.633,"2026-04-21T21:06:26.981705Z","/data/local-files/?d=downloads/pitch-pix-69d6c2fee1ddc514c28e99bd-4709-4732.mp4"
2069,"1","Knee-down Right","2026-04-21T21:06:29.369120Z",2067,1.974,"2026-04-21T21:06:29.369137Z","/data/local-files/?d=downloads/pitch-pix-69d6c2fee1ddc514c28e99bd-4746-4760.mp4"
2070,"1","Knee-down Right","2026-04-21T21:06:32.456991Z",2068,2.714,"2026-04-21T21:06:32.457008Z","/data/local-files/?d=downloads/pitch-pix-69d6c2fee1ddc514c28e99bd-4769-4785.mp4"
2071,"1","Knee-down Right","2026-04-21T21:06:34.741541Z",2069,1.889,"2026-04-21T21:06:34.741556Z","/data/local-files/?d=downloads/pitch-pix-69d6c2fee1ddc514c28e99bd-4793-4815.mp4"
2072,"1","Knee-down Right","2026-04-21T21:06:37.787931Z",2070,2.662,"2026-04-21T21:06:37.787950Z","/data/local-files/?d=downloads/pitch-pix-69d6c2fee1ddc514c28e99bd-4838-4854.mp4"
2073,"1","Knee-down Right","2026-04-21T21:06:40.148907Z",2071,1.955,"2026-04-21T21:06:40.148932Z","/data/local-files/?d=downloads/pitch-pix-69d6c2fee1ddc514c28e99bd-4918-4929.mp4"
2074,"1","Knee-down Right","2026-04-21T21:06:44.078777Z",2072,3.49,"2026-04-21T21:06:44.078790Z","/data/local-files/?d=downloads/pitch-pix-69d6c2fee1ddc514c28e99bd-4939-4952.mp4"
2075,"1","Knee-down Right","2026-04-21T21:06:46.103253Z",2073,1.627,"2026-04-21T21:06:46.103267Z","/data/local-files/?d=downloads/pitch-pix-69d6c2fee1ddc514c28e99bd-4960-4976.mp4"
2076,"1","Knee-down Right","2026-04-21T21:06:48.828702Z",2074,2.323,"2026-04-21T21:06:48.828720Z","/data/local-files/?d=downloads/pitch-pix-69d6c2fee1ddc514c28e99bd-4983-4997.mp4"
2077,"1","Knee-down Right","2026-04-21T21:06:53.419583Z",2075,4.197,"2026-04-21T21:06:53.419600Z","/data/local-files/?d=downloads/pitch-pix-69d6c2fee1ddc514c28e99bd-5014-5034.mp4"
2078,"1","Knee-down Right","2026-04-21T21:06:55.367168Z",2076,1.554,"2026-04-21T21:06:55.367183Z","/data/local-files/?d=downloads/pitch-pix-69d6c2fee1ddc514c28e99bd-5070-5079.mp4"
2079,"1","Knee-down Right","2026-04-21T21:06:57.479743Z",2077,1.737,"2026-04-21T21:06:57.479761Z","/data/local-files/?d=downloads/pitch-pix-69d6c2fee1ddc514c28e99bd-5084-5101.mp4"
2080,"1","Knee-down Right","2026-04-21T21:07:02.212136Z",2078,4.327,"2026-04-21T21:07:02.212157Z","/data/local-files/?d=downloads/pitch-pix-69d6c2fee1ddc514c28e99bd-5124-5136.mp4"
2081,"1","Knee-down Right","2026-04-21T21:07:06.621392Z",2079,3.998,"2026-04-21T21:07:06.621411Z","/data/local-files/?d=downloads/pitch-pix-69d6c2fee1ddc514c28e99bd-5138-5151.mp4"
2082,"1","Knee-down Right","2026-04-21T21:07:09.516628Z",2080,2.475,"2026-04-21T21:07:09.516644Z","/data/local-files/?d=downloads/pitch-pix-69d6c2fee1ddc514c28e99bd-5154-5167.mp4"
2083,"1","Knee-down Right","2026-04-21T21:07:11.826823Z",2081,1.907,"2026-04-21T21:07:11.826844Z","/data/local-files/?d=downloads/pitch-pix-69d6c2fee1ddc514c28e99bd-5175-5194.mp4"
2084,"1","Knee-down Right","2026-04-21T21:07:13.663114Z",2082,1.458,"2026-04-21T21:07:13.663134Z","/data/local-files/?d=downloads/pitch-pix-69d6c2fee1ddc514c28e99bd-5749-5764.mp4"
2085,"1","Knee-down Right","2026-04-21T21:07:15.983611Z",2083,1.914,"2026-04-21T21:07:15.983628Z","/data/local-files/?d=downloads/pitch-pix-69d6c2fee1ddc514c28e99bd-5769-5781.mp4"
2086,"1","Knee-down Right","2026-04-21T21:07:17.935161Z",2084,1.571,"2026-04-21T21:07:17.935176Z","/data/local-files/?d=downloads/pitch-pix-69d6c2fee1ddc514c28e99bd-5791-5806.mp4"
2087,"1","Knee-down Right","2026-04-21T21:07:20.138093Z",2085,1.812,"2026-04-21T21:07:20.138107Z","/data/local-files/?d=downloads/pitch-pix-69d6c2fee1ddc514c28e99bd-5817-5837.mp4"
2088,"1","Knee-down Right","2026-04-21T21:07:23.116521Z",2086,2.568,"2026-04-21T21:07:23.116537Z","/data/local-files/?d=downloads/pitch-pix-69d6c2fee1ddc514c28e99bd-5866-5878.mp4"
2089,"1","Knee-down Right","2026-04-21T21:07:25.114292Z",2087,1.598,"2026-04-21T21:07:25.114310Z","/data/local-files/?d=downloads/pitch-pix-69d6c2fee1ddc514c28e99bd-5886-5897.mp4"
2090,"1","Knee-down Right","2026-04-21T21:07:27.501841Z",2088,1.98,"2026-04-21T21:07:27.501859Z","/data/local-files/?d=downloads/pitch-pix-69d6c2fee1ddc514c28e99bd-5902-5913.mp4"
2091,"1","Knee-down Right","2026-04-21T21:07:31.261749Z",2089,3.349,"2026-04-21T21:07:31.261767Z","/data/local-files/?d=downloads/pitch-pix-69d6c2fee1ddc514c28e99bd-5921-5944.mp4"
2092,"1","Knee-down Right","2026-04-21T21:07:33.977068Z",2090,2.307,"2026-04-21T21:07:33.977082Z","/data/local-files/?d=downloads/pitch-pix-69d6c2fee1ddc514c28e99bd-6043-6056.mp4"
2093,"1","Knee-down Right","2026-04-21T21:07:36.517663Z",2091,2.134,"2026-04-21T21:07:36.517679Z","/data/local-files/?d=downloads/pitch-pix-69d6c2fee1ddc514c28e99bd-6063-6074.mp4"
2094,"1","Knee-down Right","2026-04-21T21:07:41.320353Z",2092,4.381,"2026-04-21T21:07:41.320372Z","/data/local-files/?d=downloads/pitch-pix-69d6c2fee1ddc514c28e99bd-6080-6090.mp4"
2095,"1","Knee-down Right","2026-04-21T21:07:43.592753Z",2093,1.879,"2026-04-21T21:07:43.592768Z","/data/local-files/?d=downloads/pitch-pix-69d6c2fee1ddc514c28e99bd-6098-6111.mp4"
2096,"1","Knee-down Right","2026-04-21T21:07:45.653617Z",2094,1.671,"2026-04-21T21:07:45.653635Z","/data/local-files/?d=downloads/pitch-pix-69d6c2fee1ddc514c28e99bd-6119-6131.mp4"
2097,"1","Knee-down Right","2026-04-21T21:07:47.611313Z",2095,1.523,"2026-04-21T21:07:47.611335Z","/data/local-files/?d=downloads/pitch-pix-69d6c2fee1ddc514c28e99bd-6141-6154.mp4"
2098,"1","Knee-down Right","2026-04-21T21:07:49.959871Z",2096,1.95,"2026-04-21T21:07:49.959893Z","/data/local-files/?d=downloads/pitch-pix-69d6c2fee1ddc514c28e99bd-6181-6193.mp4"
2099,"1","Knee-down Right","2026-04-21T21:07:52.150888Z",2097,1.795,"2026-04-21T21:07:52.150904Z","/data/local-files/?d=downloads/pitch-pix-69d6c2fee1ddc514c28e99bd-6196-6209.mp4"
2100,"1","Knee-down Right","2026-04-21T21:07:55.775462Z",2098,3.229,"2026-04-21T21:07:55.775483Z","/data/local-files/?d=downloads/pitch-pix-69d6c2fee1ddc514c28e99bd-6211-6224.mp4"
2101,"1","Knee-down Right","2026-04-21T21:07:57.923267Z",2099,1.734,"2026-04-21T21:07:57.923284Z","/data/local-files/?d=downloads/pitch-pix-69d6c2fee1ddc514c28e99bd-6231-6248.mp4"
2102,"1","Knee-down Right","2026-04-21T21:08:01.796341Z",2100,3.46,"2026-04-21T21:08:01.796356Z","/data/local-files/?d=downloads/pitch-pix-69d6c2fee1ddc514c28e99bd-6281-6301.mp4"
2103,"1","Knee-down Right","2026-04-21T21:08:04.721851Z",2101,2.531,"2026-04-21T21:08:04.721868Z","/data/local-files/?d=downloads/pitch-pix-69d6c2fee1ddc514c28e99bd-6347-6358.mp4"
2104,"1","Knee-down Right","2026-04-21T23:11:05.170114Z",2102,10.136,"2026-04-21T23:11:05.170125Z","/data/local-files/?d=downloads/pitch-pix-69d6c2fee1ddc514c28e99bd-6361-6373.mp4"
2105,"1","Knee-down Right","2026-04-21T23:11:09.972126Z",2103,4.654,"2026-04-21T23:11:09.972139Z","/data/local-files/?d=downloads/pitch-pix-69d6c2fee1ddc514c28e99bd-6383-6404.mp4"
2106,"1","Knee-down Right","2026-04-21T23:11:20.914583Z",2104,10.809,"2026-04-21T23:11:20.914593Z","/data/local-files/?d=downloads/pitch-pix-69d6c2fee1ddc514c28e99bd-6431-6447.mp4"
2107,"1","Knee-down Right","2026-04-21T23:11:30.929511Z",2105,9.884,"2026-04-21T23:11:30.929527Z","/data/local-files/?d=downloads/pitch-pix-69d6c2fee1ddc514c28e99bd-6453-6468.mp4"
2108,"1","Knee-down Right","2026-04-21T23:11:34.036798Z",2106,2.952,"2026-04-21T23:11:34.036807Z","/data/local-files/?d=downloads/pitch-pix-69d6c2fee1ddc514c28e99bd-6479-6493.mp4"
2109,"1","Knee-down Right","2026-04-21T23:11:36.496631Z",2107,2.343,"2026-04-21T23:11:36.496642Z","/data/local-files/?d=downloads/pitch-pix-69d6c2fee1ddc514c28e99bd-6501-6521.mp4"
2110,"1","Knee-down Right","2026-04-21T23:11:39.873874Z",2108,3.233,"2026-04-21T23:11:39.873883Z","/data/local-files/?d=downloads/pitch-pix-69d6c2fee1ddc514c28e99bd-6552-6564.mp4"
2111,"1","Knee-down Right","2026-04-21T23:11:42.616835Z",2109,2.587,"2026-04-21T23:11:42.616851Z","/data/local-files/?d=downloads/pitch-pix-69d6c2fee1ddc514c28e99bd-6572-6584.mp4"
2112,"1","Knee-down Right","2026-04-21T23:11:45.472823Z",2110,2.687,"2026-04-21T23:11:45.472838Z","/data/local-files/?d=downloads/pitch-pix-69d6c2fee1ddc514c28e99bd-6589-6602.mp4"
2113,"1","Knee-down Right","2026-04-21T23:11:47.749050Z",2111,1.873,"2026-04-21T23:11:47.749078Z","/data/local-files/?d=downloads/pitch-pix-69d6c2fee1ddc514c28e99bd-6612-6630.mp4"
2114,"1","Knee-down Right","2026-04-21T23:11:49.266704Z",2112,1.364,"2026-04-21T23:11:49.266715Z","/data/local-files/?d=downloads/pitch-pix-69d6c2fee1ddc514c28e99bd-6795-6806.mp4"
2115,"1","Knee-down Right","2026-04-21T23:11:53.381687Z",2113,3.961,"2026-04-21T23:11:53.381708Z","/data/local-files/?d=downloads/pitch-pix-69d6c2fee1ddc514c28e99bd-6808-6822.mp4"
2116,"1","Knee-down Right","2026-04-21T23:11:56.014333Z",2114,2.439,"2026-04-21T23:11:56.014347Z","/data/local-files/?d=downloads/pitch-pix-69d6c2fee1ddc514c28e99bd-8566-8579.mp4"
2117,"1","Knee-down Right","2026-04-21T23:11:58.437643Z",2115,2.256,"2026-04-21T23:11:58.437664Z","/data/local-files/?d=downloads/pitch-pix-69d6c2fee1ddc514c28e99bd-8620-8630.mp4"
2118,"1","Knee-down Right","2026-04-21T23:12:00.549917Z",2116,1.959,"2026-04-21T23:12:00.549935Z","/data/local-files/?d=downloads/pitch-pix-69d6c2fee1ddc514c28e99bd-8638-8650.mp4"
2119,"1","Knee-down Right","2026-04-21T23:12:04.881118Z",2117,4.148,"2026-04-21T23:12:04.881135Z","/data/local-files/?d=downloads/pitch-pix-69d6c2fee1ddc514c28e99bd-8657-8670.mp4"
2120,"1","Knee-down Right","2026-04-21T23:12:07.039857Z",2118,1.975,"2026-04-21T23:12:07.039868Z","/data/local-files/?d=downloads/pitch-pix-69d6c2fee1ddc514c28e99bd-8676-8688.mp4"
2121,"1","Knee-down Right","2026-04-21T23:12:08.978153Z",2119,1.79,"2026-04-21T23:12:08.978172Z","/data/local-files/?d=downloads/pitch-pix-69d6c2fee1ddc514c28e99bd-8696-8710.mp4"
2122,"1","Knee-down Right","2026-04-21T23:12:10.545045Z",2120,1.393,"2026-04-21T23:12:10.545063Z","/data/local-files/?d=downloads/pitch-pix-69d6c2fee1ddc514c28e99bd-8751-8770.mp4"
2123,"1","Knee-down Right","2026-04-21T23:12:13.113056Z",2121,2.402,"2026-04-21T23:12:13.113072Z","/data/local-files/?d=downloads/pitch-pix-69d6c2fee1ddc514c28e99bd-8805-8817.mp4"
2124,"1","Knee-down Right","2026-04-21T23:12:14.788299Z",2122,1.526,"2026-04-21T23:12:14.788314Z","/data/local-files/?d=downloads/pitch-pix-69d6c2fee1ddc514c28e99bd-8820-8837.mp4"
2125,"1","Knee-down Right","2026-04-21T23:12:16.649364Z",2123,1.705,"2026-04-21T23:12:16.649381Z","/data/local-files/?d=downloads/pitch-pix-69d6c2fee1ddc514c28e99bd-9428-9437.mp4"
2126,"1","Knee-down Right","2026-04-21T23:12:18.226589Z",2124,1.411,"2026-04-21T23:12:18.226604Z","/data/local-files/?d=downloads/pitch-pix-69d6c2fee1ddc514c28e99bd-9439-9450.mp4"
2127,"1","Knee-down Right","2026-04-21T23:12:19.677649Z",2125,1.281,"2026-04-21T23:12:19.677665Z","/data/local-files/?d=downloads/pitch-pix-69d6c2fee1ddc514c28e99bd-9454-9467.mp4"
2128,"1","Knee-down Right","2026-04-21T23:12:21.227869Z",2126,1.384,"2026-04-21T23:12:21.227886Z","/data/local-files/?d=downloads/pitch-pix-69d6c2fee1ddc514c28e99bd-9471-9483.mp4"
2129,"1","Knee-down Right","2026-04-21T23:12:22.506229Z",2127,1.107,"2026-04-21T23:12:22.506248Z","/data/local-files/?d=downloads/pitch-pix-69d6c2fee1ddc514c28e99bd-9507-9520.mp4"
2130,"1","Knee-down Right","2026-04-21T23:12:23.878262Z",2128,1.203,"2026-04-21T23:12:23.878276Z","/data/local-files/?d=downloads/pitch-pix-69d6c2fee1ddc514c28e99bd-9543-9556.mp4"
2131,"1","Knee-down Right","2026-04-21T23:12:26.264490Z",2129,2.204,"2026-04-21T23:12:26.264506Z","/data/local-files/?d=downloads/pitch-pix-69d6c2fee1ddc514c28e99bd-9572-9586.mp4"
2132,"1","Knee-down Right","2026-04-21T23:12:27.600410Z",2130,1.171,"2026-04-21T23:12:27.600419Z","/data/local-files/?d=downloads/pitch-pix-69d6c2fee1ddc514c28e99bd-9607-9617.mp4"
2133,"1","Knee-down Right","2026-04-21T23:12:30.029437Z",2131,2.293,"2026-04-21T23:12:30.029456Z","/data/local-files/?d=downloads/pitch-pix-69d6c2fee1ddc514c28e99bd-9621-9632.mp4"
2134,"1","Knee-down Right","2026-04-21T23:12:31.666715Z",2132,1.478,"2026-04-21T23:12:31.666733Z","/data/local-files/?d=downloads/pitch-pix-69d6c2fee1ddc514c28e99bd-9637-9646.mp4"
2135,"1","Knee-down Right","2026-04-21T23:12:33.087261Z",2133,1.257,"2026-04-21T23:12:33.087273Z","/data/local-files/?d=downloads/pitch-pix-69d6c2fee1ddc514c28e99bd-9655-9665.mp4"
2136,"1","Knee-down Right","2026-04-21T23:12:34.529476Z",2134,1.316,"2026-04-21T23:12:34.529485Z","/data/local-files/?d=downloads/pitch-pix-69d6c2fee1ddc514c28e99bd-9673-9683.mp4"
2137,"1","Knee-down Right","2026-04-21T23:12:35.784530Z",2135,1.128,"2026-04-21T23:12:35.784541Z","/data/local-files/?d=downloads/pitch-pix-69d6c2fee1ddc514c28e99bd-9694-9712.mp4"
2138,"1","Knee-down Right","2026-04-21T23:12:37.038585Z",2136,1.121,"2026-04-21T23:12:37.038595Z","/data/local-files/?d=downloads/pitch-pix-69d6c2fee1ddc514c28e99bd-9808-9819.mp4"
2139,"1","Knee-down Right","2026-04-21T23:12:38.337747Z",2137,1.174,"2026-04-21T23:12:38.337757Z","/data/local-files/?d=downloads/pitch-pix-69d6c2fee1ddc514c28e99bd-9822-9841.mp4"
2140,"1","Knee-down Right","2026-04-21T23:12:39.668288Z",2138,1.125,"2026-04-21T23:12:39.668296Z","/data/local-files/?d=downloads/pitch-pix-69d6c2fee1ddc514c28e99bd-9861-9874.mp4"
2141,"1","Knee-down Right","2026-04-21T23:12:43.249175Z",2139,3.453,"2026-04-21T23:12:43.249185Z","/data/local-files/?d=downloads/pitch-pix-69d6c2fee1ddc514c28e99bd-9878-9892.mp4"
2142,"1","Knee-down Right","2026-04-21T23:12:46.031391Z",2140,2.658,"2026-04-21T23:12:46.031400Z","/data/local-files/?d=downloads/pitch-pix-69d6c2fee1ddc514c28e99bd-9901-9914.mp4"
2143,"1","Knee-down Right","2026-04-21T23:12:48.634093Z",2141,2.475,"2026-04-21T23:12:48.634102Z","/data/local-files/?d=downloads/pitch-pix-69d6c2fee1ddc514c28e99bd-9924-9941.mp4"
2144,"1","Knee-down Right","2026-04-21T23:12:55.493664Z",2142,6.732,"2026-04-21T23:12:55.493679Z","/data/local-files/?d=downloads/pitch-pix-69d9ad9dd99a5afe6df17a5c-10006-10020.mp4"
2145,"1","Knee-down Right","2026-04-21T23:12:59.306105Z",2143,3.644,"2026-04-21T23:12:59.306119Z","/data/local-files/?d=downloads/pitch-pix-69d9ad9dd99a5afe6df17a5c-10028-10041.mp4"
2146,"1","Knee-down Right","2026-04-21T23:13:01.697898Z",2144,2.238,"2026-04-21T23:13:01.697918Z","/data/local-files/?d=downloads/pitch-pix-69d9ad9dd99a5afe6df17a5c-10053-10063.mp4"
2147,"1","Knee-down Right","2026-04-21T23:13:03.156227Z",2145,1.318,"2026-04-21T23:13:03.156248Z","/data/local-files/?d=downloads/pitch-pix-69d9ad9dd99a5afe6df17a5c-10075-10088.mp4"
2148,"1","Knee-down Right","2026-04-21T23:13:04.526668Z",2146,1.205,"2026-04-21T23:13:04.526685Z","/data/local-files/?d=downloads/pitch-pix-69d9ad9dd99a5afe6df17a5c-10298-10311.mp4"
2149,"1","Knee-down Right","2026-04-21T23:13:05.858206Z",2147,1.162,"2026-04-21T23:13:05.858223Z","/data/local-files/?d=downloads/pitch-pix-69d9ad9dd99a5afe6df17a5c-10317-10334.mp4"
2150,"1","Knee-down Right","2026-04-21T23:13:08.858178Z",2148,2.801,"2026-04-21T23:13:08.858199Z","/data/local-files/?d=downloads/pitch-pix-69d9ad9dd99a5afe6df17a5c-1090-1103.mp4"
2151,"1","Knee-down Right","2026-04-21T23:13:11.953150Z",2149,2.872,"2026-04-21T23:13:11.953171Z","/data/local-files/?d=downloads/pitch-pix-69d9ad9dd99a5afe6df17a5c-1112-1123.mp4"
2152,"1","Knee-down Right","2026-04-21T23:13:13.504014Z",2150,1.37,"2026-04-21T23:13:13.504033Z","/data/local-files/?d=downloads/pitch-pix-69d9ad9dd99a5afe6df17a5c-1128-1138.mp4"
2153,"1","Knee-down Right","2026-04-21T23:13:15.865330Z",2151,2.2,"2026-04-21T23:13:15.865346Z","/data/local-files/?d=downloads/pitch-pix-69d9ad9dd99a5afe6df17a5c-11359-11373.mp4"
2154,"1","Knee-down Right","2026-04-21T23:13:19.284436Z",2152,3.247,"2026-04-21T23:13:19.284453Z","/data/local-files/?d=downloads/pitch-pix-69d9ad9dd99a5afe6df17a5c-11381-11390.mp4"
2155,"1","Knee-down Right","2026-04-21T23:13:20.788344Z",2153,1.361,"2026-04-21T23:13:20.788353Z","/data/local-files/?d=downloads/pitch-pix-69d9ad9dd99a5afe6df17a5c-11394-11404.mp4"
2156,"1","Knee-down Right","2026-04-21T23:13:24.172317Z",2154,3.222,"2026-04-21T23:13:24.172332Z","/data/local-files/?d=downloads/pitch-pix-69d9ad9dd99a5afe6df17a5c-11405-11421.mp4"
2157,"1","Knee-down Right","2026-04-21T23:13:26.981277Z",2155,2.675,"2026-04-21T23:13:26.981294Z","/data/local-files/?d=downloads/pitch-pix-69d9ad9dd99a5afe6df17a5c-11433-11449.mp4"
2158,"1","Knee-down Right","2026-04-21T23:13:28.655766Z",2156,1.533,"2026-04-21T23:13:28.655784Z","/data/local-files/?d=downloads/pitch-pix-69d9ad9dd99a5afe6df17a5c-11460-11476.mp4"
2159,"1","Knee-down Right","2026-04-21T23:13:30.521551Z",2157,1.699,"2026-04-21T23:13:30.521568Z","/data/local-files/?d=downloads/pitch-pix-69d9ad9dd99a5afe6df17a5c-11485-11500.mp4"
2160,"1","Knee-down Right","2026-04-21T23:13:33.841284Z",2158,3.146,"2026-04-21T23:13:33.841297Z","/data/local-files/?d=downloads/pitch-pix-69d9ad9dd99a5afe6df17a5c-1149-1161.mp4"
2161,"1","Knee-down Right","2026-04-21T23:13:35.591501Z",2159,1.57,"2026-04-21T23:13:35.591520Z","/data/local-files/?d=downloads/pitch-pix-69d9ad9dd99a5afe6df17a5c-11504-11520.mp4"
2162,"1","Knee-down Right","2026-04-21T23:13:39.464614Z",2160,3.701,"2026-04-21T23:13:39.464623Z","/data/local-files/?d=downloads/pitch-pix-69d9ad9dd99a5afe6df17a5c-11517-11537.mp4"
2163,"1","Knee-down Right","2026-04-21T23:13:41.341359Z",2161,1.727,"2026-04-21T23:13:41.341369Z","/data/local-files/?d=downloads/pitch-pix-69d9ad9dd99a5afe6df17a5c-11554-11568.mp4"
2164,"1","Knee-down Right","2026-04-21T23:13:43.667737Z",2162,2.189,"2026-04-21T23:13:43.667747Z","/data/local-files/?d=downloads/pitch-pix-69d9ad9dd99a5afe6df17a5c-11576-11590.mp4"
2165,"1","Knee-down Right","2026-04-21T23:13:45.245393Z",2163,1.456,"2026-04-21T23:13:45.245403Z","/data/local-files/?d=downloads/pitch-pix-69d9ad9dd99a5afe6df17a5c-11637-11651.mp4"
2166,"1","Knee-down Right","2026-04-21T23:13:49.714215Z",2164,4.339,"2026-04-21T23:13:49.714234Z","/data/local-files/?d=downloads/pitch-pix-69d9ad9dd99a5afe6df17a5c-11661-11679.mp4"
2167,"1","Knee-down Right","2026-04-21T23:13:51.725558Z",2165,1.855,"2026-04-21T23:13:51.725567Z","/data/local-files/?d=downloads/pitch-pix-69d9ad9dd99a5afe6df17a5c-11710-11721.mp4"
2168,"1","Knee-down Right","2026-04-21T23:13:54.268796Z",2166,2.405,"2026-04-21T23:13:54.268805Z","/data/local-files/?d=downloads/pitch-pix-69d9ad9dd99a5afe6df17a5c-11714-11725.mp4"
2169,"1","Knee-down Right","2026-04-21T23:13:58.924383Z",2167,4.521,"2026-04-21T23:13:58.924399Z","/data/local-files/?d=downloads/pitch-pix-69d9ad9dd99a5afe6df17a5c-1175-1188.mp4"
2170,"1","Knee-down Right","2026-04-21T23:14:00.585401Z",2168,1.478,"2026-04-21T23:14:00.585412Z","/data/local-files/?d=downloads/pitch-pix-69d9ad9dd99a5afe6df17a5c-11764-11779.mp4"
2171,"1","Knee-down Right","2026-04-21T23:14:03.698305Z",2169,2.974,"2026-04-21T23:14:03.698328Z","/data/local-files/?d=downloads/pitch-pix-69d9ad9dd99a5afe6df17a5c-1199-1207.mp4"
2172,"1","Knee-down Right","2026-04-21T23:14:05.545287Z",2170,1.673,"2026-04-21T23:14:05.545305Z","/data/local-files/?d=downloads/pitch-pix-69d9ad9dd99a5afe6df17a5c-1215-1224.mp4"
2173,"1","Knee-down Right","2026-04-21T23:14:07.758728Z",2171,2.044,"2026-04-21T23:14:07.758751Z","/data/local-files/?d=downloads/pitch-pix-69d9ad9dd99a5afe6df17a5c-1234-1241.mp4"
2174,"1","Knee-down Right","2026-04-21T23:14:11.575067Z",2172,3.642,"2026-04-21T23:14:11.575085Z","/data/local-files/?d=downloads/pitch-pix-69d9ad9dd99a5afe6df17a5c-1250-1262.mp4"
2175,"1","Knee-down Right","2026-04-21T23:14:14.040351Z",2173,2.287,"2026-04-21T23:14:14.040370Z","/data/local-files/?d=downloads/pitch-pix-69d9ad9dd99a5afe6df17a5c-1274-1285.mp4"
2176,"1","Knee-down Right","2026-04-21T23:14:17.085212Z",2174,2.836,"2026-04-21T23:14:17.085232Z","/data/local-files/?d=downloads/pitch-pix-69d9ad9dd99a5afe6df17a5c-1312-1321.mp4"
2177,"1","Knee-down Right","2026-04-21T23:14:19.989908Z",2175,2.745,"2026-04-21T23:14:19.989923Z","/data/local-files/?d=downloads/pitch-pix-69d9ad9dd99a5afe6df17a5c-1326-1342.mp4"
2178,"1","Knee-down Right","2026-04-21T23:14:22.814970Z",2176,2.645,"2026-04-21T23:14:22.814986Z","/data/local-files/?d=downloads/pitch-pix-69d9ad9dd99a5afe6df17a5c-1362-1376.mp4"
2179,"1","Knee-down Right","2026-04-21T23:14:24.487925Z",2177,1.502,"2026-04-21T23:14:24.487942Z","/data/local-files/?d=downloads/pitch-pix-69d9ad9dd99a5afe6df17a5c-1403-1417.mp4"
2180,"1","Knee-down Right","2026-04-21T23:14:27.252169Z",2178,2.587,"2026-04-21T23:14:27.252188Z","/data/local-files/?d=downloads/pitch-pix-69d9ad9dd99a5afe6df17a5c-1426-1438.mp4"
2181,"1","Knee-down Right","2026-04-21T23:14:28.848370Z",2179,1.419,"2026-04-21T23:14:28.848384Z","/data/local-files/?d=downloads/pitch-pix-69d9ad9dd99a5afe6df17a5c-1445-1459.mp4"
2182,"1","Knee-down Right","2026-04-21T23:14:31.893759Z",2180,2.882,"2026-04-21T23:14:31.893776Z","/data/local-files/?d=downloads/pitch-pix-69d9ad9dd99a5afe6df17a5c-1474-1484.mp4"
2183,"1","Knee-down Right","2026-04-21T23:14:35.612537Z",2181,3.543,"2026-04-21T23:14:35.612555Z","/data/local-files/?d=downloads/pitch-pix-69d9ad9dd99a5afe6df17a5c-1493-1508.mp4"
2184,"1","Knee-down Right","2026-04-21T23:14:38.713423Z",2182,2.944,"2026-04-21T23:14:38.713432Z","/data/local-files/?d=downloads/pitch-pix-69d9ad9dd99a5afe6df17a5c-1534-1553.mp4"
2185,"1","Knee-down Right","2026-04-21T23:14:40.316363Z",2183,1.478,"2026-04-21T23:14:40.316372Z","/data/local-files/?d=downloads/pitch-pix-69d9ad9dd99a5afe6df17a5c-1581-1601.mp4"
2186,"1","Knee-down Right","2026-04-21T23:14:42.778275Z",2184,2.316,"2026-04-21T23:14:42.778291Z","/data/local-files/?d=downloads/pitch-pix-69d9ad9dd99a5afe6df17a5c-2004-2015.mp4"
2187,"1","Knee-down Right","2026-04-21T23:14:44.504464Z",2185,1.571,"2026-04-21T23:14:44.504482Z","/data/local-files/?d=downloads/pitch-pix-69d9ad9dd99a5afe6df17a5c-2023-2032.mp4"
2188,"1","Knee-down Right","2026-04-21T23:14:46.301870Z",2186,1.629,"2026-04-21T23:14:46.301880Z","/data/local-files/?d=downloads/pitch-pix-69d9ad9dd99a5afe6df17a5c-2037-2047.mp4"
2189,"1","Knee-down Right","2026-04-21T23:14:48.950499Z",2187,2.52,"2026-04-21T23:14:48.950509Z","/data/local-files/?d=downloads/pitch-pix-69d9ad9dd99a5afe6df17a5c-2056-2066.mp4"
2190,"1","Knee-down Right","2026-04-21T23:14:50.515489Z",2188,1.422,"2026-04-21T23:14:50.515498Z","/data/local-files/?d=downloads/pitch-pix-69d9ad9dd99a5afe6df17a5c-2105-2117.mp4"
2191,"1","Knee-down Right","2026-04-21T23:14:52.147344Z",2189,1.504,"2026-04-21T23:14:52.147354Z","/data/local-files/?d=downloads/pitch-pix-69d9ad9dd99a5afe6df17a5c-2123-2137.mp4"
2192,"1","Knee-down Right","2026-04-21T23:14:53.534348Z",2190,1.264,"2026-04-21T23:14:53.534359Z","/data/local-files/?d=downloads/pitch-pix-69d9ad9dd99a5afe6df17a5c-2203-2219.mp4"
2193,"1","Knee-down Right","2026-04-21T23:14:55.820740Z",2191,2.159,"2026-04-21T23:14:55.820755Z","/data/local-files/?d=downloads/pitch-pix-69d9ad9dd99a5afe6df17a5c-2230-2244.mp4"
2194,"1","Knee-down Right","2026-04-21T23:14:57.335702Z",2192,1.35,"2026-04-21T23:14:57.335720Z","/data/local-files/?d=downloads/pitch-pix-69d9ad9dd99a5afe6df17a5c-2254-2266.mp4"
2195,"1","Knee-down Right","2026-04-21T23:14:58.756053Z",2193,1.261,"2026-04-21T23:14:58.756069Z","/data/local-files/?d=downloads/pitch-pix-69d9ad9dd99a5afe6df17a5c-2274-2286.mp4"
2196,"1","Knee-down Right","2026-04-21T23:15:00.169332Z",2194,1.24,"2026-04-21T23:15:00.169352Z","/data/local-files/?d=downloads/pitch-pix-69d9ad9dd99a5afe6df17a5c-2295-2308.mp4"
2197,"1","Knee-down Right","2026-04-21T23:15:01.463865Z",2195,1.121,"2026-04-21T23:15:01.463875Z","/data/local-files/?d=downloads/pitch-pix-69d9ad9dd99a5afe6df17a5c-2399-2413.mp4"
2198,"1","Knee-down Right","2026-04-21T23:15:05.211089Z",2196,3.616,"2026-04-21T23:15:05.211104Z","/data/local-files/?d=downloads/pitch-pix-69d9ad9dd99a5afe6df17a5c-2423-2431.mp4"
2199,"1","Knee-down Right","2026-04-21T23:15:07.733222Z",2197,2.356,"2026-04-21T23:15:07.733246Z","/data/local-files/?d=downloads/pitch-pix-69d9ad9dd99a5afe6df17a5c-2438-2453.mp4"
2200,"1","Knee-down Right","2026-04-21T23:15:10.330402Z",2198,2.401,"2026-04-21T23:15:10.330424Z","/data/local-files/?d=downloads/pitch-pix-69d9ad9dd99a5afe6df17a5c-2464-2473.mp4"
2201,"1","Knee-down Right","2026-04-21T23:15:12.384652Z",2199,1.862,"2026-04-21T23:15:12.384662Z","/data/local-files/?d=downloads/pitch-pix-69d9ad9dd99a5afe6df17a5c-2502-2516.mp4"
2202,"1","Knee-down Right","2026-04-21T23:15:14.711865Z",2200,2.122,"2026-04-21T23:15:14.711884Z","/data/local-files/?d=downloads/pitch-pix-69d9ad9dd99a5afe6df17a5c-2538-2550.mp4"
2203,"1","Knee-down Right","2026-04-21T23:15:16.458327Z",2201,1.563,"2026-04-21T23:15:16.458343Z","/data/local-files/?d=downloads/pitch-pix-69d9ad9dd99a5afe6df17a5c-2557-2567.mp4"
2204,"1","Knee-down Right","2026-04-21T23:15:21.317419Z",2202,4.651,"2026-04-21T23:15:21.317444Z","/data/local-files/?d=downloads/pitch-pix-69d9ad9dd99a5afe6df17a5c-2573-2588.mp4"
2205,"1","Knee-down Right","2026-04-21T23:15:24.926634Z",2203,3.422,"2026-04-21T23:15:24.926659Z","/data/local-files/?d=downloads/pitch-pix-69d9ad9dd99a5afe6df17a5c-2590-2601.mp4"
2206,"1","Knee-down Right","2026-04-21T23:15:26.746535Z",2204,1.631,"2026-04-21T23:15:26.746552Z","/data/local-files/?d=downloads/pitch-pix-69d9ad9dd99a5afe6df17a5c-2608-2620.mp4"
2207,"1","Knee-down Right","2026-04-21T23:15:35.318139Z",2205,8.393,"2026-04-21T23:15:35.318156Z","/data/local-files/?d=downloads/pitch-pix-69d9ad9dd99a5afe6df17a5c-2627-2643.mp4"
2208,"1","Knee-down Right","2026-04-21T23:15:38.746151Z",2206,3.204,"2026-04-21T23:15:38.746172Z","/data/local-files/?d=downloads/pitch-pix-69d9ad9dd99a5afe6df17a5c-2661-2675.mp4"
2209,"1","Knee-down Right","2026-04-21T23:15:40.385966Z",2207,1.454,"2026-04-21T23:15:40.385984Z","/data/local-files/?d=downloads/pitch-pix-69d9ad9dd99a5afe6df17a5c-2682-2693.mp4"
2210,"1","Knee-down Right","2026-04-21T23:15:43.381569Z",2208,2.809,"2026-04-21T23:15:43.381587Z","/data/local-files/?d=downloads/pitch-pix-69d9ad9dd99a5afe6df17a5c-2713-2724.mp4"
2211,"1","Knee-down Right","2026-04-21T23:15:47.738901Z",2209,4.17,"2026-04-21T23:15:47.738919Z","/data/local-files/?d=downloads/pitch-pix-69d9ad9dd99a5afe6df17a5c-2732-2766.mp4"
2212,"1","Knee-down Right","2026-04-21T23:15:50.935246Z",2210,3.024,"2026-04-21T23:15:50.935263Z","/data/local-files/?d=downloads/pitch-pix-69d9ad9dd99a5afe6df17a5c-2790-2800.mp4"
2213,"1","Knee-down Right","2026-04-21T23:15:52.485411Z",2211,1.287,"2026-04-21T23:15:52.485418Z","/data/local-files/?d=downloads/pitch-pix-69d9ad9dd99a5afe6df17a5c-2807-2817.mp4"
2214,"1","Knee-down Right","2026-04-21T23:15:53.944243Z",2212,1.287,"2026-04-21T23:15:53.944262Z","/data/local-files/?d=downloads/pitch-pix-69d9ad9dd99a5afe6df17a5c-2827-2837.mp4"
2215,"1","Knee-down Right","2026-04-21T23:15:56.164482Z",2213,2.038,"2026-04-21T23:15:56.164496Z","/data/local-files/?d=downloads/pitch-pix-69d9ad9dd99a5afe6df17a5c-2843-2857.mp4"
2216,"1","Knee-down Right","2026-04-21T23:16:02.286245Z",2214,5.979,"2026-04-21T23:16:02.286261Z","/data/local-files/?d=downloads/pitch-pix-69d9ad9dd99a5afe6df17a5c-2930-2945.mp4"
2217,"1","Knee-down Right","2026-04-21T23:16:04.828178Z",2215,2.372,"2026-04-21T23:16:04.828196Z","/data/local-files/?d=downloads/pitch-pix-69d9ad9dd99a5afe6df17a5c-2958-2970.mp4"
2218,"1","Knee-down Right","2026-04-21T23:16:07.518925Z",2216,2.528,"2026-04-21T23:16:07.518942Z","/data/local-files/?d=downloads/pitch-pix-69d9ad9dd99a5afe6df17a5c-2989-2998.mp4"
2219,"1","Knee-down Right","2026-04-21T23:16:11.630778Z",2217,3.931,"2026-04-21T23:16:11.630794Z","/data/local-files/?d=downloads/pitch-pix-69d9ad9dd99a5afe6df17a5c-3007-3021.mp4"
2220,"1","Knee-down Right","2026-04-21T23:16:13.353962Z",2218,1.521,"2026-04-21T23:16:13.353977Z","/data/local-files/?d=downloads/pitch-pix-69d9ad9dd99a5afe6df17a5c-3030-3041.mp4"
2221,"1","Knee-down Right","2026-04-21T23:16:19.305204Z",2219,5.759,"2026-04-21T23:16:19.305222Z","/data/local-files/?d=downloads/pitch-pix-69d9ad9dd99a5afe6df17a5c-3049-3072.mp4"
2222,"1","Knee-down Right","2026-04-21T23:16:20.873532Z",2220,1.398,"2026-04-21T23:16:20.873548Z","/data/local-files/?d=downloads/pitch-pix-69d9ad9dd99a5afe6df17a5c-3136-3150.mp4"
2223,"1","Knee-down Right","2026-04-21T23:16:22.457216Z",2221,1.395,"2026-04-21T23:16:22.457236Z","/data/local-files/?d=downloads/pitch-pix-69d9ad9dd99a5afe6df17a5c-3946-3956.mp4"
2224,"1","Knee-down Right","2026-04-21T23:16:23.862338Z",2222,1.224,"2026-04-21T23:16:23.862360Z","/data/local-files/?d=downloads/pitch-pix-69d9ad9dd99a5afe6df17a5c-3965-3972.mp4"
2225,"1","Knee-down Right","2026-04-21T23:16:25.194256Z",2223,1.173,"2026-04-21T23:16:25.194265Z","/data/local-files/?d=downloads/pitch-pix-69d9ad9dd99a5afe6df17a5c-3978-3988.mp4"
2226,"1","Knee-down Right","2026-04-21T23:16:28.319704Z",2224,2.989,"2026-04-21T23:16:28.319720Z","/data/local-files/?d=downloads/pitch-pix-69d9ad9dd99a5afe6df17a5c-3990-4006.mp4"
2227,"1","Knee-down Right","2026-04-21T23:16:30.974034Z",2225,2.487,"2026-04-21T23:16:30.974055Z","/data/local-files/?d=downloads/pitch-pix-69d9ad9dd99a5afe6df17a5c-4014-4023.mp4"
2228,"1","Knee-down Right","2026-04-21T23:16:32.343653Z",2226,1.187,"2026-04-21T23:16:32.343671Z","/data/local-files/?d=downloads/pitch-pix-69d9ad9dd99a5afe6df17a5c-4030-4041.mp4"
2229,"1","Knee-down Right","2026-04-21T23:16:33.707779Z",2227,1.181,"2026-04-21T23:16:33.707796Z","/data/local-files/?d=downloads/pitch-pix-69d9ad9dd99a5afe6df17a5c-4063-4072.mp4"
2230,"1","Knee-down Right","2026-04-21T23:16:36.973691Z",2228,3.091,"2026-04-21T23:16:36.973708Z","/data/local-files/?d=downloads/pitch-pix-69d9ad9dd99a5afe6df17a5c-4064-4074.mp4"
2231,"1","Knee-down Right","2026-04-21T23:16:39.460568Z",2229,2.323,"2026-04-21T23:16:39.460588Z","/data/local-files/?d=downloads/pitch-pix-69d9ad9dd99a5afe6df17a5c-4086-4097.mp4"
2232,"1","Knee-down Right","2026-04-21T23:16:41.375098Z",2230,1.758,"2026-04-21T23:16:41.375115Z","/data/local-files/?d=downloads/pitch-pix-69d9ad9dd99a5afe6df17a5c-4088-4097.mp4"
2233,"1","Knee-down Right","2026-04-21T23:16:43.831468Z",2231,2.294,"2026-04-21T23:16:43.831487Z","/data/local-files/?d=downloads/pitch-pix-69d9ad9dd99a5afe6df17a5c-4103-4118.mp4"
2234,"1","Knee-down Right","2026-04-21T23:16:45.956981Z",2232,1.958,"2026-04-21T23:16:45.956991Z","/data/local-files/?d=downloads/pitch-pix-69d9ad9dd99a5afe6df17a5c-4126-4140.mp4"
2235,"1","Knee-down Right","2026-04-21T23:16:47.818165Z",2233,1.717,"2026-04-21T23:16:47.818184Z","/data/local-files/?d=downloads/pitch-pix-69d9ad9dd99a5afe6df17a5c-4145-4155.mp4"
2236,"1","Knee-down Right","2026-04-21T23:16:52.687752Z",2234,4.684,"2026-04-21T23:16:52.687768Z","/data/local-files/?d=downloads/pitch-pix-69d9ad9dd99a5afe6df17a5c-4162-4198.mp4"
2237,"1","Knee-down Right","2026-04-21T23:16:55.662923Z",2235,2.807,"2026-04-21T23:16:55.662933Z","/data/local-files/?d=downloads/pitch-pix-69d9ad9dd99a5afe6df17a5c-4388-4398.mp4"
2238,"1","Knee-down Right","2026-04-21T23:16:57.361882Z",2236,1.571,"2026-04-21T23:16:57.361901Z","/data/local-files/?d=downloads/pitch-pix-69d9ad9dd99a5afe6df17a5c-4406-4417.mp4"
2239,"1","Knee-down Right","2026-04-21T23:16:59.948383Z",2237,2.407,"2026-04-21T23:16:59.948398Z","/data/local-files/?d=downloads/pitch-pix-69d9ad9dd99a5afe6df17a5c-4420-4435.mp4"
2240,"1","Knee-down Right","2026-04-21T23:17:01.548043Z",2238,1.416,"2026-04-21T23:17:01.548059Z","/data/local-files/?d=downloads/pitch-pix-69d9ad9dd99a5afe6df17a5c-4445-4456.mp4"
2241,"1","Knee-down Right","2026-04-21T23:17:05.010395Z",2239,3.297,"2026-04-21T23:17:05.010412Z","/data/local-files/?d=downloads/pitch-pix-69d9ad9dd99a5afe6df17a5c-4474-4489.mp4"
2242,"1","Knee-down Right","2026-04-21T23:17:06.504634Z",2240,1.341,"2026-04-21T23:17:06.504653Z","/data/local-files/?d=downloads/pitch-pix-69d9ad9dd99a5afe6df17a5c-4500-4508.mp4"
2243,"1","Knee-down Right","2026-04-21T23:17:08.624513Z",2241,1.954,"2026-04-21T23:17:08.624529Z","/data/local-files/?d=downloads/pitch-pix-69d9ad9dd99a5afe6df17a5c-4517-4532.mp4"
2244,"1","Knee-down Right","2026-04-21T23:17:09.876942Z",2242,1.072,"2026-04-21T23:17:09.876960Z","/data/local-files/?d=downloads/pitch-pix-69d9ad9dd99a5afe6df17a5c-4540-4551.mp4"
2245,"1","Knee-down Right","2026-04-21T23:17:12.861443Z",2243,2.802,"2026-04-21T23:17:12.861460Z","/data/local-files/?d=downloads/pitch-pix-69d9ad9dd99a5afe6df17a5c-4571-4580.mp4"
2246,"1","Knee-down Right","2026-04-21T23:17:15.178950Z",2244,2.135,"2026-04-21T23:17:15.178959Z","/data/local-files/?d=downloads/pitch-pix-69d9ad9dd99a5afe6df17a5c-4597-4610.mp4"
2247,"1","Knee-down Right","2026-04-21T23:17:18.544863Z",2245,3.199,"2026-04-21T23:17:18.544887Z","/data/local-files/?d=downloads/pitch-pix-69d9ad9dd99a5afe6df17a5c-4618-4645.mp4"
2248,"1","Knee-down Right","2026-04-21T23:17:21.181620Z",2246,2.471,"2026-04-21T23:17:21.181634Z","/data/local-files/?d=downloads/pitch-pix-69d9ad9dd99a5afe6df17a5c-4672-4686.mp4"
2249,"1","Knee-down Right","2026-04-21T23:17:24.300110Z",2247,2.946,"2026-04-21T23:17:24.300129Z","/data/local-files/?d=downloads/pitch-pix-69d9ad9dd99a5afe6df17a5c-4731-4744.mp4"
2250,"1","Knee-down Right","2026-04-21T23:17:25.979646Z",2248,1.505,"2026-04-21T23:17:25.979662Z","/data/local-files/?d=downloads/pitch-pix-69d9ad9dd99a5afe6df17a5c-4752-4765.mp4"
2251,"1","Knee-down Right","2026-04-21T23:17:29.075589Z",2249,2.928,"2026-04-21T23:17:29.075605Z","/data/local-files/?d=downloads/pitch-pix-69d9ad9dd99a5afe6df17a5c-4792-4807.mp4"
2252,"1","Knee-down Right","2026-04-21T23:17:30.844776Z",2250,1.595,"2026-04-21T23:17:30.844791Z","/data/local-files/?d=downloads/pitch-pix-69d9ad9dd99a5afe6df17a5c-4816-4828.mp4"
2253,"1","Knee-down Right","2026-04-21T23:17:33.596457Z",2251,2.506,"2026-04-21T23:17:33.596465Z","/data/local-files/?d=downloads/pitch-pix-69d9ad9dd99a5afe6df17a5c-4832-4846.mp4"
2254,"1","Knee-down Right","2026-04-21T23:17:35.197339Z",2252,1.441,"2026-04-21T23:17:35.197355Z","/data/local-files/?d=downloads/pitch-pix-69d9ad9dd99a5afe6df17a5c-4855-4866.mp4"
2255,"1","Knee-down Right","2026-04-21T23:17:39.023094Z",2253,3.648,"2026-04-21T23:17:39.023116Z","/data/local-files/?d=downloads/pitch-pix-69d9ad9dd99a5afe6df17a5c-4880-4896.mp4"
2256,"1","Knee-down Right","2026-04-21T23:17:42.469864Z",2254,3.254,"2026-04-21T23:17:42.469882Z","/data/local-files/?d=downloads/pitch-pix-69d9ad9dd99a5afe6df17a5c-4927-4939.mp4"
2257,"1","Knee-down Right","2026-04-21T23:17:46.312567Z",2255,3.663,"2026-04-21T23:17:46.312583Z","/data/local-files/?d=downloads/pitch-pix-69d9ad9dd99a5afe6df17a5c-4948-4966.mp4"
2258,"1","Knee-down Right","2026-04-21T23:17:50.203210Z",2256,3.703,"2026-04-21T23:17:50.203226Z","/data/local-files/?d=downloads/pitch-pix-69d9ad9dd99a5afe6df17a5c-4979-4988.mp4"
2259,"1","Knee-down Right","2026-04-21T23:17:51.806687Z",2257,1.425,"2026-04-21T23:17:51.806701Z","/data/local-files/?d=downloads/pitch-pix-69d9ad9dd99a5afe6df17a5c-4995-5006.mp4"
2260,"1","Knee-down Right","2026-04-21T23:17:56.434565Z",2258,4.427,"2026-04-21T23:17:56.434579Z","/data/local-files/?d=downloads/pitch-pix-69d9ad9dd99a5afe6df17a5c-5013-5027.mp4"
2261,"1","Knee-down Right","2026-04-21T23:18:02.472090Z",2259,5.86,"2026-04-21T23:18:02.472106Z","/data/local-files/?d=downloads/pitch-pix-69d9ad9dd99a5afe6df17a5c-5047-5056.mp4"
2262,"1","Knee-down Right","2026-04-21T23:18:05.263298Z",2260,2.606,"2026-04-21T23:18:05.263313Z","/data/local-files/?d=downloads/pitch-pix-69d9ad9dd99a5afe6df17a5c-5621-5632.mp4"
2263,"1","Knee-down Right","2026-04-21T23:18:06.925324Z",2261,1.482,"2026-04-21T23:18:06.925345Z","/data/local-files/?d=downloads/pitch-pix-69d9ad9dd99a5afe6df17a5c-5647-5656.mp4"
2264,"1","Knee-down Right","2026-04-21T23:18:08.662012Z",2262,1.506,"2026-04-21T23:18:08.662032Z","/data/local-files/?d=downloads/pitch-pix-69d9ad9dd99a5afe6df17a5c-5663-5671.mp4"
2265,"1","Knee-down Right","2026-04-21T23:18:10.394660Z",2263,1.542,"2026-04-21T23:18:10.394677Z","/data/local-files/?d=downloads/pitch-pix-69d9ad9dd99a5afe6df17a5c-5679-5690.mp4"
2266,"1","Knee-down Right","2026-04-21T23:18:13.807535Z",2264,3.201,"2026-04-21T23:18:13.807552Z","/data/local-files/?d=downloads/pitch-pix-69d9ad9dd99a5afe6df17a5c-5713-5723.mp4"
2267,"1","Knee-down Right","2026-04-21T23:18:16.839212Z",2265,2.839,"2026-04-21T23:18:16.839228Z","/data/local-files/?d=downloads/pitch-pix-69d9ad9dd99a5afe6df17a5c-5731-5743.mp4"
2268,"1","Knee-down Right","2026-04-21T23:18:19.735355Z",2266,2.718,"2026-04-21T23:18:19.735374Z","/data/local-files/?d=downloads/pitch-pix-69d9ad9dd99a5afe6df17a5c-5764-5779.mp4"
2269,"1","Knee-down Right","2026-04-21T23:18:21.800679Z",2267,1.85,"2026-04-21T23:18:21.800700Z","/data/local-files/?d=downloads/pitch-pix-69d9ad9dd99a5afe6df17a5c-5786-5794.mp4"
2270,"1","Knee-down Right","2026-04-21T23:18:23.437379Z",2268,1.483,"2026-04-21T23:18:23.437387Z","/data/local-files/?d=downloads/pitch-pix-69d9ad9dd99a5afe6df17a5c-5795-5805.mp4"
2271,"1","Knee-down Right","2026-04-21T23:18:25.088119Z",2269,1.493,"2026-04-21T23:18:25.088134Z","/data/local-files/?d=downloads/pitch-pix-69d9ad9dd99a5afe6df17a5c-5809-5822.mp4"
2272,"1","Knee-down Right","2026-04-21T23:18:28.033938Z",2270,2.735,"2026-04-21T23:18:28.033955Z","/data/local-files/?d=downloads/pitch-pix-69d9ad9dd99a5afe6df17a5c-5833-5848.mp4"
2273,"1","Knee-down Right","2026-04-21T23:18:29.599966Z",2271,1.406,"2026-04-21T23:18:29.599980Z","/data/local-files/?d=downloads/pitch-pix-69d9ad9dd99a5afe6df17a5c-6670-6681.mp4"
2274,"1","Knee-down Right","2026-04-21T23:18:32.812820Z",2272,3.004,"2026-04-21T23:18:32.812837Z","/data/local-files/?d=downloads/pitch-pix-69d9ad9dd99a5afe6df17a5c-6702-6711.mp4"
2275,"1","Knee-down Right","2026-04-21T23:18:34.358933Z",2273,1.347,"2026-04-21T23:18:34.358952Z","/data/local-files/?d=downloads/pitch-pix-69d9ad9dd99a5afe6df17a5c-6717-6727.mp4"
2276,"1","Knee-down Right","2026-04-21T23:18:39.093986Z",2274,4.55,"2026-04-21T23:18:39.094001Z","/data/local-files/?d=downloads/pitch-pix-69d9ad9dd99a5afe6df17a5c-6729-6742.mp4"
2277,"1","Knee-down Right","2026-04-21T23:18:42.413749Z",2275,3.143,"2026-04-21T23:18:42.413767Z","/data/local-files/?d=downloads/pitch-pix-69d9ad9dd99a5afe6df17a5c-6753-6764.mp4"
2278,"1","Knee-down Right","2026-04-21T23:18:44.081372Z",2276,1.492,"2026-04-21T23:18:44.081391Z","/data/local-files/?d=downloads/pitch-pix-69d9ad9dd99a5afe6df17a5c-6820-6829.mp4"
2279,"1","Knee-down Right","2026-04-21T23:18:45.532850Z",2277,1.272,"2026-04-21T23:18:45.532859Z","/data/local-files/?d=downloads/pitch-pix-69d9ad9dd99a5afe6df17a5c-6837-6845.mp4"
2280,"1","Knee-down Right","2026-04-21T23:18:48.320113Z",2278,2.614,"2026-04-21T23:18:48.320137Z","/data/local-files/?d=downloads/pitch-pix-69d9ad9dd99a5afe6df17a5c-7936-7950.mp4"
2281,"1","Knee-down Right","2026-04-21T23:18:50.264783Z",2279,1.737,"2026-04-21T23:18:50.264803Z","/data/local-files/?d=downloads/pitch-pix-69d9ad9dd99a5afe6df17a5c-7957-7974.mp4"
2282,"1","Knee-down Right","2026-04-21T23:18:56.218594Z",2280,5.753,"2026-04-21T23:18:56.218612Z","/data/local-files/?d=downloads/pitch-pix-69d9ad9dd99a5afe6df17a5c-7980-8014.mp4"
2283,"1","Knee-down Right","2026-04-21T23:18:58.984117Z",2281,2.566,"2026-04-21T23:18:58.984135Z","/data/local-files/?d=downloads/pitch-pix-69d9ad9dd99a5afe6df17a5c-8038-8047.mp4"
2284,"1","Knee-down Right","2026-04-21T23:19:01.461453Z",2282,2.295,"2026-04-21T23:19:01.461468Z","/data/local-files/?d=downloads/pitch-pix-69d9ad9dd99a5afe6df17a5c-8052-8065.mp4"
2285,"1","Knee-down Right","2026-04-21T23:24:03.679020Z",2283,301.541,"2026-04-21T23:24:03.679028Z","/data/local-files/?d=downloads/pitch-pix-69d9ad9dd99a5afe6df17a5c-8070-8085.mp4"
2286,"1","Knee-down Right","2026-04-21T23:24:07.062343Z",2284,3.198,"2026-04-21T23:24:07.062362Z","/data/local-files/?d=downloads/pitch-pix-69d9ad9dd99a5afe6df17a5c-8106-8117.mp4"
2287,"1","Knee-down Right","2026-04-21T23:24:10.542717Z",2285,3.268,"2026-04-21T23:24:10.542737Z","/data/local-files/?d=downloads/pitch-pix-69d9ad9dd99a5afe6df17a5c-8121-8134.mp4"
2288,"1","Knee-down Right","2026-04-21T23:24:12.663878Z",2286,1.915,"2026-04-21T23:24:12.663898Z","/data/local-files/?d=downloads/pitch-pix-69d9ad9dd99a5afe6df17a5c-8144-8154.mp4"
2289,"1","Knee-down Right","2026-04-21T23:45:59.123446Z",2287,1305.555,"2026-04-21T23:45:59.123455Z","/data/local-files/?d=downloads/pitch-pix-69d9ad9dd99a5afe6df17a5c-8158-8172.mp4"
2290,"1","Knee-down Right","2026-04-21T23:46:00.929366Z",2288,1.618,"2026-04-21T23:46:00.929388Z","/data/local-files/?d=downloads/pitch-pix-69d9ad9dd99a5afe6df17a5c-8180-8191.mp4"
2291,"1","Knee-down Right","2026-04-21T23:46:03.699322Z",2289,2.561,"2026-04-21T23:46:03.699338Z","/data/local-files/?d=downloads/pitch-pix-69d9ad9dd99a5afe6df17a5c-8445-8457.mp4"
2292,"1","Knee-down Right","2026-04-21T23:46:06.822053Z",2290,2.946,"2026-04-21T23:46:06.822074Z","/data/local-files/?d=downloads/pitch-pix-69d9ad9dd99a5afe6df17a5c-8480-8498.mp4"
2293,"1","Knee-down Right","2026-04-21T23:46:10.417619Z",2291,3.419,"2026-04-21T23:46:10.417639Z","/data/local-files/?d=downloads/pitch-pix-69d9ad9dd99a5afe6df17a5c-8542-8557.mp4"
2294,"1","Knee-down Right","2026-04-21T23:46:12.397199Z",2292,1.795,"2026-04-21T23:46:12.397213Z","/data/local-files/?d=downloads/pitch-pix-69d9ad9dd99a5afe6df17a5c-8568-8578.mp4"
2295,"1","Knee-down Right","2026-04-21T23:46:15.162433Z",2293,2.582,"2026-04-21T23:46:15.162452Z","/data/local-files/?d=downloads/pitch-pix-69d9ad9dd99a5afe6df17a5c-8586-8599.mp4"
2296,"1","Knee-down Right","2026-04-21T23:46:16.728618Z",2294,1.325,"2026-04-21T23:46:16.728641Z","/data/local-files/?d=downloads/pitch-pix-69d9ad9dd99a5afe6df17a5c-8611-8624.mp4"
2297,"1","Knee-down Right","2026-04-21T23:46:18.263408Z",2295,1.335,"2026-04-21T23:46:18.263426Z","/data/local-files/?d=downloads/pitch-pix-69d9ad9dd99a5afe6df17a5c-8630-8643.mp4"
2298,"1","Knee-down Right","2026-04-21T23:46:21.175921Z",2296,2.694,"2026-04-21T23:46:21.175938Z","/data/local-files/?d=downloads/pitch-pix-69d9ad9dd99a5afe6df17a5c-8792-8805.mp4"
2299,"1","Knee-down Right","2026-04-21T23:46:24.586337Z",2297,3.229,"2026-04-21T23:46:24.586351Z","/data/local-files/?d=downloads/pitch-pix-69d9ad9dd99a5afe6df17a5c-8808-8824.mp4"
2300,"1","Knee-down Right","2026-04-21T23:46:26.017779Z",2298,1.254,"2026-04-21T23:46:26.017796Z","/data/local-files/?d=downloads/pitch-pix-69d9ad9dd99a5afe6df17a5c-9051-9063.mp4"
2301,"1","Knee-down Right","2026-04-21T23:46:27.447706Z",2299,1.255,"2026-04-21T23:46:27.447721Z","/data/local-files/?d=downloads/pitch-pix-69d9ad9dd99a5afe6df17a5c-9071-9080.mp4"
2302,"1","Knee-down Right","2026-04-21T23:46:28.803935Z",2300,1.155,"2026-04-21T23:46:28.803958Z","/data/local-files/?d=downloads/pitch-pix-69d9ad9dd99a5afe6df17a5c-9089-9101.mp4"
2303,"1","Knee-down Right","2026-04-21T23:46:30.189724Z",2301,1.205,"2026-04-21T23:46:30.189743Z","/data/local-files/?d=downloads/pitch-pix-69d9ad9dd99a5afe6df17a5c-9112-9120.mp4"
2304,"1","Knee-down Right","2026-04-21T23:46:31.455093Z",2302,1.097,"2026-04-21T23:46:31.455113Z","/data/local-files/?d=downloads/pitch-pix-69d9ad9dd99a5afe6df17a5c-9128-9137.mp4"
2305,"1","Knee-down Right","2026-04-21T23:46:34.043780Z",2303,2.399,"2026-04-21T23:46:34.043798Z","/data/local-files/?d=downloads/pitch-pix-69d9ad9dd99a5afe6df17a5c-9141-9160.mp4"
2306,"1","Knee-down Right","2026-04-21T23:46:36.960521Z",2304,2.726,"2026-04-21T23:46:36.960538Z","/data/local-files/?d=downloads/pitch-pix-69d9ad9dd99a5afe6df17a5c-9205-9216.mp4"
2307,"1","Knee-down Right","2026-04-21T23:46:38.523004Z",2305,1.381,"2026-04-21T23:46:38.523019Z","/data/local-files/?d=downloads/pitch-pix-69d9ad9dd99a5afe6df17a5c-9227-9243.mp4"
2308,"1","Knee-down Right","2026-04-21T23:46:41.355269Z",2306,2.649,"2026-04-21T23:46:41.355291Z","/data/local-files/?d=downloads/pitch-pix-69d9ad9dd99a5afe6df17a5c-9776-9789.mp4"
2309,"1","Knee-down Right","2026-04-21T23:46:42.864083Z",2307,1.32,"2026-04-21T23:46:42.864107Z","/data/local-files/?d=downloads/pitch-pix-69d9ad9dd99a5afe6df17a5c-9793-9806.mp4"
2310,"1","Knee-down Right","2026-04-21T23:46:44.346313Z",2308,1.288,"2026-04-21T23:46:44.346332Z","/data/local-files/?d=downloads/pitch-pix-69d9ad9dd99a5afe6df17a5c-9831-9845.mp4"
2311,"1","Knee-down Right","2026-04-21T23:46:45.639018Z",2309,1.114,"2026-04-21T23:46:45.639029Z","/data/local-files/?d=downloads/pitch-pix-69d9ad9dd99a5afe6df17a5c-9853-9863.mp4"
2312,"1","Knee-down Right","2026-04-21T23:46:46.871127Z",2310,1.09,"2026-04-21T23:46:46.871143Z","/data/local-files/?d=downloads/pitch-pix-69d9ad9dd99a5afe6df17a5c-9870-9880.mp4"
2313,"1","Knee-down Right","2026-04-21T23:46:48.320070Z",2311,1.257,"2026-04-21T23:46:48.320094Z","/data/local-files/?d=downloads/pitch-pix-69d9ad9dd99a5afe6df17a5c-9902-9914.mp4"
2314,"1","Knee-down Right","2026-04-21T23:46:50.873196Z",2312,2.304,"2026-04-21T23:46:50.873211Z","/data/local-files/?d=downloads/pitch-pix-69d9ad9dd99a5afe6df17a5c-9924-9933.mp4"
2315,"1","Knee-down Right","2026-04-21T23:46:52.407169Z",2313,1.337,"2026-04-21T23:46:52.407193Z","/data/local-files/?d=downloads/pitch-pix-69d9ad9dd99a5afe6df17a5c-9938-9952.mp4"
2316,"1","Knee-down Right","2026-04-21T23:46:54.875696Z",2314,2.272,"2026-04-21T23:46:54.875713Z","/data/local-files/?d=downloads/pitch-pix-69d9ad9dd99a5afe6df17a5c-9972-9985.mp4"
2317,"1","Knee-down Right","2026-04-21T23:46:56.506969Z",2315,1.422,"2026-04-21T23:46:56.506993Z","/data/local-files/?d=downloads/pitch-pix-69d9ad9dd99a5afe6df17a5c-9992-10003.mp4"
2318,"1","Knee-down Right","2026-04-21T23:46:59.082428Z",2316,2.377,"2026-04-21T23:46:59.082443Z","/data/local-files/?d=downloads/pitch-pix-69dac444c53c2af72698827e-1018-1038.mp4"
2319,"1","Knee-down Right","2026-04-21T23:47:59.626021Z",2317,107.31699999999998,"2026-04-21T23:49:08.309232Z","/data/local-files/?d=downloads/pitch-pix-69dac444c53c2af72698827e-1076-1091.mp4"
2320,"1","Knee-down Right","2026-04-21T23:49:19.738042Z",2318,3.366,"2026-04-21T23:49:19.738057Z","/data/local-files/?d=downloads/pitch-pix-69dac444c53c2af72698827e-1093-1110.mp4"
2321,"1","Knee-down Right","2026-04-21T23:49:26.632519Z",2319,6.721,"2026-04-21T23:49:26.632533Z","/data/local-files/?d=downloads/pitch-pix-69dac444c53c2af72698827e-1114-1131.mp4"
2322,"1","Knee-down Right","2026-04-21T23:49:28.252348Z",2320,1.435,"2026-04-21T23:49:28.252365Z","/data/local-files/?d=downloads/pitch-pix-69dac444c53c2af72698827e-1133-1151.mp4"
2323,"1","Knee-down Right","2026-04-21T23:49:30.502023Z",2321,1.986,"2026-04-21T23:49:30.502032Z","/data/local-files/?d=downloads/pitch-pix-69dac444c53c2af72698827e-1154-1175.mp4"
2324,"1","Knee-down Right","2026-04-21T23:49:35.641340Z",2322,4.974,"2026-04-21T23:49:35.641357Z","/data/local-files/?d=downloads/pitch-pix-69dac444c53c2af72698827e-1181-1207.mp4"
2325,"1","Knee-down Right","2026-04-21T23:49:39.584025Z",2323,3.76,"2026-04-21T23:49:39.584040Z","/data/local-files/?d=downloads/pitch-pix-69dac444c53c2af72698827e-1219-1238.mp4"
2326,"1","Knee-down Right","2026-04-21T23:49:41.651531Z",2324,1.892,"2026-04-21T23:49:41.651546Z","/data/local-files/?d=downloads/pitch-pix-69dac444c53c2af72698827e-1240-1259.mp4"
2327,"1","Knee-down Right","2026-04-21T23:49:43.634022Z",2325,1.8,"2026-04-21T23:49:43.634041Z","/data/local-files/?d=downloads/pitch-pix-69dac444c53c2af72698827e-1262-1283.mp4"
2328,"1","Knee-down Right","2026-04-21T23:49:45.375889Z",2326,1.554,"2026-04-21T23:49:45.375907Z","/data/local-files/?d=downloads/pitch-pix-69dac444c53c2af72698827e-1288-1310.mp4"
2329,"1","Knee-down Right","2026-04-21T23:49:47.199010Z",2327,1.613,"2026-04-21T23:49:47.199031Z","/data/local-files/?d=downloads/pitch-pix-69dac444c53c2af72698827e-1393-1411.mp4"
2330,"1","Knee-down Right","2026-04-21T23:49:48.754688Z",2328,1.373,"2026-04-21T23:49:48.754709Z","/data/local-files/?d=downloads/pitch-pix-69dac444c53c2af72698827e-1415-1431.mp4"
2331,"1","Knee-down Right","2026-04-21T23:49:51.856963Z",2329,2.922,"2026-04-21T23:49:51.856980Z","/data/local-files/?d=downloads/pitch-pix-69dac444c53c2af72698827e-1434-1452.mp4"
2332,"1","Knee-down Right","2026-04-21T23:49:54.170123Z",2330,2.126,"2026-04-21T23:49:54.170138Z","/data/local-files/?d=downloads/pitch-pix-69dac444c53c2af72698827e-1463-1481.mp4"
2333,"1","Knee-down Right","2026-04-21T23:49:55.719106Z",2331,1.365,"2026-04-21T23:49:55.719126Z","/data/local-files/?d=downloads/pitch-pix-69dac444c53c2af72698827e-1484-1504.mp4"
2334,"1","Knee-down Right","2026-04-21T23:49:57.466040Z",2332,1.564,"2026-04-21T23:49:57.466059Z","/data/local-files/?d=downloads/pitch-pix-69dac444c53c2af72698827e-1516-1533.mp4"
2335,"1","Knee-down Right","2026-04-21T23:49:59.293432Z",2333,1.637,"2026-04-21T23:49:59.293452Z","/data/local-files/?d=downloads/pitch-pix-69dac444c53c2af72698827e-1535-1553.mp4"
2336,"1","Knee-down Right","2026-04-21T23:50:00.924698Z",2334,1.449,"2026-04-21T23:50:00.924713Z","/data/local-files/?d=downloads/pitch-pix-69dac444c53c2af72698827e-1555-1575.mp4"
2337,"1","Knee-down Right","2026-04-21T23:50:02.628272Z",2335,1.525,"2026-04-21T23:50:02.628290Z","/data/local-files/?d=downloads/pitch-pix-69dac444c53c2af72698827e-1584-1606.mp4"
2338,"1","Knee-down Right","2026-04-21T23:50:04.150138Z",2336,1.329,"2026-04-21T23:50:04.150153Z","/data/local-files/?d=downloads/pitch-pix-69dac444c53c2af72698827e-1636-1652.mp4"
2339,"1","Knee-down Right","2026-04-21T23:50:05.939038Z",2337,1.589,"2026-04-21T23:50:05.939056Z","/data/local-files/?d=downloads/pitch-pix-69dac444c53c2af72698827e-1654-1668.mp4"
2340,"1","Knee-down Right","2026-04-21T23:50:08.026178Z",2338,1.906,"2026-04-21T23:50:08.026198Z","/data/local-files/?d=downloads/pitch-pix-69dac444c53c2af72698827e-1670-1689.mp4"
2341,"1","Knee-down Right","2026-04-21T23:50:09.864442Z",2339,1.649,"2026-04-21T23:50:09.864460Z","/data/local-files/?d=downloads/pitch-pix-69dac444c53c2af72698827e-1692-1711.mp4"
2342,"1","Knee-down Right","2026-04-21T23:50:12.626524Z",2340,2.574,"2026-04-21T23:50:12.626538Z","/data/local-files/?d=downloads/pitch-pix-69dac444c53c2af72698827e-1731-1750.mp4"
2343,"1","Knee-down Right","2026-04-21T23:50:15.042580Z",2341,2.23,"2026-04-21T23:50:15.042598Z","/data/local-files/?d=downloads/pitch-pix-69dac444c53c2af72698827e-1761-1797.mp4"
2344,"1","Knee-down Right","2026-04-21T23:50:16.643244Z",2342,1.386,"2026-04-21T23:50:16.643266Z","/data/local-files/?d=downloads/pitch-pix-69dac444c53c2af72698827e-1815-1829.mp4"
2345,"1","Knee-down Right","2026-04-21T23:50:18.293217Z",2343,1.44,"2026-04-21T23:50:18.293232Z","/data/local-files/?d=downloads/pitch-pix-69dac444c53c2af72698827e-1831-1850.mp4"
2346,"1","Knee-down Right","2026-04-21T23:50:19.861895Z",2344,1.355,"2026-04-21T23:50:19.861910Z","/data/local-files/?d=downloads/pitch-pix-69dac444c53c2af72698827e-1852-1869.mp4"
2347,"1","Knee-down Right","2026-04-21T23:50:23.460667Z",2345,3.415,"2026-04-21T23:50:23.460683Z","/data/local-files/?d=downloads/pitch-pix-69dac444c53c2af72698827e-2900-2918.mp4"
2348,"1","Knee-down Right","2026-04-21T23:50:25.948701Z",2346,2.302,"2026-04-21T23:50:25.948719Z","/data/local-files/?d=downloads/pitch-pix-69dac444c53c2af72698827e-2921-2939.mp4"
2349,"1","Knee-down Right","2026-04-21T23:50:28.463459Z",2347,2.334,"2026-04-21T23:50:28.463478Z","/data/local-files/?d=downloads/pitch-pix-69dac444c53c2af72698827e-2976-2995.mp4"
2350,"1","Knee-down Right","2026-04-21T23:50:30.247446Z",2348,1.587,"2026-04-21T23:50:30.247466Z","/data/local-files/?d=downloads/pitch-pix-69dac444c53c2af72698827e-3002-3022.mp4"
2351,"1","Knee-down Right","2026-04-21T23:50:31.822197Z",2349,1.381,"2026-04-21T23:50:31.822216Z","/data/local-files/?d=downloads/pitch-pix-69dac444c53c2af72698827e-3031-3049.mp4"
2352,"1","Knee-down Right","2026-04-21T23:50:33.899016Z",2350,1.895,"2026-04-21T23:50:33.899027Z","/data/local-files/?d=downloads/pitch-pix-69dac444c53c2af72698827e-3053-3073.mp4"
2353,"1","Knee-down Right","2026-04-21T23:50:35.374133Z",2351,1.315,"2026-04-21T23:50:35.374148Z","/data/local-files/?d=downloads/pitch-pix-69dac444c53c2af72698827e-3090-3106.mp4"
2354,"1","Knee-down Right","2026-04-21T23:50:37.337207Z",2352,1.781,"2026-04-21T23:50:37.337225Z","/data/local-files/?d=downloads/pitch-pix-69dac444c53c2af72698827e-3124-3141.mp4"
2355,"1","Knee-down Right","2026-04-21T23:50:40.056449Z",2353,2.538,"2026-04-21T23:50:40.056465Z","/data/local-files/?d=downloads/pitch-pix-69dac444c53c2af72698827e-3157-3175.mp4"
2356,"1","Knee-down Right","2026-04-21T23:50:41.543524Z",2354,1.289,"2026-04-21T23:50:41.543543Z","/data/local-files/?d=downloads/pitch-pix-69dac444c53c2af72698827e-3178-3196.mp4"
2357,"1","Knee-down Right","2026-04-21T23:50:43.123315Z",2355,1.394,"2026-04-21T23:50:43.123330Z","/data/local-files/?d=downloads/pitch-pix-69dac444c53c2af72698827e-3199-3217.mp4"
2358,"1","Knee-down Right","2026-04-21T23:50:44.610698Z",2356,1.3,"2026-04-21T23:50:44.610715Z","/data/local-files/?d=downloads/pitch-pix-69dac444c53c2af72698827e-3219-3239.mp4"
2359,"1","Knee-down Right","2026-04-21T23:50:46.085503Z",2357,1.292,"2026-04-21T23:50:46.085518Z","/data/local-files/?d=downloads/pitch-pix-69dac444c53c2af72698827e-3258-3275.mp4"
2360,"1","Knee-down Right","2026-04-21T23:50:47.557125Z",2358,1.299,"2026-04-21T23:50:47.557141Z","/data/local-files/?d=downloads/pitch-pix-69dac444c53c2af72698827e-3280-3299.mp4"
2361,"1","Knee-down Right","2026-04-21T23:50:51.659276Z",2359,3.918,"2026-04-21T23:50:51.659294Z","/data/local-files/?d=downloads/pitch-pix-69dac444c53c2af72698827e-3305-3328.mp4"
2362,"1","Knee-down Right","2026-04-21T23:50:54.744275Z",2360,2.877,"2026-04-21T23:50:54.744292Z","/data/local-files/?d=downloads/pitch-pix-69dac444c53c2af72698827e-3517-3537.mp4"
2363,"1","Knee-down Right","2026-04-21T23:50:58.831138Z",2361,3.901,"2026-04-21T23:50:58.831148Z","/data/local-files/?d=downloads/pitch-pix-69dac444c53c2af72698827e-3541-3558.mp4"
2364,"1","Knee-down Right","2026-04-21T23:51:01.520966Z",2362,2.538,"2026-04-21T23:51:01.520981Z","/data/local-files/?d=downloads/pitch-pix-69dac444c53c2af72698827e-3565-3581.mp4"
2365,"1","Knee-down Right","2026-04-21T23:51:03.201834Z",2363,1.478,"2026-04-21T23:51:03.201852Z","/data/local-files/?d=downloads/pitch-pix-69dac444c53c2af72698827e-3584-3599.mp4"
2366,"1","Knee-down Right","2026-04-21T23:51:04.821004Z",2364,1.403,"2026-04-21T23:51:04.821019Z","/data/local-files/?d=downloads/pitch-pix-69dac444c53c2af72698827e-4102-4114.mp4"
2367,"1","Knee-down Right","2026-04-21T23:51:06.449540Z",2365,1.443,"2026-04-21T23:51:06.449557Z","/data/local-files/?d=downloads/pitch-pix-69dac444c53c2af72698827e-4116-4131.mp4"
2368,"1","Knee-down Right","2026-04-21T23:51:07.824740Z",2366,1.175,"2026-04-21T23:51:07.824759Z","/data/local-files/?d=downloads/pitch-pix-69dac444c53c2af72698827e-4134-4148.mp4"
2369,"1","Knee-down Right","2026-04-21T23:51:09.397194Z",2367,1.376,"2026-04-21T23:51:09.397211Z","/data/local-files/?d=downloads/pitch-pix-69dac444c53c2af72698827e-4151-4167.mp4"
2370,"1","Knee-down Right","2026-04-21T23:51:10.668674Z",2368,1.088,"2026-04-21T23:51:10.668692Z","/data/local-files/?d=downloads/pitch-pix-69dac444c53c2af72698827e-4171-4190.mp4"
2371,"1","Knee-down Right","2026-04-21T23:51:13.124571Z",2369,2.249,"2026-04-21T23:51:13.124590Z","/data/local-files/?d=downloads/pitch-pix-69dac444c53c2af72698827e-4203-4217.mp4"
2372,"1","Knee-down Right","2026-04-21T23:51:14.616447Z",2370,1.285,"2026-04-21T23:51:14.616462Z","/data/local-files/?d=downloads/pitch-pix-69dac444c53c2af72698827e-4219-4236.mp4"
2373,"1","Knee-down Right","2026-04-21T23:51:18.738869Z",2371,3.925,"2026-04-21T23:51:18.738887Z","/data/local-files/?d=downloads/pitch-pix-69dac444c53c2af72698827e-4250-4285.mp4"
2374,"1","Knee-down Right","2026-04-21T23:51:20.466005Z",2372,1.542,"2026-04-21T23:51:20.466019Z","/data/local-files/?d=downloads/pitch-pix-69dac444c53c2af72698827e-4299-4316.mp4"
2375,"1","Knee-down Right","2026-04-21T23:51:22.906078Z",2373,2.261,"2026-04-21T23:51:22.906088Z","/data/local-files/?d=downloads/pitch-pix-69dac444c53c2af72698827e-4317-4335.mp4"
2376,"1","Knee-down Right","2026-04-21T23:51:25.922965Z",2374,2.868,"2026-04-21T23:51:25.922980Z","/data/local-files/?d=downloads/pitch-pix-69dac444c53c2af72698827e-4351-4368.mp4"
2377,"1","Knee-down Right","2026-04-21T23:51:28.408540Z",2375,2.307,"2026-04-21T23:51:28.408558Z","/data/local-files/?d=downloads/pitch-pix-69dac444c53c2af72698827e-4386-4415.mp4"
2378,"1","Knee-down Right","2026-04-21T23:51:30.397219Z",2376,1.783,"2026-04-21T23:51:30.397238Z","/data/local-files/?d=downloads/pitch-pix-69dac444c53c2af72698827e-4441-4454.mp4"
2379,"1","Knee-down Right","2026-04-21T23:51:32.829470Z",2377,2.25,"2026-04-21T23:51:32.829479Z","/data/local-files/?d=downloads/pitch-pix-69dac444c53c2af72698827e-4457-4471.mp4"
2380,"1","Knee-down Right","2026-04-21T23:51:34.717648Z",2378,1.724,"2026-04-21T23:51:34.717665Z","/data/local-files/?d=downloads/pitch-pix-69dac444c53c2af72698827e-4473-4488.mp4"
2381,"1","Knee-down Right","2026-04-21T23:51:37.010347Z",2379,2.108,"2026-04-21T23:51:37.010362Z","/data/local-files/?d=downloads/pitch-pix-69dac444c53c2af72698827e-4490-4505.mp4"
2382,"1","Knee-down Right","2026-04-21T23:51:39.065072Z",2380,1.856,"2026-04-21T23:51:39.065094Z","/data/local-files/?d=downloads/pitch-pix-69dac444c53c2af72698827e-4509-4528.mp4"
2383,"1","Knee-down Right","2026-04-21T23:51:40.525254Z",2381,1.265,"2026-04-21T23:51:40.525282Z","/data/local-files/?d=downloads/pitch-pix-69dac444c53c2af72698827e-4549-4564.mp4"
2384,"1","Knee-down Right","2026-04-21T23:51:42.017762Z",2382,1.3,"2026-04-21T23:51:42.017778Z","/data/local-files/?d=downloads/pitch-pix-69dac444c53c2af72698827e-4630-4650.mp4"
2385,"1","Knee-down Right","2026-04-21T23:51:44.650242Z",2383,2.439,"2026-04-21T23:51:44.650259Z","/data/local-files/?d=downloads/pitch-pix-69dac444c53c2af72698827e-5102-5117.mp4"
2386,"1","Knee-down Right","2026-04-21T23:51:46.480527Z",2384,1.632,"2026-04-21T23:51:46.480548Z","/data/local-files/?d=downloads/pitch-pix-69dac444c53c2af72698827e-5118-5131.mp4"
2387,"1","Knee-down Right","2026-04-21T23:51:47.926037Z",2385,1.254,"2026-04-21T23:51:47.926046Z","/data/local-files/?d=downloads/pitch-pix-69dac444c53c2af72698827e-5133-5147.mp4"
2388,"1","Knee-down Right","2026-04-21T23:51:49.741397Z",2386,1.578,"2026-04-21T23:51:49.741415Z","/data/local-files/?d=downloads/pitch-pix-69dac444c53c2af72698827e-5149-5166.mp4"
2389,"1","Knee-down Right","2026-04-21T23:51:51.244256Z",2387,1.309,"2026-04-21T23:51:51.244274Z","/data/local-files/?d=downloads/pitch-pix-69dac444c53c2af72698827e-5181-5194.mp4"
2390,"1","Knee-down Right","2026-04-21T23:51:52.647359Z",2388,1.215,"2026-04-21T23:51:52.647368Z","/data/local-files/?d=downloads/pitch-pix-69dac444c53c2af72698827e-5195-5210.mp4"
2391,"1","Knee-down Right","2026-04-21T23:51:57.513276Z",2389,4.705,"2026-04-21T23:51:57.513291Z","/data/local-files/?d=downloads/pitch-pix-69dac444c53c2af72698827e-5213-5229.mp4"
2392,"1","Knee-down Right","2026-04-21T23:51:59.999240Z",2390,2.276,"2026-04-21T23:51:59.999261Z","/data/local-files/?d=downloads/pitch-pix-69dac444c53c2af72698827e-5231-5246.mp4"
2393,"1","Knee-down Right","2026-04-21T23:52:01.554964Z",2391,1.336,"2026-04-21T23:52:01.554981Z","/data/local-files/?d=downloads/pitch-pix-69dac444c53c2af72698827e-5247-5261.mp4"
2394,"1","Knee-down Right","2026-04-21T23:52:03.123032Z",2392,1.367,"2026-04-21T23:52:03.123050Z","/data/local-files/?d=downloads/pitch-pix-69dac444c53c2af72698827e-5263-5282.mp4"
2395,"1","Knee-down Right","2026-04-21T23:52:06.164945Z",2393,2.837,"2026-04-21T23:52:06.164960Z","/data/local-files/?d=downloads/pitch-pix-69dac444c53c2af72698827e-5299-5314.mp4"
2396,"1","Knee-down Right","2026-04-21T23:52:08.698357Z",2394,2.348,"2026-04-21T23:52:08.698373Z","/data/local-files/?d=downloads/pitch-pix-69dac444c53c2af72698827e-5316-5332.mp4"
2397,"1","Knee-down Right","2026-04-21T23:52:10.275141Z",2395,1.384,"2026-04-21T23:52:10.275160Z","/data/local-files/?d=downloads/pitch-pix-69dac444c53c2af72698827e-5333-5352.mp4"
2398,"1","Knee-down Right","2026-04-21T23:52:13.222872Z",2396,2.754,"2026-04-21T23:52:13.222889Z","/data/local-files/?d=downloads/pitch-pix-69dac444c53c2af72698827e-5784-5802.mp4"
2399,"1","Knee-down Right","2026-04-21T23:52:15.715894Z",2397,2.309,"2026-04-21T23:52:15.715914Z","/data/local-files/?d=downloads/pitch-pix-69dac444c53c2af72698827e-5814-5828.mp4"
2400,"1","Knee-down Right","2026-04-21T23:52:18.419572Z",2398,2.491,"2026-04-21T23:52:18.419589Z","/data/local-files/?d=downloads/pitch-pix-69dac444c53c2af72698827e-5828-5845.mp4"
2401,"1","Knee-down Right","2026-04-21T23:52:20.869602Z",2399,2.251,"2026-04-21T23:52:20.869619Z","/data/local-files/?d=downloads/pitch-pix-69dac444c53c2af72698827e-5847-5863.mp4"
2402,"1","Knee-down Right","2026-04-21T23:52:23.086142Z",2400,2.021,"2026-04-21T23:52:23.086166Z","/data/local-files/?d=downloads/pitch-pix-69dac444c53c2af72698827e-5865-5880.mp4"
2403,"1","Knee-down Right","2026-04-21T23:52:25.843550Z",2401,2.541,"2026-04-21T23:52:25.843570Z","/data/local-files/?d=downloads/pitch-pix-69dac444c53c2af72698827e-5893-5913.mp4"
2404,"1","Knee-down Right","2026-04-21T23:52:27.423918Z",2402,1.384,"2026-04-21T23:52:27.423940Z","/data/local-files/?d=downloads/pitch-pix-69dac444c53c2af72698827e-5925-5940.mp4"
2405,"1","Knee-down Right","2026-04-21T23:52:29.882127Z",2403,2.264,"2026-04-21T23:52:29.882147Z","/data/local-files/?d=downloads/pitch-pix-69dac444c53c2af72698827e-5942-5963.mp4"
2406,"1","Knee-down Right","2026-04-21T23:52:32.513592Z",2404,2.435,"2026-04-21T23:52:32.513602Z","/data/local-files/?d=downloads/pitch-pix-69dac444c53c2af72698827e-5987-6008.mp4"
2407,"1","Knee-down Right","2026-04-21T23:52:35.357177Z",2405,2.668,"2026-04-21T23:52:35.357193Z","/data/local-files/?d=downloads/pitch-pix-69dac444c53c2af72698827e-6038-6083.mp4"
2408,"1","Knee-down Right","2026-04-21T23:52:37.312137Z",2406,1.745,"2026-04-21T23:52:37.312160Z","/data/local-files/?d=downloads/pitch-pix-69dac444c53c2af72698827e-6329-6344.mp4"
2409,"1","Knee-down Right","2026-04-21T23:52:38.755274Z",2407,1.262,"2026-04-21T23:52:38.755292Z","/data/local-files/?d=downloads/pitch-pix-69dac444c53c2af72698827e-6345-6361.mp4"
2410,"1","Knee-down Right","2026-04-21T23:52:40.982269Z",2408,2.024,"2026-04-21T23:52:40.982286Z","/data/local-files/?d=downloads/pitch-pix-69dac444c53c2af72698827e-6363-6385.mp4"
2411,"1","Knee-down Right","2026-04-21T23:52:44.687834Z",2409,3.511,"2026-04-21T23:52:44.687850Z","/data/local-files/?d=downloads/pitch-pix-69dac444c53c2af72698827e-6405-6425.mp4"
2412,"1","Knee-down Right","2026-04-21T23:52:47.181017Z",2410,2.304,"2026-04-21T23:52:47.181039Z","/data/local-files/?d=downloads/pitch-pix-69dac444c53c2af72698827e-6447-6460.mp4"
2413,"1","Knee-down Right","2026-04-21T23:52:48.797262Z",2411,1.407,"2026-04-21T23:52:48.797279Z","/data/local-files/?d=downloads/pitch-pix-69dac444c53c2af72698827e-6463-6481.mp4"
2414,"1","Knee-down Right","2026-04-21T23:52:51.801060Z",2412,2.812,"2026-04-21T23:52:51.801083Z","/data/local-files/?d=downloads/pitch-pix-69dac444c53c2af72698827e-6483-6501.mp4"
2415,"1","Knee-down Right","2026-04-21T23:52:53.499737Z",2413,1.538,"2026-04-21T23:52:53.499750Z","/data/local-files/?d=downloads/pitch-pix-69dac444c53c2af72698827e-6506-6534.mp4"
2416,"1","Knee-down Right","2026-04-21T23:52:54.960417Z",2414,1.255,"2026-04-21T23:52:54.960433Z","/data/local-files/?d=downloads/pitch-pix-69dac444c53c2af72698827e-6983-6997.mp4"
2417,"1","Knee-down Right","2026-04-21T23:52:56.760722Z",2415,1.622,"2026-04-21T23:52:56.760730Z","/data/local-files/?d=downloads/pitch-pix-69dac444c53c2af72698827e-6999-7018.mp4"
2418,"1","Knee-down Right","2026-04-21T23:52:59.704996Z",2416,2.786,"2026-04-21T23:52:59.705015Z","/data/local-files/?d=downloads/pitch-pix-69dac444c53c2af72698827e-7036-7050.mp4"
2419,"1","Knee-down Right","2026-04-21T23:53:01.232112Z",2417,1.324,"2026-04-21T23:53:01.232130Z","/data/local-files/?d=downloads/pitch-pix-69dac444c53c2af72698827e-7052-7071.mp4"
2420,"1","Knee-down Right","2026-04-21T23:53:02.530691Z",2418,1.116,"2026-04-21T23:53:02.530707Z","/data/local-files/?d=downloads/pitch-pix-69dac444c53c2af72698827e-7075-7091.mp4"
2421,"1","Knee-down Right","2026-04-21T23:53:03.857407Z",2419,1.135,"2026-04-21T23:53:03.857423Z","/data/local-files/?d=downloads/pitch-pix-69dac444c53c2af72698827e-7094-7113.mp4"
2422,"1","Knee-down Right","2026-04-21T23:53:05.745649Z",2420,1.7,"2026-04-21T23:53:05.745665Z","/data/local-files/?d=downloads/pitch-pix-69dac444c53c2af72698827e-7117-7137.mp4"
2423,"1","Knee-down Right","2026-04-21T23:53:07.128831Z",2421,1.174,"2026-04-21T23:53:07.128851Z","/data/local-files/?d=downloads/pitch-pix-69dac444c53c2af72698827e-7188-7204.mp4"
2424,"1","Knee-down Right","2026-04-21T23:53:08.578059Z",2422,1.235,"2026-04-21T23:53:08.578075Z","/data/local-files/?d=downloads/pitch-pix-69dac444c53c2af72698827e-7207-7228.mp4"
2425,"1","Knee-down Right","2026-04-21T23:53:10.035643Z",2423,1.267,"2026-04-21T23:53:10.035660Z","/data/local-files/?d=downloads/pitch-pix-69dac444c53c2af72698827e-7239-7259.mp4"
2426,"1","Knee-down Right","2026-04-21T23:53:11.495621Z",2424,1.268,"2026-04-21T23:53:11.495634Z","/data/local-files/?d=downloads/pitch-pix-69dac444c53c2af72698827e-7277-7294.mp4"
2427,"1","Knee-down Right","2026-04-21T23:53:14.784160Z",2425,3.124,"2026-04-21T23:53:14.784176Z","/data/local-files/?d=downloads/pitch-pix-69dac444c53c2af72698827e-7310-7330.mp4"
2428,"1","Knee-down Right","2026-04-21T23:53:20.077629Z",2426,5.097,"2026-04-21T23:53:20.077647Z","/data/local-files/?d=downloads/pitch-pix-69dac444c53c2af72698827e-7333-7352.mp4"
2429,"1","Knee-down Right","2026-04-21T23:53:23.261919Z",2427,3.004,"2026-04-21T23:53:23.261930Z","/data/local-files/?d=downloads/pitch-pix-69dac444c53c2af72698827e-7358-7381.mp4"
2430,"1","Knee-down Right","2026-04-21T23:53:27.202383Z",2428,3.769,"2026-04-21T23:53:27.202399Z","/data/local-files/?d=downloads/pitch-pix-69dac444c53c2af72698827e-7387-7404.mp4"
2431,"1","Knee-down Right","2026-04-21T23:53:28.653664Z",2429,1.263,"2026-04-21T23:53:28.653681Z","/data/local-files/?d=downloads/pitch-pix-69dac444c53c2af72698827e-7408-7425.mp4"
2432,"1","Knee-down Right","2026-04-21T23:53:30.032257Z",2430,1.189,"2026-04-21T23:53:30.032274Z","/data/local-files/?d=downloads/pitch-pix-69dac444c53c2af72698827e-7429-7446.mp4"
2433,"1","Knee-down Right","2026-04-21T23:53:31.366258Z",2431,1.138,"2026-04-21T23:53:31.366267Z","/data/local-files/?d=downloads/pitch-pix-69dac444c53c2af72698827e-7449-7477.mp4"
2434,"1","Knee-down Right","2026-04-21T23:53:32.551772Z",2432,0.983,"2026-04-21T23:53:32.551788Z","/data/local-files/?d=downloads/pitch-pix-69dac444c53c2af72698827e-7485-7505.mp4"
2435,"1","Knee-down Right","2026-04-21T23:53:33.866563Z",2433,1.126,"2026-04-21T23:53:33.866580Z","/data/local-files/?d=downloads/pitch-pix-69dac444c53c2af72698827e-7512-7530.mp4"
2436,"1","Knee-down Right","2026-04-21T23:53:35.209732Z",2434,1.133,"2026-04-21T23:53:35.209748Z","/data/local-files/?d=downloads/pitch-pix-69dac444c53c2af72698827e-7533-7551.mp4"
2437,"1","Knee-down Right","2026-04-21T23:53:36.638739Z",2435,1.198,"2026-04-21T23:53:36.638756Z","/data/local-files/?d=downloads/pitch-pix-69dac444c53c2af72698827e-7588-7602.mp4"
2438,"1","Knee-down Right","2026-04-21T23:53:39.589485Z",2436,2.757,"2026-04-21T23:53:39.589501Z","/data/local-files/?d=downloads/pitch-pix-69dac444c53c2af72698827e-7604-7621.mp4"
2439,"1","Knee-down Right","2026-04-21T23:53:42.777088Z",2437,2.987,"2026-04-21T23:53:42.777106Z","/data/local-files/?d=downloads/pitch-pix-69dac444c53c2af72698827e-7627-7642.mp4"
2440,"1","Knee-down Right","2026-04-21T23:53:48.421930Z",2438,5.429,"2026-04-21T23:53:48.421948Z","/data/local-files/?d=downloads/pitch-pix-69dac444c53c2af72698827e-7643-7662.mp4"
2441,"1","Knee-down Right","2026-04-21T23:53:51.284224Z",2439,2.673,"2026-04-21T23:53:51.284241Z","/data/local-files/?d=downloads/pitch-pix-69dac444c53c2af72698827e-7666-7686.mp4"
2442,"1","Knee-down Right","2026-04-21T23:53:55.730288Z",2440,4.237,"2026-04-21T23:53:55.730299Z","/data/local-files/?d=downloads/pitch-pix-69dac444c53c2af72698827e-7698-7728.mp4"
2443,"1","Knee-down Right","2026-04-21T23:54:00.887607Z",2441,5.001,"2026-04-21T23:54:00.887617Z","/data/local-files/?d=downloads/pitch-pix-69dac444c53c2af72698827e-7735-7755.mp4"
2444,"1","Knee-down Right","2026-04-21T23:54:05.936283Z",2442,4.866,"2026-04-21T23:54:05.936300Z","/data/local-files/?d=downloads/pitch-pix-69dac444c53c2af72698827e-7757-7793.mp4"
2445,"1","Knee-down Right","2026-04-21T23:54:08.434002Z",2443,2.279,"2026-04-21T23:54:08.434020Z","/data/local-files/?d=downloads/pitch-pix-69dac444c53c2af72698827e-7987-8000.mp4"
2446,"1","Knee-down Right","2026-04-21T23:54:10.960076Z",2444,2.325,"2026-04-21T23:54:10.960091Z","/data/local-files/?d=downloads/pitch-pix-69dac444c53c2af72698827e-8003-8016.mp4"
2447,"1","Knee-down Right","2026-04-21T23:54:12.339581Z",2445,1.188,"2026-04-21T23:54:12.339596Z","/data/local-files/?d=downloads/pitch-pix-69dac444c53c2af72698827e-8018-8029.mp4"
2448,"1","Knee-down Right","2026-04-21T23:54:14.810820Z",2446,2.273,"2026-04-21T23:54:14.810835Z","/data/local-files/?d=downloads/pitch-pix-69dac444c53c2af72698827e-8031-8046.mp4"
2449,"1","Knee-down Right","2026-04-21T23:54:18.616972Z",2447,3.614,"2026-04-21T23:54:18.616987Z","/data/local-files/?d=downloads/pitch-pix-69dac444c53c2af72698827e-8049-8064.mp4"
2450,"1","Knee-down Right","2026-04-21T23:54:20.962134Z",2448,2.144,"2026-04-21T23:54:20.962146Z","/data/local-files/?d=downloads/pitch-pix-69dac444c53c2af72698827e-805-821.mp4"
2451,"1","Knee-down Right","2026-04-21T23:54:23.795816Z",2449,2.637,"2026-04-21T23:54:23.795832Z","/data/local-files/?d=downloads/pitch-pix-69dac444c53c2af72698827e-8069-8086.mp4"
2452,"1","Knee-down Right","2026-04-21T23:54:26.907086Z",2450,2.911,"2026-04-21T23:54:26.907103Z","/data/local-files/?d=downloads/pitch-pix-69dac444c53c2af72698827e-823-839.mp4"
2453,"1","Knee-down Right","2026-04-21T23:54:28.467895Z",2451,1.347,"2026-04-21T23:54:28.467919Z","/data/local-files/?d=downloads/pitch-pix-69dac444c53c2af72698827e-841-858.mp4"
2454,"1","Knee-down Right","2026-04-21T23:54:29.898695Z",2452,1.233,"2026-04-21T23:54:29.898704Z","/data/local-files/?d=downloads/pitch-pix-69dac444c53c2af72698827e-861-876.mp4"
2455,"1","Knee-down Right","2026-04-21T23:54:31.334565Z",2453,1.266,"2026-04-21T23:54:31.334580Z","/data/local-files/?d=downloads/pitch-pix-69dac444c53c2af72698827e-877-896.mp4"
2456,"1","Knee-down Right","2026-04-21T23:54:32.741501Z",2454,1.205,"2026-04-21T23:54:32.741517Z","/data/local-files/?d=downloads/pitch-pix-69dc041a0d3443f1469e419d-10025-10038.mp4"
2457,"1","Knee-down Right","2026-04-21T23:54:34.343070Z",2455,1.385,"2026-04-21T23:54:34.343087Z","/data/local-files/?d=downloads/pitch-pix-69dc041a0d3443f1469e419d-1159-1167.mp4"
2458,"1","Knee-down Right","2026-04-21T23:54:35.835682Z",2456,1.273,"2026-04-21T23:54:35.835699Z","/data/local-files/?d=downloads/pitch-pix-69dc041a0d3443f1469e419d-1174-1182.mp4"
2459,"1","Knee-down Right","2026-04-21T23:54:37.190231Z",2457,1.114,"2026-04-21T23:54:37.190252Z","/data/local-files/?d=downloads/pitch-pix-69dc041a0d3443f1469e419d-1248-1257.mp4"
2460,"1","Knee-down Right","2026-04-21T23:54:38.720908Z",2458,1.297,"2026-04-21T23:54:38.720925Z","/data/local-files/?d=downloads/pitch-pix-69dc041a0d3443f1469e419d-1269-1279.mp4"
2461,"1","Knee-down Right","2026-04-21T23:54:40.359740Z",2459,1.422,"2026-04-21T23:54:40.359757Z","/data/local-files/?d=downloads/pitch-pix-69dc041a0d3443f1469e419d-1374-1387.mp4"
2462,"1","Knee-down Right","2026-04-21T23:54:41.883362Z",2460,1.315,"2026-04-21T23:54:41.883378Z","/data/local-files/?d=downloads/pitch-pix-69dc041a0d3443f1469e419d-1415-1424.mp4"
2463,"1","Knee-down Right","2026-04-21T23:54:44.537543Z",2461,2.447,"2026-04-21T23:54:44.537557Z","/data/local-files/?d=downloads/pitch-pix-69dc041a0d3443f1469e419d-1434-1443.mp4"
2464,"1","Knee-down Right","2026-04-21T23:54:46.030297Z",2462,1.321,"2026-04-21T23:54:46.030315Z","/data/local-files/?d=downloads/pitch-pix-69dc041a0d3443f1469e419d-1465-1477.mp4"
2465,"1","Knee-down Right","2026-04-21T23:54:47.442996Z",2463,1.197,"2026-04-21T23:54:47.443013Z","/data/local-files/?d=downloads/pitch-pix-69dc041a0d3443f1469e419d-2096-2103.mp4"
2466,"1","Knee-down Right","2026-04-21T23:54:48.992639Z",2464,1.3,"2026-04-21T23:54:48.992660Z","/data/local-files/?d=downloads/pitch-pix-69dc041a0d3443f1469e419d-2109-2118.mp4"
2467,"1","Knee-down Right","2026-04-21T23:54:50.492185Z",2465,1.27,"2026-04-21T23:54:50.492200Z","/data/local-files/?d=downloads/pitch-pix-69dc041a0d3443f1469e419d-2142-2150.mp4"
2468,"1","Knee-down Right","2026-04-21T23:54:51.868426Z",2466,1.153,"2026-04-21T23:54:51.868445Z","/data/local-files/?d=downloads/pitch-pix-69dc041a0d3443f1469e419d-2157-2165.mp4"
2469,"1","Knee-down Right","2026-04-21T23:54:53.998766Z",2467,1.928,"2026-04-21T23:54:53.998783Z","/data/local-files/?d=downloads/pitch-pix-69dc041a0d3443f1469e419d-2169-2179.mp4"
2470,"1","Knee-down Right","2026-04-21T23:54:58.568482Z",2468,4.356,"2026-04-21T23:54:58.568501Z","/data/local-files/?d=downloads/pitch-pix-69dc041a0d3443f1469e419d-2191-2200.mp4"
2471,"1","Knee-down Right","2026-04-21T23:55:00.999038Z",2469,2.217,"2026-04-21T23:55:00.999053Z","/data/local-files/?d=downloads/pitch-pix-69dc041a0d3443f1469e419d-2208-2217.mp4"
2472,"1","Knee-down Right","2026-04-21T23:55:02.344543Z",2470,1.119,"2026-04-21T23:55:02.344557Z","/data/local-files/?d=downloads/pitch-pix-69dc041a0d3443f1469e419d-2256-2265.mp4"
2473,"1","Knee-down Right","2026-04-21T23:55:03.709146Z",2471,1.134,"2026-04-21T23:55:03.709162Z","/data/local-files/?d=downloads/pitch-pix-69dc041a0d3443f1469e419d-2271-2280.mp4"
2474,"1","Knee-down Right","2026-04-21T23:55:06.422708Z",2472,2.449,"2026-04-21T23:55:06.422722Z","/data/local-files/?d=downloads/pitch-pix-69dc041a0d3443f1469e419d-2288-2298.mp4"
2475,"1","Knee-down Right","2026-04-21T23:55:09.397193Z",2473,2.751,"2026-04-21T23:55:09.397203Z","/data/local-files/?d=downloads/pitch-pix-69dc041a0d3443f1469e419d-2328-2337.mp4"
2476,"1","Knee-down Right","2026-04-21T23:55:12.178017Z",2474,2.568,"2026-04-21T23:55:12.178036Z","/data/local-files/?d=downloads/pitch-pix-69dc041a0d3443f1469e419d-2347-2360.mp4"
2477,"1","Knee-down Right","2026-04-21T23:55:14.050630Z",2475,1.65,"2026-04-21T23:55:14.050652Z","/data/local-files/?d=downloads/pitch-pix-69dc041a0d3443f1469e419d-2984-2994.mp4"
2478,"1","Knee-down Right","2026-04-21T23:55:19.703642Z",2476,5.464,"2026-04-21T23:55:19.703657Z","/data/local-files/?d=downloads/pitch-pix-69dc041a0d3443f1469e419d-3003-3012.mp4"
2479,"1","Knee-down Right","2026-04-21T23:55:21.261854Z",2477,1.324,"2026-04-21T23:55:21.261872Z","/data/local-files/?d=downloads/pitch-pix-69dc041a0d3443f1469e419d-3017-3026.mp4"
2480,"1","Knee-down Right","2026-04-21T23:55:38.607823Z",2478,17.113,"2026-04-21T23:55:38.607841Z","/data/local-files/?d=downloads/pitch-pix-69dc041a0d3443f1469e419d-3031-3040.mp4"
2481,"1","Knee-down Right","2026-04-21T23:55:40.300963Z",2479,1.469,"2026-04-21T23:55:40.300983Z","/data/local-files/?d=downloads/pitch-pix-69dc041a0d3443f1469e419d-3044-3055.mp4"
2482,"1","Knee-down Right","2026-04-21T23:55:43.872830Z",2480,3.36,"2026-04-21T23:55:43.872845Z","/data/local-files/?d=downloads/pitch-pix-69dc041a0d3443f1469e419d-3075-3084.mp4"
2483,"1","Knee-down Right","2026-04-21T23:55:46.593770Z",2481,2.488,"2026-04-21T23:55:46.593787Z","/data/local-files/?d=downloads/pitch-pix-69dc041a0d3443f1469e419d-3089-3097.mp4"
2484,"1","Knee-down Right","2026-04-21T23:55:48.122833Z",2482,1.299,"2026-04-21T23:55:48.122849Z","/data/local-files/?d=downloads/pitch-pix-69dc041a0d3443f1469e419d-3123-3131.mp4"
2485,"1","Knee-down Right","2026-04-21T23:55:52.126651Z",2483,3.77,"2026-04-21T23:55:52.126667Z","/data/local-files/?d=downloads/pitch-pix-69dc041a0d3443f1469e419d-3135-3147.mp4"
2486,"1","Knee-down Right","2026-04-21T23:55:54.437944Z",2484,2.069,"2026-04-21T23:55:54.437958Z","/data/local-files/?d=downloads/pitch-pix-69dc041a0d3443f1469e419d-3172-3180.mp4"
2487,"1","Knee-down Right","2026-04-21T23:55:57.582745Z",2485,2.902,"2026-04-21T23:55:57.582762Z","/data/local-files/?d=downloads/pitch-pix-69dc041a0d3443f1469e419d-3187-3195.mp4"
2488,"1","Knee-down Right","2026-04-21T23:55:59.660885Z",2486,1.804,"2026-04-21T23:55:59.660899Z","/data/local-files/?d=downloads/pitch-pix-69dc041a0d3443f1469e419d-3203-3212.mp4"
2489,"1","Knee-down Right","2026-04-21T23:56:02.069149Z",2487,2.16,"2026-04-21T23:56:02.069175Z","/data/local-files/?d=downloads/pitch-pix-69dc041a0d3443f1469e419d-3220-3231.mp4"
2490,"1","Knee-down Right","2026-04-21T23:56:04.491722Z",2488,2.089,"2026-04-21T23:56:04.491740Z","/data/local-files/?d=downloads/pitch-pix-69dc041a0d3443f1469e419d-3678-3685.mp4"
2491,"1","Knee-down Left","2026-04-21T23:56:07.121739Z",2489,2.412,"2026-04-21T23:56:07.121756Z","/data/local-files/?d=downloads/pitch-pix-69dc041a0d3443f1469e419d-3711-3719.mp4"
2492,"1","Knee-down Right","2026-04-21T23:56:10.455527Z",2490,3.093,"2026-04-21T23:56:10.455541Z","/data/local-files/?d=downloads/pitch-pix-69dc041a0d3443f1469e419d-3739-3748.mp4"
2493,"1","Knee-down Right","2026-04-21T23:56:12.191421Z",2491,1.532,"2026-04-21T23:56:12.191436Z","/data/local-files/?d=downloads/pitch-pix-69dc041a0d3443f1469e419d-3773-3782.mp4"
2494,"1","Knee-down Right","2026-04-21T23:56:16.202983Z",2492,3.801,"2026-04-21T23:56:16.203001Z","/data/local-files/?d=downloads/pitch-pix-69dc041a0d3443f1469e419d-3862-3871.mp4"
2495,"1","Knee-down Right","2026-04-21T23:56:17.737543Z",2493,1.33,"2026-04-21T23:56:17.737560Z","/data/local-files/?d=downloads/pitch-pix-69dc041a0d3443f1469e419d-3874-3884.mp4"
2496,"1","Knee-down Right","2026-04-21T23:56:20.029509Z",2494,2.064,"2026-04-21T23:56:20.029526Z","/data/local-files/?d=downloads/pitch-pix-69dc041a0d3443f1469e419d-3891-3901.mp4"
2497,"1","Knee-down Right","2026-04-21T23:56:21.515603Z",2495,1.247,"2026-04-21T23:56:21.515618Z","/data/local-files/?d=downloads/pitch-pix-69dc041a0d3443f1469e419d-3921-3932.mp4"
2498,"1","Knee-down Right","2026-04-21T23:56:23.816261Z",2496,2.087,"2026-04-21T23:56:23.816271Z","/data/local-files/?d=downloads/pitch-pix-69dc041a0d3443f1469e419d-4423-4432.mp4"
2499,"1","Knee-down Right","2026-04-21T23:56:25.525134Z",2497,1.489,"2026-04-21T23:56:25.525150Z","/data/local-files/?d=downloads/pitch-pix-69dc041a0d3443f1469e419d-4437-4446.mp4"
2500,"1","Knee-down Right","2026-04-21T23:56:27.491945Z",2498,1.758,"2026-04-21T23:56:27.491959Z","/data/local-files/?d=downloads/pitch-pix-69dc041a0d3443f1469e419d-4469-4478.mp4"
2501,"1","Knee-down Right","2026-04-21T23:56:29.678355Z",2499,1.763,"2026-04-21T23:56:29.678363Z","/data/local-files/?d=downloads/pitch-pix-69dc041a0d3443f1469e419d-4483-4492.mp4"
2502,"1","Knee-down Right","2026-04-21T23:56:30.993801Z",2500,1.068,"2026-04-21T23:56:30.993818Z","/data/local-files/?d=downloads/pitch-pix-69dc041a0d3443f1469e419d-4513-4522.mp4"
2503,"1","Knee-down Right","2026-04-21T23:56:32.468130Z",2501,1.238,"2026-04-21T23:56:32.468145Z","/data/local-files/?d=downloads/pitch-pix-69dc041a0d3443f1469e419d-4532-4542.mp4"
2504,"1","Knee-down Right","2026-04-21T23:56:33.896721Z",2502,1.209,"2026-04-21T23:56:33.896738Z","/data/local-files/?d=downloads/pitch-pix-69dc041a0d3443f1469e419d-4553-4569.mp4"
2505,"1","Knee-down Right","2026-04-21T23:56:35.403246Z",2503,1.298,"2026-04-21T23:56:35.403265Z","/data/local-files/?d=downloads/pitch-pix-69dc041a0d3443f1469e419d-4596-4605.mp4"
2506,"1","Knee-down Right","2026-04-21T23:56:38.161808Z",2504,2.553,"2026-04-21T23:56:38.161818Z","/data/local-files/?d=downloads/pitch-pix-69dc041a0d3443f1469e419d-4612-4621.mp4"
2507,"1","Knee-down Right","2026-04-21T23:56:39.780838Z",2505,1.437,"2026-04-21T23:56:39.780856Z","/data/local-files/?d=downloads/pitch-pix-69dc041a0d3443f1469e419d-4629-4638.mp4"
2508,"1","Knee-down Right","2026-04-21T23:56:41.216734Z",2506,1.207,"2026-04-21T23:56:41.216749Z","/data/local-files/?d=downloads/pitch-pix-69dc041a0d3443f1469e419d-4652-4661.mp4"
2509,"1","Knee-down Right","2026-04-21T23:56:42.575920Z",2507,1.137,"2026-04-21T23:56:42.575938Z","/data/local-files/?d=downloads/pitch-pix-69dc041a0d3443f1469e419d-4674-4684.mp4"
2510,"1","Knee-down Right","2026-04-21T23:56:43.967606Z",2508,1.176,"2026-04-21T23:56:43.967622Z","/data/local-files/?d=downloads/pitch-pix-69dc041a0d3443f1469e419d-4691-4701.mp4"
2511,"1","Knee-down Right","2026-04-21T23:56:45.550915Z",2509,1.378,"2026-04-21T23:56:45.550931Z","/data/local-files/?d=downloads/pitch-pix-69dc041a0d3443f1469e419d-4747-4756.mp4"
2512,"1","Knee-down Right","2026-04-21T23:56:46.954072Z",2510,1.179,"2026-04-21T23:56:46.954091Z","/data/local-files/?d=downloads/pitch-pix-69dc041a0d3443f1469e419d-4766-4775.mp4"
2513,"1","Knee-down Right","2026-04-21T23:56:48.460570Z",2511,1.242,"2026-04-21T23:56:48.460587Z","/data/local-files/?d=downloads/pitch-pix-69dc041a0d3443f1469e419d-4790-4800.mp4"
2514,"1","Knee-down Right","2026-04-21T23:56:50.043680Z",2512,1.332,"2026-04-21T23:56:50.043698Z","/data/local-files/?d=downloads/pitch-pix-69dc041a0d3443f1469e419d-4812-4823.mp4"
2515,"1","Knee-down Right","2026-04-21T23:56:51.386825Z",2513,1.094,"2026-04-21T23:56:51.386841Z","/data/local-files/?d=downloads/pitch-pix-69dc041a0d3443f1469e419d-5324-5333.mp4"
2516,"1","Knee-down Right","2026-04-21T23:56:52.788986Z",2514,1.185,"2026-04-21T23:56:52.789000Z","/data/local-files/?d=downloads/pitch-pix-69dc041a0d3443f1469e419d-5338-5346.mp4"
2517,"1","Knee-down Right","2026-04-21T23:56:55.997104Z",2515,3.014,"2026-04-21T23:56:55.997121Z","/data/local-files/?d=downloads/pitch-pix-69dc041a0d3443f1469e419d-5389-5398.mp4"
2518,"1","Knee-down Right","2026-04-21T23:56:57.376982Z",2516,1.157,"2026-04-21T23:56:57.376999Z","/data/local-files/?d=downloads/pitch-pix-69dc041a0d3443f1469e419d-5611-5629.mp4"
2519,"1","Knee-down Right","2026-04-21T23:56:58.786181Z",2517,1.205,"2026-04-21T23:56:58.786197Z","/data/local-files/?d=downloads/pitch-pix-69dc041a0d3443f1469e419d-5671-5680.mp4"
2520,"1","Knee-down Right","2026-04-21T23:57:01.245140Z",2518,2.25,"2026-04-21T23:57:01.245155Z","/data/local-files/?d=downloads/pitch-pix-69dc041a0d3443f1469e419d-5707-5718.mp4"
2521,"1","Knee-down Right","2026-04-21T23:57:02.754337Z",2519,1.277,"2026-04-21T23:57:02.754350Z","/data/local-files/?d=downloads/pitch-pix-69dc041a0d3443f1469e419d-5733-5743.mp4"
2522,"1","Knee-down Right","2026-04-21T23:57:04.269681Z",2520,1.335,"2026-04-21T23:57:04.269697Z","/data/local-files/?d=downloads/pitch-pix-69dc041a0d3443f1469e419d-5754-5763.mp4"
2523,"1","Knee-down Right","2026-04-21T23:57:05.711739Z",2521,1.212,"2026-04-21T23:57:05.711756Z","/data/local-files/?d=downloads/pitch-pix-69dc041a0d3443f1469e419d-5793-5807.mp4"
2524,"1","Knee-down Right","2026-04-21T23:57:07.090712Z",2522,1.15,"2026-04-21T23:57:07.090731Z","/data/local-files/?d=downloads/pitch-pix-69dc041a0d3443f1469e419d-6603-6612.mp4"
2525,"1","Knee-down Right","2026-04-21T23:57:08.798009Z",2523,1.476,"2026-04-21T23:57:08.798026Z","/data/local-files/?d=downloads/pitch-pix-69dc041a0d3443f1469e419d-6619-6628.mp4"
2526,"1","Knee-down Right","2026-04-21T23:57:10.263369Z",2524,1.244,"2026-04-21T23:57:10.263384Z","/data/local-files/?d=downloads/pitch-pix-69dc041a0d3443f1469e419d-6656-6666.mp4"
2527,"1","Knee-down Right","2026-04-21T23:57:11.808211Z",2525,1.312,"2026-04-21T23:57:11.808229Z","/data/local-files/?d=downloads/pitch-pix-69dc041a0d3443f1469e419d-6678-6688.mp4"
2528,"1","Knee-down Right","2026-04-21T23:57:13.327844Z",2526,1.285,"2026-04-21T23:57:13.327856Z","/data/local-files/?d=downloads/pitch-pix-69dc041a0d3443f1469e419d-6710-6719.mp4"
2529,"1","Knee-down Right","2026-04-21T23:57:14.773797Z",2527,1.231,"2026-04-21T23:57:14.773815Z","/data/local-files/?d=downloads/pitch-pix-69dc041a0d3443f1469e419d-6727-6737.mp4"
2530,"1","Knee-down Right","2026-04-21T23:57:16.167892Z",2528,1.165,"2026-04-21T23:57:16.167909Z","/data/local-files/?d=downloads/pitch-pix-69dc041a0d3443f1469e419d-6745-6754.mp4"
2531,"1","Knee-down Right","2026-04-21T23:57:17.693099Z",2529,1.294,"2026-04-21T23:57:17.693116Z","/data/local-files/?d=downloads/pitch-pix-69dc041a0d3443f1469e419d-6763-6772.mp4"
2532,"1","Knee-down Right","2026-04-21T23:57:21.055822Z",2530,3.117,"2026-04-21T23:57:21.055839Z","/data/local-files/?d=downloads/pitch-pix-69dc041a0d3443f1469e419d-6782-6791.mp4"
2533,"1","Knee-down Right","2026-04-21T23:57:22.472166Z",2531,1.19,"2026-04-21T23:57:22.472176Z","/data/local-files/?d=downloads/pitch-pix-69dc041a0d3443f1469e419d-6803-6818.mp4"
2534,"1","Knee-down Right","2026-04-21T23:57:23.827503Z",2532,1.159,"2026-04-21T23:57:23.827522Z","/data/local-files/?d=downloads/pitch-pix-69dc041a0d3443f1469e419d-6845-6855.mp4"
2535,"1","Knee-down Right","2026-04-21T23:57:25.143254Z",2533,1.058,"2026-04-21T23:57:25.143277Z","/data/local-files/?d=downloads/pitch-pix-69dc041a0d3443f1469e419d-6862-6872.mp4"
2536,"1","Knee-down Right","2026-04-21T23:57:27.121806Z",2534,1.713,"2026-04-21T23:57:27.121817Z","/data/local-files/?d=downloads/pitch-pix-69dc041a0d3443f1469e419d-6880-6892.mp4"
2537,"1","Knee-down Right","2026-04-21T23:57:28.501194Z",2535,1.182,"2026-04-21T23:57:28.501211Z","/data/local-files/?d=downloads/pitch-pix-69dc041a0d3443f1469e419d-6912-6921.mp4"
2538,"1","Knee-down Right","2026-04-21T23:57:29.865233Z",2536,1.115,"2026-04-21T23:57:29.865249Z","/data/local-files/?d=downloads/pitch-pix-69dc041a0d3443f1469e419d-6931-6942.mp4"
2539,"1","Knee-down Right","2026-04-21T23:57:31.247613Z",2537,1.134,"2026-04-21T23:57:31.247630Z","/data/local-files/?d=downloads/pitch-pix-69dc041a0d3443f1469e419d-7603-7611.mp4"
2540,"1","Knee-down Right","2026-04-21T23:57:32.539560Z",2538,1.058,"2026-04-21T23:57:32.539570Z","/data/local-files/?d=downloads/pitch-pix-69dc041a0d3443f1469e419d-7618-7627.mp4"
2541,"1","Knee-down Right","2026-04-21T23:57:33.891213Z",2539,1.156,"2026-04-21T23:57:33.891230Z","/data/local-files/?d=downloads/pitch-pix-69dc041a0d3443f1469e419d-7645-7653.mp4"
2542,"1","Knee-down Right","2026-04-21T23:57:35.306693Z",2540,1.089,"2026-04-21T23:57:35.306702Z","/data/local-files/?d=downloads/pitch-pix-69dc041a0d3443f1469e419d-7676-7685.mp4"
2543,"1","Knee-down Right","2026-04-21T23:57:36.738150Z",2541,1.205,"2026-04-21T23:57:36.738171Z","/data/local-files/?d=downloads/pitch-pix-69dc041a0d3443f1469e419d-7695-7702.mp4"
2544,"1","Knee-down Right","2026-04-21T23:57:38.171010Z",2542,1.174,"2026-04-21T23:57:38.171028Z","/data/local-files/?d=downloads/pitch-pix-69dc041a0d3443f1469e419d-7712-7723.mp4"
2545,"1","Knee-down Right","2026-04-21T23:57:39.466823Z",2543,1.063,"2026-04-21T23:57:39.466837Z","/data/local-files/?d=downloads/pitch-pix-69dc041a0d3443f1469e419d-7736-7745.mp4"
2546,"1","Knee-down Right","2026-04-21T23:57:40.839712Z",2544,1.137,"2026-04-21T23:57:40.839729Z","/data/local-files/?d=downloads/pitch-pix-69dc041a0d3443f1469e419d-7755-7764.mp4"
2547,"1","Knee-down Right","2026-04-21T23:57:42.504969Z",2545,1.439,"2026-04-21T23:57:42.504979Z","/data/local-files/?d=downloads/pitch-pix-69dc041a0d3443f1469e419d-7775-7782.mp4"
2548,"1","Knee-down Right","2026-04-21T23:57:43.879659Z",2546,1.177,"2026-04-21T23:57:43.879676Z","/data/local-files/?d=downloads/pitch-pix-69dc041a0d3443f1469e419d-7810-7819.mp4"
2549,"1","Knee-down Right","2026-04-21T23:57:45.207783Z",2547,1.093,"2026-04-21T23:57:45.207805Z","/data/local-files/?d=downloads/pitch-pix-69dc041a0d3443f1469e419d-7828-7837.mp4"
2550,"1","Knee-down Right","2026-04-21T23:57:46.542298Z",2548,1.084,"2026-04-21T23:57:46.542313Z","/data/local-files/?d=downloads/pitch-pix-69dc041a0d3443f1469e419d-7850-7858.mp4"
2551,"1","Knee-down Right","2026-04-21T23:57:47.783282Z",2549,1.019,"2026-04-21T23:57:47.783292Z","/data/local-files/?d=downloads/pitch-pix-69dc041a0d3443f1469e419d-7870-7879.mp4"
2552,"1","Knee-down Right","2026-04-21T23:57:49.158080Z",2550,1.155,"2026-04-21T23:57:49.158098Z","/data/local-files/?d=downloads/pitch-pix-69dc041a0d3443f1469e419d-7892-7902.mp4"
2553,"1","Knee-down Right","2026-04-21T23:57:50.474926Z",2551,1.066,"2026-04-21T23:57:50.474941Z","/data/local-files/?d=downloads/pitch-pix-69dc041a0d3443f1469e419d-7913-7922.mp4"
2554,"1","Knee-down Right","2026-04-21T23:57:51.854569Z",2552,1.132,"2026-04-21T23:57:51.854589Z","/data/local-files/?d=downloads/pitch-pix-69dc041a0d3443f1469e419d-8194-8203.mp4"
2555,"1","Knee-down Right","2026-04-21T23:57:53.217854Z",2553,1.141,"2026-04-21T23:57:53.217869Z","/data/local-files/?d=downloads/pitch-pix-69dc041a0d3443f1469e419d-8213-8222.mp4"
2556,"1","Knee-down Right","2026-04-21T23:57:54.504583Z",2554,1.056,"2026-04-21T23:57:54.504604Z","/data/local-files/?d=downloads/pitch-pix-69dc041a0d3443f1469e419d-8237-8245.mp4"
2557,"1","Knee-down Right","2026-04-21T23:57:55.845086Z",2555,1.105,"2026-04-21T23:57:55.845106Z","/data/local-files/?d=downloads/pitch-pix-69dc041a0d3443f1469e419d-8257-8265.mp4"
2558,"1","Knee-down Right","2026-04-21T23:57:57.189785Z",2556,1.105,"2026-04-21T23:57:57.189800Z","/data/local-files/?d=downloads/pitch-pix-69dc041a0d3443f1469e419d-8278-8286.mp4"
2559,"1","Knee-down Right","2026-04-21T23:57:58.470927Z",2557,1.034,"2026-04-21T23:57:58.470947Z","/data/local-files/?d=downloads/pitch-pix-69dc041a0d3443f1469e419d-8296-8305.mp4"
2560,"1","Knee-down Right","2026-04-21T23:58:01.239556Z",2558,2.516,"2026-04-21T23:58:01.239573Z","/data/local-files/?d=downloads/pitch-pix-69dc041a0d3443f1469e419d-8333-8342.mp4"
2561,"1","Knee-down Right","2026-04-21T23:58:04.214558Z",2559,2.756,"2026-04-21T23:58:04.214576Z","/data/local-files/?d=downloads/pitch-pix-69dc041a0d3443f1469e419d-8349-8367.mp4"
2562,"1","Knee-down Right","2026-04-21T23:58:05.570212Z",2560,1.12,"2026-04-21T23:58:05.570228Z","/data/local-files/?d=downloads/pitch-pix-69dc041a0d3443f1469e419d-9362-9370.mp4"
2563,"1","Knee-down Right","2026-04-21T23:58:07.076081Z",2561,1.288,"2026-04-21T23:58:07.076092Z","/data/local-files/?d=downloads/pitch-pix-69dc041a0d3443f1469e419d-9392-9407.mp4"
2564,"1","Knee-down Right","2026-04-21T23:58:09.089064Z",2562,1.817,"2026-04-21T23:58:09.089079Z","/data/local-files/?d=downloads/pitch-pix-69dc041a0d3443f1469e419d-9432-9442.mp4"
2565,"1","Knee-down Right","2026-04-21T23:58:10.433825Z",2563,1.094,"2026-04-21T23:58:10.433843Z","/data/local-files/?d=downloads/pitch-pix-69dc041a0d3443f1469e419d-9496-9504.mp4"
2566,"1","Knee-down Right","2026-04-21T23:58:11.804500Z",2564,1.139,"2026-04-21T23:58:11.804515Z","/data/local-files/?d=downloads/pitch-pix-69dc041a0d3443f1469e419d-9515-9524.mp4"
2567,"1","Knee-down Right","2026-04-21T23:58:13.254677Z",2565,1.228,"2026-04-21T23:58:13.254695Z","/data/local-files/?d=downloads/pitch-pix-69dc041a0d3443f1469e419d-9532-9541.mp4"
2568,"1","Knee-down Right","2026-04-21T23:58:14.729973Z",2566,1.232,"2026-04-21T23:58:14.729984Z","/data/local-files/?d=downloads/pitch-pix-69dc041a0d3443f1469e419d-9550-9561.mp4"
2569,"1","Knee-down Right","2026-04-21T23:58:16.318461Z",2567,1.331,"2026-04-21T23:58:16.318478Z","/data/local-files/?d=downloads/pitch-pix-69dc041a0d3443f1469e419d-9576-9589.mp4"
2570,"1","Knee-down Right","2026-04-21T23:58:19.244962Z",2568,2.681,"2026-04-21T23:58:19.244978Z","/data/local-files/?d=downloads/pitch-pix-69dc041a0d3443f1469e419d-9619-9627.mp4"
2571,"1","Knee-down Right","2026-04-21T23:58:21.249617Z",2569,1.793,"2026-04-21T23:58:21.249627Z","/data/local-files/?d=downloads/pitch-pix-69dc041a0d3443f1469e419d-9636-9644.mp4"
2572,"1","Knee-down Right","2026-04-21T23:58:24.695596Z",2570,3.238,"2026-04-21T23:58:24.695614Z","/data/local-files/?d=downloads/pitch-pix-69dc041a0d3443f1469e419d-9654-9663.mp4"
2573,"1","Knee-down Right","2026-04-21T23:58:26.135462Z",2571,1.224,"2026-04-21T23:58:26.135485Z","/data/local-files/?d=downloads/pitch-pix-69dc041a0d3443f1469e419d-9675-9685.mp4"
2574,"1","Knee-down Right","2026-04-21T23:58:27.666824Z",2572,1.295,"2026-04-21T23:58:27.666840Z","/data/local-files/?d=downloads/pitch-pix-69dc041a0d3443f1469e419d-9708-9718.mp4"
2575,"1","Knee-down Right","2026-04-21T23:58:29.220903Z",2573,1.325,"2026-04-21T23:58:29.220919Z","/data/local-files/?d=downloads/pitch-pix-69dc041a0d3443f1469e419d-9746-9754.mp4"
2576,"1","Knee-down Right","2026-04-21T23:58:30.817568Z",2574,1.358,"2026-04-21T23:58:30.817582Z","/data/local-files/?d=downloads/pitch-pix-69dc041a0d3443f1469e419d-9767-9777.mp4"
2577,"1","Knee-down Right","2026-04-21T23:58:32.285360Z",2575,1.229,"2026-04-21T23:58:32.285379Z","/data/local-files/?d=downloads/pitch-pix-69dc041a0d3443f1469e419d-9789-9798.mp4"
2578,"1","Knee-down Right","2026-04-21T23:58:34.549875Z",2576,2.017,"2026-04-21T23:58:34.549891Z","/data/local-files/?d=downloads/pitch-pix-69dc041a0d3443f1469e419d-9809-9818.mp4"
2579,"1","Knee-down Right","2026-04-21T23:58:37.591596Z",2577,2.805,"2026-04-21T23:58:37.591611Z","/data/local-files/?d=downloads/pitch-pix-69dc041a0d3443f1469e419d-9831-9841.mp4"
2580,"1","Knee-down Right","2026-04-21T23:58:39.569978Z",2578,1.723,"2026-04-21T23:58:39.570002Z","/data/local-files/?d=downloads/pitch-pix-69dc041a0d3443f1469e419d-9936-9944.mp4"
2581,"1","Knee-down Right","2026-04-21T23:58:40.932851Z",2579,1.125,"2026-04-21T23:58:40.932867Z","/data/local-files/?d=downloads/pitch-pix-69dc041a0d3443f1469e419d-9953-9962.mp4"
2582,"1","Knee-down Right","2026-04-21T23:58:43.398015Z",2580,2.233,"2026-04-21T23:58:43.398032Z","/data/local-files/?d=downloads/pitch-pix-69dc041a0d3443f1469e419d-9974-9982.mp4"
2583,"1","Knee-down Right","2026-04-21T23:58:44.824716Z",2581,1.185,"2026-04-21T23:58:44.824734Z","/data/local-files/?d=downloads/pitch-pix-69dc041a0d3443f1469e419d-9992-10001.mp4"
2584,"1","Knee-down Right","2026-04-21T23:58:49.852406Z",2582,4.814,"2026-04-21T23:58:49.852415Z","/data/local-files/?d=downloads/pitch-pix-69dffdcf4623c9b557b9c32a-10053-10061.mp4"
2585,"1","Knee-down Right","2026-04-21T23:58:51.692410Z",2583,1.639,"2026-04-21T23:58:51.692429Z","/data/local-files/?d=downloads/pitch-pix-69dffdcf4623c9b557b9c32a-10070-10078.mp4"
2586,"1","Knee-down Right","2026-04-21T23:58:53.008017Z",2584,1.084,"2026-04-21T23:58:53.008037Z","/data/local-files/?d=downloads/pitch-pix-69dffdcf4623c9b557b9c32a-10104-10113.mp4"
2587,"1","Knee-down Right","2026-04-21T23:58:54.187976Z",2585,0.926,"2026-04-21T23:58:54.187994Z","/data/local-files/?d=downloads/pitch-pix-69dffdcf4623c9b557b9c32a-10120-10129.mp4"
2588,"1","Knee-down Right","2026-04-21T23:58:55.329735Z",2586,0.895,"2026-04-21T23:58:55.329751Z","/data/local-files/?d=downloads/pitch-pix-69dffdcf4623c9b557b9c32a-10140-10148.mp4"
2589,"1","Knee-down Right","2026-04-21T23:58:56.437509Z",2587,0.876,"2026-04-21T23:58:56.437521Z","/data/local-files/?d=downloads/pitch-pix-69dffdcf4623c9b557b9c32a-10156-10164.mp4"
2590,"1","Knee-down Right","2026-04-21T23:58:57.528447Z",2588,0.831,"2026-04-21T23:58:57.528463Z","/data/local-files/?d=downloads/pitch-pix-69dffdcf4623c9b557b9c32a-10233-10247.mp4"
2591,"1","Knee-down Right","2026-04-21T23:58:58.736879Z",2589,0.977,"2026-04-21T23:58:58.736897Z","/data/local-files/?d=downloads/pitch-pix-69dffdcf4623c9b557b9c32a-10267-10274.mp4"
2592,"1","Knee-down Right","2026-04-21T23:58:59.915773Z",2590,0.95,"2026-04-21T23:58:59.915788Z","/data/local-files/?d=downloads/pitch-pix-69dffdcf4623c9b557b9c32a-10282-10289.mp4"
2593,"1","Knee-down Right","2026-04-21T23:59:01.120249Z",2591,0.89,"2026-04-21T23:59:01.120258Z","/data/local-files/?d=downloads/pitch-pix-69dffdcf4623c9b557b9c32a-10297-10305.mp4"
2594,"1","Knee-down Right","2026-04-21T23:59:02.152767Z",2592,0.838,"2026-04-21T23:59:02.152785Z","/data/local-files/?d=downloads/pitch-pix-69dffdcf4623c9b557b9c32a-10316-10324.mp4"
2595,"1","Knee-down Right","2026-04-21T23:59:03.302494Z",2593,0.892,"2026-04-21T23:59:03.302513Z","/data/local-files/?d=downloads/pitch-pix-69dffdcf4623c9b557b9c32a-10330-10339.mp4"
2596,"1","Knee-down Right","2026-04-21T23:59:04.437304Z",2594,0.9,"2026-04-21T23:59:04.437320Z","/data/local-files/?d=downloads/pitch-pix-69dffdcf4623c9b557b9c32a-10348-10357.mp4"
2597,"1","Bad Video","2026-04-21T23:59:16.729514Z",2595,12.04,"2026-04-21T23:59:16.729532Z","/data/local-files/?d=downloads/pitch-pix-69dffdcf4623c9b557b9c32a-1043-1049.mp4"
2598,"1","Knee-down Right","2026-04-21T23:59:19.133967Z",2596,2.141,"2026-04-21T23:59:19.133984Z","/data/local-files/?d=downloads/pitch-pix-69dffdcf4623c9b557b9c32a-1055-1062.mp4"
2599,"1","Knee-down Right","2026-04-21T23:59:20.879736Z",2597,1.507,"2026-04-21T23:59:20.879754Z","/data/local-files/?d=downloads/pitch-pix-69dffdcf4623c9b557b9c32a-10555-10563.mp4"
2600,"1","Knee-down Right","2026-04-21T23:59:23.183703Z",2598,2.068,"2026-04-21T23:59:23.183721Z","/data/local-files/?d=downloads/pitch-pix-69dffdcf4623c9b557b9c32a-10573-10582.mp4"
2601,"1","Knee-down Right","2026-04-21T23:59:25.158050Z",2599,1.703,"2026-04-21T23:59:25.158066Z","/data/local-files/?d=downloads/pitch-pix-69dffdcf4623c9b557b9c32a-10590-10598.mp4"
2602,"1","Knee-down Right","2026-04-21T23:59:26.768767Z",2600,1.35,"2026-04-21T23:59:26.768782Z","/data/local-files/?d=downloads/pitch-pix-69dffdcf4623c9b557b9c32a-10608-10616.mp4"
2603,"1","Knee-down Right","2026-04-21T23:59:28.236321Z",2601,1.236,"2026-04-21T23:59:28.236338Z","/data/local-files/?d=downloads/pitch-pix-69dffdcf4623c9b557b9c32a-10642-10651.mp4"
2604,"1","Knee-down Right","2026-04-21T23:59:30.314064Z",2602,1.821,"2026-04-21T23:59:30.314078Z","/data/local-files/?d=downloads/pitch-pix-69dffdcf4623c9b557b9c32a-1070-1077.mp4"
2605,"1","Knee-down Right","2026-04-21T23:59:31.788528Z",2603,1.218,"2026-04-21T23:59:31.788545Z","/data/local-files/?d=downloads/pitch-pix-69dffdcf4623c9b557b9c32a-10724-10737.mp4"
2606,"1","Knee-down Right","2026-04-21T23:59:33.057960Z",2604,1.022,"2026-04-21T23:59:33.057976Z","/data/local-files/?d=downloads/pitch-pix-69dffdcf4623c9b557b9c32a-10790-10807.mp4"
2607,"1","Knee-down Right","2026-04-21T23:59:35.199501Z",2605,1.176,"2026-04-21T23:59:35.199519Z","/data/local-files/?d=downloads/pitch-pix-69dffdcf4623c9b557b9c32a-1085-1094.mp4"
2608,"1","Knee-down Right","2026-04-21T23:59:36.567983Z",2606,1.073,"2026-04-21T23:59:36.567993Z","/data/local-files/?d=downloads/pitch-pix-69dffdcf4623c9b557b9c32a-1104-1113.mp4"
2609,"1","Knee-down Right","2026-04-21T23:59:37.714852Z",2607,0.954,"2026-04-21T23:59:37.714872Z","/data/local-files/?d=downloads/pitch-pix-69dffdcf4623c9b557b9c32a-11571-11578.mp4"
2610,"1","Knee-down Right","2026-04-21T23:59:38.929809Z",2608,0.96,"2026-04-21T23:59:38.929825Z","/data/local-files/?d=downloads/pitch-pix-69dffdcf4623c9b557b9c32a-11587-11595.mp4"
2611,"1","Knee-down Right","2026-04-21T23:59:40.309229Z",2609,1.123,"2026-04-21T23:59:40.309246Z","/data/local-files/?d=downloads/pitch-pix-69dffdcf4623c9b557b9c32a-11604-11612.mp4"
2612,"1","Knee-down Right","2026-04-21T23:59:41.635937Z",2610,1.088,"2026-04-21T23:59:41.635957Z","/data/local-files/?d=downloads/pitch-pix-69dffdcf4623c9b557b9c32a-11718-11726.mp4"
2613,"1","Knee-down Right","2026-04-21T23:59:42.868486Z",2611,0.986,"2026-04-21T23:59:42.868504Z","/data/local-files/?d=downloads/pitch-pix-69dffdcf4623c9b557b9c32a-11734-11742.mp4"
2614,"1","Knee-down Right","2026-04-21T23:59:44.110459Z",2612,0.98,"2026-04-21T23:59:44.110484Z","/data/local-files/?d=downloads/pitch-pix-69dffdcf4623c9b557b9c32a-11750-11758.mp4"
2615,"1","Knee-down Right","2026-04-21T23:59:45.380602Z",2613,1.009,"2026-04-21T23:59:45.380620Z","/data/local-files/?d=downloads/pitch-pix-69dffdcf4623c9b557b9c32a-11767-11774.mp4"
2616,"1","Knee-down Right","2026-04-21T23:59:46.599245Z",2614,0.962,"2026-04-21T23:59:46.599266Z","/data/local-files/?d=downloads/pitch-pix-69dffdcf4623c9b557b9c32a-11806-11814.mp4"
2617,"1","Knee-down Right","2026-04-21T23:59:47.756381Z",2615,0.912,"2026-04-21T23:59:47.756403Z","/data/local-files/?d=downloads/pitch-pix-69dffdcf4623c9b557b9c32a-11821-11832.mp4"
2618,"1","Knee-down Right","2026-04-21T23:59:48.919051Z",2616,0.919,"2026-04-21T23:59:48.919071Z","/data/local-files/?d=downloads/pitch-pix-69dffdcf4623c9b557b9c32a-11839-11846.mp4"
2619,"1","Knee-down Right","2026-04-21T23:59:50.670069Z",2617,1.484,"2026-04-21T23:59:50.670083Z","/data/local-files/?d=downloads/pitch-pix-69dffdcf4623c9b557b9c32a-11862-11870.mp4"
2620,"1","Knee-down Right","2026-04-21T23:59:51.913984Z",2618,1.014,"2026-04-21T23:59:51.913994Z","/data/local-files/?d=downloads/pitch-pix-69dffdcf4623c9b557b9c32a-11880-11888.mp4"
2621,"1","Knee-down Right","2026-04-21T23:59:53.074308Z",2619,0.939,"2026-04-21T23:59:53.074325Z","/data/local-files/?d=downloads/pitch-pix-69dffdcf4623c9b557b9c32a-11915-11923.mp4"
2622,"1","Knee-down Right","2026-04-21T23:59:54.240348Z",2620,0.912,"2026-04-21T23:59:54.240365Z","/data/local-files/?d=downloads/pitch-pix-69dffdcf4623c9b557b9c32a-11932-11941.mp4"
2623,"1","Knee-down Right","2026-04-21T23:59:55.379411Z",2621,0.901,"2026-04-21T23:59:55.379428Z","/data/local-files/?d=downloads/pitch-pix-69dffdcf4623c9b557b9c32a-11949-11958.mp4"
2624,"1","Knee-down Right","2026-04-21T23:59:56.523401Z",2622,0.921,"2026-04-21T23:59:56.523417Z","/data/local-files/?d=downloads/pitch-pix-69dffdcf4623c9b557b9c32a-11987-11995.mp4"
2625,"1","Knee-down Right","2026-04-21T23:59:57.613243Z",2623,0.86,"2026-04-21T23:59:57.613258Z","/data/local-files/?d=downloads/pitch-pix-69dffdcf4623c9b557b9c32a-12003-12011.mp4"
2626,"1","Knee-down Right","2026-04-21T23:59:58.790711Z",2624,0.939,"2026-04-21T23:59:58.790720Z","/data/local-files/?d=downloads/pitch-pix-69dffdcf4623c9b557b9c32a-12019-12032.mp4"
2627,"1","Knee-down Right","2026-04-21T23:59:59.894220Z",2625,0.891,"2026-04-21T23:59:59.894237Z","/data/local-files/?d=downloads/pitch-pix-69dffdcf4623c9b557b9c32a-12063-12073.mp4"
2628,"1","Knee-down Right","2026-04-22T00:00:01.218734Z",2626,1.064,"2026-04-22T00:00:01.218751Z","/data/local-files/?d=downloads/pitch-pix-69dffdcf4623c9b557b9c32a-12077-12085.mp4"
2629,"1","Knee-down Right","2026-04-22T00:00:02.655198Z",2627,1.164,"2026-04-22T00:00:02.655214Z","/data/local-files/?d=downloads/pitch-pix-69dffdcf4623c9b557b9c32a-12093-12105.mp4"
2630,"1","Knee-down Right","2026-04-22T00:00:04.092518Z",2628,1.158,"2026-04-22T00:00:04.092534Z","/data/local-files/?d=downloads/pitch-pix-69dffdcf4623c9b557b9c32a-12126-12135.mp4"
2631,"1","Knee-down Right","2026-04-22T00:00:05.297597Z",2629,0.946,"2026-04-22T00:00:05.297614Z","/data/local-files/?d=downloads/pitch-pix-69dffdcf4623c9b557b9c32a-12141-12154.mp4"
2632,"1","Knee-down Right","2026-04-22T00:00:06.449062Z",2630,0.888,"2026-04-22T00:00:06.449078Z","/data/local-files/?d=downloads/pitch-pix-69dffdcf4623c9b557b9c32a-12173-12181.mp4"
2633,"1","Knee-down Right","2026-04-22T00:00:07.577503Z",2631,0.86,"2026-04-22T00:00:07.577520Z","/data/local-files/?d=downloads/pitch-pix-69dffdcf4623c9b557b9c32a-12190-12198.mp4"
2634,"1","Knee-down Right","2026-04-22T00:00:08.959842Z",2632,0.94,"2026-04-22T00:00:08.959858Z","/data/local-files/?d=downloads/pitch-pix-69dffdcf4623c9b557b9c32a-12210-12219.mp4"
2635,"1","Knee-down Right","2026-04-22T00:00:10.112430Z",2633,0.908,"2026-04-22T00:00:10.112451Z","/data/local-files/?d=downloads/pitch-pix-69dffdcf4623c9b557b9c32a-1965-1978.mp4"
2636,"1","Knee-down Right","2026-04-22T00:00:11.730785Z",2634,1.381,"2026-04-22T00:00:11.730803Z","/data/local-files/?d=downloads/pitch-pix-69dffdcf4623c9b557b9c32a-1998-2005.mp4"
2637,"1","Knee-down Right","2026-04-22T00:00:13.053930Z",2635,1.072,"2026-04-22T00:00:13.053948Z","/data/local-files/?d=downloads/pitch-pix-69dffdcf4623c9b557b9c32a-2012-2020.mp4"
2638,"1","Knee-down Right","2026-04-22T00:00:14.317371Z",2636,1.0,"2026-04-22T00:00:14.317388Z","/data/local-files/?d=downloads/pitch-pix-69dffdcf4623c9b557b9c32a-2025-2032.mp4"
2639,"1","Knee-down Right","2026-04-22T00:00:15.535290Z",2637,0.961,"2026-04-22T00:00:15.535310Z","/data/local-files/?d=downloads/pitch-pix-69dffdcf4623c9b557b9c32a-2038-2045.mp4"
2640,"1","Knee-down Right","2026-04-22T00:00:16.689842Z",2638,0.915,"2026-04-22T00:00:16.689852Z","/data/local-files/?d=downloads/pitch-pix-69dffdcf4623c9b557b9c32a-2050-2060.mp4"
2641,"1","Knee-down Right","2026-04-22T00:00:17.814676Z",2639,0.923,"2026-04-22T00:00:17.814697Z","/data/local-files/?d=downloads/pitch-pix-69dffdcf4623c9b557b9c32a-2065-2073.mp4"
2642,"1","Knee-down Right","2026-04-22T00:00:19.399231Z",2640,1.314,"2026-04-22T00:00:19.399248Z","/data/local-files/?d=downloads/pitch-pix-69dffdcf4623c9b557b9c32a-2083-2107.mp4"
2643,"1","Knee-down Right","2026-04-22T00:00:20.561722Z",2641,0.902,"2026-04-22T00:00:20.561737Z","/data/local-files/?d=downloads/pitch-pix-69dffdcf4623c9b557b9c32a-2325-2348.mp4"
2644,"1","Knee-down Right","2026-04-22T00:00:22.473933Z",2642,1.664,"2026-04-22T00:00:22.473949Z","/data/local-files/?d=downloads/pitch-pix-69dffdcf4623c9b557b9c32a-2374-2383.mp4"
2645,"1","Knee-down Right","2026-04-22T00:00:23.791726Z",2643,1.046,"2026-04-22T00:00:23.791741Z","/data/local-files/?d=downloads/pitch-pix-69dffdcf4623c9b557b9c32a-2386-2394.mp4"
2646,"1","Knee-down Right","2026-04-22T00:00:25.021410Z",2644,0.973,"2026-04-22T00:00:25.021426Z","/data/local-files/?d=downloads/pitch-pix-69dffdcf4623c9b557b9c32a-2405-2412.mp4"
2647,"1","Knee-down Right","2026-04-22T00:00:29.879212Z",2645,4.609,"2026-04-22T00:00:29.879227Z","/data/local-files/?d=downloads/pitch-pix-69dffdcf4623c9b557b9c32a-2423-2431.mp4"
2648,"1","Knee-down Left","2026-04-22T00:00:33.826342Z",2646,3.682,"2026-04-22T00:00:33.826361Z","/data/local-files/?d=downloads/pitch-pix-69dffdcf4623c9b557b9c32a-2444-2452.mp4"
2649,"1","Knee-down Right","2026-04-22T00:00:35.352808Z",2647,1.28,"2026-04-22T00:00:35.352823Z","/data/local-files/?d=downloads/pitch-pix-69dffdcf4623c9b557b9c32a-2461-2468.mp4"
2650,"1","Knee-down Right","2026-04-22T00:00:36.680295Z",2648,1.078,"2026-04-22T00:00:36.680326Z","/data/local-files/?d=downloads/pitch-pix-69dffdcf4623c9b557b9c32a-2479-2498.mp4"
2651,"1","Knee-down Right","2026-04-22T00:00:38.512764Z",2649,1.593,"2026-04-22T00:00:38.512779Z","/data/local-files/?d=downloads/pitch-pix-69dffdcf4623c9b557b9c32a-2513-2521.mp4"
2652,"1","Knee-down Right","2026-04-22T00:00:41.133089Z",2650,2.379,"2026-04-22T00:00:41.133099Z","/data/local-files/?d=downloads/pitch-pix-69dffdcf4623c9b557b9c32a-2527-2535.mp4"
2653,"1","Knee-down Right","2026-04-22T00:00:43.078625Z",2651,1.723,"2026-04-22T00:00:43.078642Z","/data/local-files/?d=downloads/pitch-pix-69dffdcf4623c9b557b9c32a-2542-2550.mp4"
2654,"1","Knee-down Right","2026-04-22T00:00:44.365790Z",2652,1.028,"2026-04-22T00:00:44.365811Z","/data/local-files/?d=downloads/pitch-pix-69dffdcf4623c9b557b9c32a-2556-2570.mp4"
2655,"1","Knee-down Right","2026-04-22T00:00:45.755973Z",2653,1.119,"2026-04-22T00:00:45.755988Z","/data/local-files/?d=downloads/pitch-pix-69dffdcf4623c9b557b9c32a-4138-4147.mp4"
2656,"1","Knee-down Right","2026-04-22T00:00:48.294215Z",2654,2.273,"2026-04-22T00:00:48.294237Z","/data/local-files/?d=downloads/pitch-pix-69dffdcf4623c9b557b9c32a-4151-4158.mp4"
2657,"1","Knee-down Right","2026-04-22T00:00:51.217572Z",2655,2.643,"2026-04-22T00:00:51.217592Z","/data/local-files/?d=downloads/pitch-pix-69dffdcf4623c9b557b9c32a-4170-4178.mp4"
2658,"1","Knee-down Right","2026-04-22T00:00:52.730443Z",2656,1.256,"2026-04-22T00:00:52.730461Z","/data/local-files/?d=downloads/pitch-pix-69dffdcf4623c9b557b9c32a-4185-4193.mp4"
2659,"1","Knee-down Right","2026-04-22T00:00:54.786864Z",2657,1.806,"2026-04-22T00:00:54.786881Z","/data/local-files/?d=downloads/pitch-pix-69dffdcf4623c9b557b9c32a-4201-4209.mp4"
2660,"1","Knee-down Right","2026-04-22T00:00:57.595532Z",2658,2.567,"2026-04-22T00:00:57.595547Z","/data/local-files/?d=downloads/pitch-pix-69dffdcf4623c9b557b9c32a-4214-4225.mp4"
2661,"1","Knee-down Right","2026-04-22T00:00:59.344011Z",2659,1.499,"2026-04-22T00:00:59.344030Z","/data/local-files/?d=downloads/pitch-pix-69dffdcf4623c9b557b9c32a-4247-4254.mp4"
2662,"1","Knee-down Right","2026-04-22T00:01:00.738903Z",2660,1.147,"2026-04-22T00:01:00.738924Z","/data/local-files/?d=downloads/pitch-pix-69dffdcf4623c9b557b9c32a-4259-4266.mp4"
2663,"1","Knee-down Right","2026-04-22T00:01:02.834853Z",2661,1.827,"2026-04-22T00:01:02.834871Z","/data/local-files/?d=downloads/pitch-pix-69dffdcf4623c9b557b9c32a-4272-4280.mp4"
2664,"1","Knee-down Right","2026-04-22T00:01:05.300979Z",2662,2.191,"2026-04-22T00:01:05.300990Z","/data/local-files/?d=downloads/pitch-pix-69dffdcf4623c9b557b9c32a-4292-4303.mp4"
2665,"1","Knee-down Right","2026-04-22T00:01:06.683911Z",2663,1.147,"2026-04-22T00:01:06.683929Z","/data/local-files/?d=downloads/pitch-pix-69dffdcf4623c9b557b9c32a-4339-4346.mp4"
2666,"1","Knee-down Right","2026-04-22T00:01:08.131787Z",2664,1.188,"2026-04-22T00:01:08.131797Z","/data/local-files/?d=downloads/pitch-pix-69dffdcf4623c9b557b9c32a-4355-4381.mp4"
2667,"1","Knee-down Right","2026-04-22T00:01:09.468952Z",2665,1.077,"2026-04-22T00:01:09.468970Z","/data/local-files/?d=downloads/pitch-pix-69dffdcf4623c9b557b9c32a-4398-4406.mp4"
2668,"1","Knee-down Right","2026-04-22T00:01:11.189902Z",2666,1.476,"2026-04-22T00:01:11.189919Z","/data/local-files/?d=downloads/pitch-pix-69dffdcf4623c9b557b9c32a-4412-4428.mp4"
2669,"1","Knee-down Right","2026-04-22T00:01:12.494089Z",2667,1.031,"2026-04-22T00:01:12.494108Z","/data/local-files/?d=downloads/pitch-pix-69dffdcf4623c9b557b9c32a-4444-4452.mp4"
2670,"1","Knee-down Right","2026-04-22T00:01:14.736595Z",2668,1.978,"2026-04-22T00:01:14.736614Z","/data/local-files/?d=downloads/pitch-pix-69dffdcf4623c9b557b9c32a-4458-4466.mp4"
2671,"1","Knee-down Right","2026-04-22T00:01:16.093172Z",2669,1.101,"2026-04-22T00:01:16.093192Z","/data/local-files/?d=downloads/pitch-pix-69dffdcf4623c9b557b9c32a-4474-4485.mp4"
2672,"1","Knee-down Right","2026-04-22T00:01:17.511544Z",2670,1.173,"2026-04-22T00:01:17.511561Z","/data/local-files/?d=downloads/pitch-pix-69dffdcf4623c9b557b9c32a-5150-5157.mp4"
2673,"1","Knee-down Right","2026-04-22T00:01:18.784778Z",2671,1.019,"2026-04-22T00:01:18.784799Z","/data/local-files/?d=downloads/pitch-pix-69dffdcf4623c9b557b9c32a-5163-5170.mp4"
2674,"1","Knee-down Right","2026-04-22T00:01:20.081630Z",2672,1.01,"2026-04-22T00:01:20.081640Z","/data/local-files/?d=downloads/pitch-pix-69dffdcf4623c9b557b9c32a-5178-5186.mp4"
2675,"1","Knee-down Right","2026-04-22T00:01:21.279716Z",2673,0.964,"2026-04-22T00:01:21.279733Z","/data/local-files/?d=downloads/pitch-pix-69dffdcf4623c9b557b9c32a-5196-5205.mp4"
2676,"1","Knee-down Right","2026-04-22T00:01:22.625030Z",2674,1.073,"2026-04-22T00:01:22.625047Z","/data/local-files/?d=downloads/pitch-pix-69dffdcf4623c9b557b9c32a-5214-5222.mp4"
2677,"1","Knee-down Right","2026-04-22T00:01:25.202711Z",2675,2.328,"2026-04-22T00:01:25.202722Z","/data/local-files/?d=downloads/pitch-pix-69dffdcf4623c9b557b9c32a-5236-5244.mp4"
2678,"1","Knee-down Right","2026-04-22T00:01:26.951965Z",2676,1.516,"2026-04-22T00:01:26.951985Z","/data/local-files/?d=downloads/pitch-pix-69dffdcf4623c9b557b9c32a-5275-5286.mp4"
2679,"1","Knee-down Right","2026-04-22T00:01:28.130224Z",2677,0.932,"2026-04-22T00:01:28.130240Z","/data/local-files/?d=downloads/pitch-pix-69dffdcf4623c9b557b9c32a-5303-5312.mp4"
2680,"1","Knee-down Right","2026-04-22T00:01:29.374318Z",2678,0.979,"2026-04-22T00:01:29.374337Z","/data/local-files/?d=downloads/pitch-pix-69dffdcf4623c9b557b9c32a-5322-5330.mp4"
2681,"1","Knee-down Right","2026-04-22T00:01:30.670985Z",2679,1.028,"2026-04-22T00:01:30.671004Z","/data/local-files/?d=downloads/pitch-pix-69dffdcf4623c9b557b9c32a-5380-5390.mp4"
2682,"1","Knee-down Right","2026-04-22T00:01:31.868797Z",2680,0.923,"2026-04-22T00:01:31.868812Z","/data/local-files/?d=downloads/pitch-pix-69dffdcf4623c9b557b9c32a-5414-5423.mp4"
2683,"1","Knee-down Right","2026-04-22T00:01:34.301319Z",2681,2.164,"2026-04-22T00:01:34.301339Z","/data/local-files/?d=downloads/pitch-pix-69dffdcf4623c9b557b9c32a-5430-5439.mp4"
2684,"1","Knee-down Right","2026-04-22T00:01:35.561840Z",2682,0.996,"2026-04-22T00:01:35.561858Z","/data/local-files/?d=downloads/pitch-pix-69dffdcf4623c9b557b9c32a-5450-5458.mp4"
2685,"1","Knee-down Right","2026-04-22T00:01:36.810213Z",2683,0.981,"2026-04-22T00:01:36.810228Z","/data/local-files/?d=downloads/pitch-pix-69dffdcf4623c9b557b9c32a-5470-5478.mp4"
2686,"1","Knee-down Right","2026-04-22T00:01:39.586481Z",2684,2.495,"2026-04-22T00:01:39.586501Z","/data/local-files/?d=downloads/pitch-pix-69dffdcf4623c9b557b9c32a-548-555.mp4"
2687,"1","Knee-down Right","2026-04-22T00:01:40.897813Z",2685,1.033,"2026-04-22T00:01:40.897828Z","/data/local-files/?d=downloads/pitch-pix-69dffdcf4623c9b557b9c32a-5488-5496.mp4"
2688,"1","Knee-down Right","2026-04-22T00:01:42.303655Z",2686,1.135,"2026-04-22T00:01:42.303673Z","/data/local-files/?d=downloads/pitch-pix-69dffdcf4623c9b557b9c32a-5516-5524.mp4"
2689,"1","Knee-down Right","2026-04-22T00:01:43.590606Z",2687,1.018,"2026-04-22T00:01:43.590627Z","/data/local-files/?d=downloads/pitch-pix-69dffdcf4623c9b557b9c32a-5539-5549.mp4"
2690,"1","Knee-down Right","2026-04-22T00:01:44.849763Z",2688,1.001,"2026-04-22T00:01:44.849773Z","/data/local-files/?d=downloads/pitch-pix-69dffdcf4623c9b557b9c32a-5575-5583.mp4"
2691,"1","Knee-down Right","2026-04-22T00:01:46.122026Z",2689,1.044,"2026-04-22T00:01:46.122041Z","/data/local-files/?d=downloads/pitch-pix-69dffdcf4623c9b557b9c32a-5594-5607.mp4"
2692,"1","Knee-down Right","2026-04-22T00:01:47.341885Z",2690,0.968,"2026-04-22T00:01:47.341903Z","/data/local-files/?d=downloads/pitch-pix-69dffdcf4623c9b557b9c32a-564-572.mp4"
2693,"1","Knee-down Right","2026-04-22T00:01:48.602788Z",2691,1.02,"2026-04-22T00:01:48.602804Z","/data/local-files/?d=downloads/pitch-pix-69dffdcf4623c9b557b9c32a-580-592.mp4"
2694,"1","Knee-down Right","2026-04-22T00:01:49.930592Z",2692,0.984,"2026-04-22T00:01:49.930609Z","/data/local-files/?d=downloads/pitch-pix-69dffdcf4623c9b557b9c32a-606-614.mp4"
2695,"1","Knee-down Right","2026-04-22T00:01:51.602202Z",2693,1.392,"2026-04-22T00:01:51.602220Z","/data/local-files/?d=downloads/pitch-pix-69dffdcf4623c9b557b9c32a-623-631.mp4"
2696,"1","Knee-down Right","2026-04-22T00:01:52.906927Z",2694,1.053,"2026-04-22T00:01:52.906948Z","/data/local-files/?d=downloads/pitch-pix-69dffdcf4623c9b557b9c32a-6243-6250.mp4"
2697,"1","Knee-down Right","2026-04-22T00:01:54.125191Z",2695,0.971,"2026-04-22T00:01:54.125214Z","/data/local-files/?d=downloads/pitch-pix-69dffdcf4623c9b557b9c32a-6257-6265.mp4"
2698,"1","Knee-down Right","2026-04-22T00:01:55.400419Z",2696,0.992,"2026-04-22T00:01:55.400435Z","/data/local-files/?d=downloads/pitch-pix-69dffdcf4623c9b557b9c32a-6275-6283.mp4"
2699,"1","Knee-down Right","2026-04-22T00:01:56.561870Z",2697,0.913,"2026-04-22T00:01:56.561889Z","/data/local-files/?d=downloads/pitch-pix-69dffdcf4623c9b557b9c32a-6294-6303.mp4"
2700,"1","Knee-down Right","2026-04-22T00:01:57.720156Z",2698,0.903,"2026-04-22T00:01:57.720174Z","/data/local-files/?d=downloads/pitch-pix-69dffdcf4623c9b557b9c32a-6316-6324.mp4"
2701,"1","Knee-down Right","2026-04-22T00:01:58.865902Z",2699,0.901,"2026-04-22T00:01:58.865920Z","/data/local-files/?d=downloads/pitch-pix-69dffdcf4623c9b557b9c32a-6334-6341.mp4"
2702,"1","Knee-down Right","2026-04-22T00:02:00.175194Z",2700,1.037,"2026-04-22T00:02:00.175211Z","/data/local-files/?d=downloads/pitch-pix-69dffdcf4623c9b557b9c32a-6352-6364.mp4"
2703,"1","Knee-down Right","2026-04-22T00:02:04.575260Z",2701,4.127,"2026-04-22T00:02:04.575271Z","/data/local-files/?d=downloads/pitch-pix-69dffdcf4623c9b557b9c32a-6387-6395.mp4"
2704,"1","Knee-down Right","2026-04-22T00:02:06.021068Z",2702,1.217,"2026-04-22T00:02:06.021087Z","/data/local-files/?d=downloads/pitch-pix-69dffdcf4623c9b557b9c32a-640-652.mp4"
2705,"1","Knee-down Right","2026-04-22T00:02:07.556545Z",2703,1.259,"2026-04-22T00:02:07.556561Z","/data/local-files/?d=downloads/pitch-pix-69dffdcf4623c9b557b9c32a-6401-6410.mp4"
2706,"1","Knee-down Right","2026-04-22T00:02:08.833689Z",2704,1.012,"2026-04-22T00:02:08.833705Z","/data/local-files/?d=downloads/pitch-pix-69dffdcf4623c9b557b9c32a-6455-6464.mp4"
2707,"1","Knee-down Right","2026-04-22T00:02:10.076740Z",2705,0.991,"2026-04-22T00:02:10.076756Z","/data/local-files/?d=downloads/pitch-pix-69dffdcf4623c9b557b9c32a-6491-6500.mp4"
2708,"1","Knee-down Right","2026-04-22T00:02:12.878075Z",2706,2.521,"2026-04-22T00:02:12.878093Z","/data/local-files/?d=downloads/pitch-pix-69dffdcf4623c9b557b9c32a-6561-6569.mp4"
2709,"1","Knee-down Right","2026-04-22T00:02:14.085323Z",2707,0.945,"2026-04-22T00:02:14.085343Z","/data/local-files/?d=downloads/pitch-pix-69dffdcf4623c9b557b9c32a-6579-6587.mp4"
2710,"1","Knee-down Right","2026-04-22T00:02:15.475455Z",2708,1.113,"2026-04-22T00:02:15.475475Z","/data/local-files/?d=downloads/pitch-pix-69dffdcf4623c9b557b9c32a-6600-6609.mp4"
2711,"1","Knee-down Right","2026-04-22T00:02:16.659283Z",2709,0.924,"2026-04-22T00:02:16.659298Z","/data/local-files/?d=downloads/pitch-pix-69dffdcf4623c9b557b9c32a-6621-6629.mp4"
2712,"1","Knee-down Right","2026-04-22T00:02:18.380776Z",2710,1.441,"2026-04-22T00:02:18.380798Z","/data/local-files/?d=downloads/pitch-pix-69dffdcf4623c9b557b9c32a-671-680.mp4"
2713,"1","Knee-down Right","2026-04-22T00:02:19.830658Z",2711,1.17,"2026-04-22T00:02:19.830674Z","/data/local-files/?d=downloads/pitch-pix-69dffdcf4623c9b557b9c32a-6801-6809.mp4"
2714,"1","Knee-down Right","2026-04-22T00:02:21.198345Z",2712,1.09,"2026-04-22T00:02:21.198362Z","/data/local-files/?d=downloads/pitch-pix-69dffdcf4623c9b557b9c32a-688-697.mp4"
2715,"1","Knee-down Right","2026-04-22T00:02:22.636678Z",2713,1.158,"2026-04-22T00:02:22.636694Z","/data/local-files/?d=downloads/pitch-pix-69dffdcf4623c9b557b9c32a-7041-7048.mp4"
2716,"1","Knee-down Right","2026-04-22T00:02:23.881176Z",2714,0.975,"2026-04-22T00:02:23.881191Z","/data/local-files/?d=downloads/pitch-pix-69dffdcf4623c9b557b9c32a-7059-7067.mp4"
2717,"1","Knee-down Right","2026-04-22T00:02:25.183269Z",2715,1.039,"2026-04-22T00:02:25.183288Z","/data/local-files/?d=downloads/pitch-pix-69dffdcf4623c9b557b9c32a-7078-7086.mp4"
2718,"1","Knee-down Right","2026-04-22T00:02:26.837757Z",2716,1.341,"2026-04-22T00:02:26.837768Z","/data/local-files/?d=downloads/pitch-pix-69dffdcf4623c9b557b9c32a-708-722.mp4"
2719,"1","Knee-down Right","2026-04-22T00:02:28.351120Z",2717,1.257,"2026-04-22T00:02:28.351134Z","/data/local-files/?d=downloads/pitch-pix-69dffdcf4623c9b557b9c32a-7102-7109.mp4"
2720,"1","Knee-down Right","2026-04-22T00:02:29.741007Z",2718,1.117,"2026-04-22T00:02:29.741024Z","/data/local-files/?d=downloads/pitch-pix-69dffdcf4623c9b557b9c32a-7123-7132.mp4"
2721,"1","Knee-down Right","2026-04-22T00:02:31.079024Z",2719,1.071,"2026-04-22T00:02:31.079041Z","/data/local-files/?d=downloads/pitch-pix-69dffdcf4623c9b557b9c32a-7167-7176.mp4"
2722,"1","Knee-down Right","2026-04-22T00:02:32.382072Z",2720,1.023,"2026-04-22T00:02:32.382092Z","/data/local-files/?d=downloads/pitch-pix-69dffdcf4623c9b557b9c32a-7186-7199.mp4"
2723,"1","Bad Video","2026-04-22T00:02:40.450995Z",2721,7.797,"2026-04-22T00:02:40.451009Z","/data/local-files/?d=downloads/pitch-pix-69dffdcf4623c9b557b9c32a-7232-7240.mp4"
2724,"1","Knee-down Right","2026-04-22T00:02:42.341967Z",2722,1.61,"2026-04-22T00:02:42.341981Z","/data/local-files/?d=downloads/pitch-pix-69dffdcf4623c9b557b9c32a-7311-7319.mp4"
2725,"1","Knee-down Right","2026-04-22T00:02:43.778511Z",2723,1.185,"2026-04-22T00:02:43.778521Z","/data/local-files/?d=downloads/pitch-pix-69dffdcf4623c9b557b9c32a-7359-7367.mp4"
2726,"1","Knee-down Right","2026-04-22T00:02:44.983032Z",2724,0.968,"2026-04-22T00:02:44.983052Z","/data/local-files/?d=downloads/pitch-pix-69dffdcf4623c9b557b9c32a-7378-7387.mp4"
2727,"1","Knee-down Right","2026-04-22T00:02:46.317450Z",2725,1.066,"2026-04-22T00:02:46.317474Z","/data/local-files/?d=downloads/pitch-pix-69dffdcf4623c9b557b9c32a-7402-7413.mp4"
2728,"1","Knee-down Right","2026-04-22T00:02:47.574785Z",2726,0.987,"2026-04-22T00:02:47.574800Z","/data/local-files/?d=downloads/pitch-pix-69dffdcf4623c9b557b9c32a-742-750.mp4"
2729,"1","Knee-down Right","2026-04-22T00:02:48.811137Z",2727,0.976,"2026-04-22T00:02:48.811156Z","/data/local-files/?d=downloads/pitch-pix-69dffdcf4623c9b557b9c32a-761-771.mp4"
2730,"1","Knee-down Right","2026-04-22T00:02:49.976589Z",2728,0.915,"2026-04-22T00:02:49.976616Z","/data/local-files/?d=downloads/pitch-pix-69dffdcf4623c9b557b9c32a-778-786.mp4"
2731,"1","Knee-down Right","2026-04-22T00:02:51.187322Z",2729,0.93,"2026-04-22T00:02:51.187340Z","/data/local-files/?d=downloads/pitch-pix-69dffdcf4623c9b557b9c32a-796-804.mp4"
2732,"1","Knee-down Right","2026-04-22T00:02:52.732808Z",2730,1.24,"2026-04-22T00:02:52.732824Z","/data/local-files/?d=downloads/pitch-pix-69dffdcf4623c9b557b9c32a-8154-8161.mp4"
2733,"1","Knee-down Right","2026-04-22T00:02:54.087560Z",2731,1.041,"2026-04-22T00:02:54.087576Z","/data/local-files/?d=downloads/pitch-pix-69dffdcf4623c9b557b9c32a-8172-8179.mp4"
2734,"1","Knee-down Right","2026-04-22T00:02:55.449656Z",2732,1.096,"2026-04-22T00:02:55.449680Z","/data/local-files/?d=downloads/pitch-pix-69dffdcf4623c9b557b9c32a-8191-8199.mp4"
2735,"1","Knee-down Right","2026-04-22T00:02:56.797239Z",2733,1.05,"2026-04-22T00:02:56.797258Z","/data/local-files/?d=downloads/pitch-pix-69dffdcf4623c9b557b9c32a-8212-8220.mp4"
2736,"1","Knee-down Right","2026-04-22T00:02:58.032496Z",2734,0.939,"2026-04-22T00:02:58.032512Z","/data/local-files/?d=downloads/pitch-pix-69dffdcf4623c9b557b9c32a-8234-8244.mp4"
2737,"1","Knee-down Right","2026-04-22T00:02:59.282502Z",2735,0.963,"2026-04-22T00:02:59.282518Z","/data/local-files/?d=downloads/pitch-pix-69dffdcf4623c9b557b9c32a-8259-8267.mp4"
2738,"1","Knee-down Right","2026-04-22T00:03:00.668861Z",2736,1.105,"2026-04-22T00:03:00.668875Z","/data/local-files/?d=downloads/pitch-pix-69dffdcf4623c9b557b9c32a-8282-8292.mp4"
2739,"1","Knee-down Right","2026-04-22T00:03:02.328365Z",2737,1.38,"2026-04-22T00:03:02.328383Z","/data/local-files/?d=downloads/pitch-pix-69dffdcf4623c9b557b9c32a-8309-8317.mp4"
2740,"1","Knee-down Right","2026-04-22T00:03:03.546465Z",2738,0.937,"2026-04-22T00:03:03.546481Z","/data/local-files/?d=downloads/pitch-pix-69dffdcf4623c9b557b9c32a-837-844.mp4"
2741,"1","Knee-down Right","2026-04-22T00:03:04.735551Z",2739,0.902,"2026-04-22T00:03:04.735568Z","/data/local-files/?d=downloads/pitch-pix-69dffdcf4623c9b557b9c32a-8507-8515.mp4"
2742,"1","Knee-down Right","2026-04-22T00:03:05.957589Z",2740,0.939,"2026-04-22T00:03:05.957604Z","/data/local-files/?d=downloads/pitch-pix-69dffdcf4623c9b557b9c32a-8527-8535.mp4"
2743,"1","Knee-down Right","2026-04-22T00:03:07.126174Z",2741,0.901,"2026-04-22T00:03:07.126189Z","/data/local-files/?d=downloads/pitch-pix-69dffdcf4623c9b557b9c32a-8553-8563.mp4"
2744,"1","Knee-down Right","2026-04-22T00:03:08.538729Z",2742,1.117,"2026-04-22T00:03:08.538750Z","/data/local-files/?d=downloads/pitch-pix-69dffdcf4623c9b557b9c32a-856-864.mp4"
2745,"1","Knee-down Right","2026-04-22T00:03:09.990703Z",2743,1.165,"2026-04-22T00:03:09.990721Z","/data/local-files/?d=downloads/pitch-pix-69dffdcf4623c9b557b9c32a-8589-8597.mp4"
2746,"1","Knee-down Right","2026-04-22T00:03:11.194159Z",2744,0.916,"2026-04-22T00:03:11.194178Z","/data/local-files/?d=downloads/pitch-pix-69dffdcf4623c9b557b9c32a-8630-8638.mp4"
2747,"1","Knee-down Right","2026-04-22T00:03:12.372115Z",2745,0.901,"2026-04-22T00:03:12.372131Z","/data/local-files/?d=downloads/pitch-pix-69dffdcf4623c9b557b9c32a-8649-8657.mp4"
2748,"1","Knee-down Right","2026-04-22T00:03:13.784137Z",2746,1.144,"2026-04-22T00:03:13.784157Z","/data/local-files/?d=downloads/pitch-pix-69dffdcf4623c9b557b9c32a-8679-8688.mp4"
2749,"1","Knee-down Right","2026-04-22T00:03:18.492376Z",2747,4.419,"2026-04-22T00:03:18.492391Z","/data/local-files/?d=downloads/pitch-pix-69dffdcf4623c9b557b9c32a-8708-8716.mp4"
2750,"1","Knee-down Right","2026-04-22T00:03:23.604735Z",2748,4.837,"2026-04-22T00:03:23.604747Z","/data/local-files/?d=downloads/pitch-pix-69dffdcf4623c9b557b9c32a-8726-8740.mp4"
2751,"1","Knee-down Right","2026-04-22T00:03:24.946437Z",2749,1.1,"2026-04-22T00:03:24.946455Z","/data/local-files/?d=downloads/pitch-pix-69dffdcf4623c9b557b9c32a-876-885.mp4"
2752,"1","Knee-down Right","2026-04-22T00:03:26.300234Z",2750,1.051,"2026-04-22T00:03:26.300248Z","/data/local-files/?d=downloads/pitch-pix-69dffdcf4623c9b557b9c32a-899-910.mp4"
2753,"1","Knee-down Right","2026-04-22T00:03:27.638080Z",2751,1.082,"2026-04-22T00:03:27.638091Z","/data/local-files/?d=downloads/pitch-pix-69dffdcf4623c9b557b9c32a-9172-9184.mp4"
2754,"1","Knee-down Right","2026-04-22T00:03:28.997788Z",2752,1.127,"2026-04-22T00:03:28.997805Z","/data/local-files/?d=downloads/pitch-pix-69dffdcf4623c9b557b9c32a-9204-9212.mp4"
2755,"1","Knee-down Right","2026-04-22T00:03:30.193830Z",2753,0.919,"2026-04-22T00:03:30.193850Z","/data/local-files/?d=downloads/pitch-pix-69dffdcf4623c9b557b9c32a-9221-9229.mp4"
2756,"1","Knee-down Right","2026-04-22T00:03:31.492049Z",2754,1.035,"2026-04-22T00:03:31.492067Z","/data/local-files/?d=downloads/pitch-pix-69dffdcf4623c9b557b9c32a-9236-9245.mp4"
2757,"1","Knee-down Right","2026-04-22T00:03:32.775643Z",2755,1.016,"2026-04-22T00:03:32.775653Z","/data/local-files/?d=downloads/pitch-pix-69dffdcf4623c9b557b9c32a-9253-9264.mp4"
2758,"1","Knee-down Right","2026-04-22T00:03:34.084654Z",2756,1.077,"2026-04-22T00:03:34.084671Z","/data/local-files/?d=downloads/pitch-pix-69dffdcf4623c9b557b9c32a-930-938.mp4"
2759,"1","Knee-down Right","2026-04-22T00:03:35.373890Z",2757,0.993,"2026-04-22T00:03:35.373907Z","/data/local-files/?d=downloads/pitch-pix-69dffdcf4623c9b557b9c32a-9325-9334.mp4"
2760,"1","Knee-down Right","2026-04-22T00:03:36.630849Z",2758,0.961,"2026-04-22T00:03:36.630865Z","/data/local-files/?d=downloads/pitch-pix-69dffdcf4623c9b557b9c32a-9356-9370.mp4"
2761,"1","Knee-down Right","2026-04-22T00:03:37.862451Z",2759,0.927,"2026-04-22T00:03:37.862463Z","/data/local-files/?d=downloads/pitch-pix-69dffdcf4623c9b557b9c32a-9399-9408.mp4"
2762,"1","Knee-down Right","2026-04-22T00:03:39.025145Z",2760,0.883,"2026-04-22T00:03:39.025161Z","/data/local-files/?d=downloads/pitch-pix-69dffdcf4623c9b557b9c32a-9415-9424.mp4"
2763,"1","Knee-down Right","2026-04-22T00:03:40.215051Z",2761,0.923,"2026-04-22T00:03:40.215067Z","/data/local-files/?d=downloads/pitch-pix-69dffdcf4623c9b557b9c32a-9438-9446.mp4"
2764,"1","Knee-down Right","2026-04-22T00:03:41.393373Z",2762,0.896,"2026-04-22T00:03:41.393388Z","/data/local-files/?d=downloads/pitch-pix-69dffdcf4623c9b557b9c32a-945-952.mp4"
2765,"1","Knee-down Right","2026-04-22T00:03:43.132326Z",2763,1.46,"2026-04-22T00:03:43.132340Z","/data/local-files/?d=downloads/pitch-pix-69dffdcf4623c9b557b9c32a-9499-9515.mp4"
2766,"1","Knee-down Right","2026-04-22T00:03:44.881262Z",2764,1.446,"2026-04-22T00:03:44.881280Z","/data/local-files/?d=downloads/pitch-pix-69dffdcf4623c9b557b9c32a-9545-9553.mp4"
2767,"1","Knee-down Right","2026-04-22T00:03:46.132624Z",2765,0.972,"2026-04-22T00:03:46.132645Z","/data/local-files/?d=downloads/pitch-pix-69dffdcf4623c9b557b9c32a-9583-9591.mp4"
2768,"1","Knee-down Right","2026-04-22T00:03:47.806242Z",2766,1.401,"2026-04-22T00:03:47.806259Z","/data/local-files/?d=downloads/pitch-pix-69dffdcf4623c9b557b9c32a-9599-9611.mp4"
2769,"1","Knee-down Right","2026-04-22T00:03:48.941665Z",2767,0.859,"2026-04-22T00:03:48.941684Z","/data/local-files/?d=downloads/pitch-pix-69dffdcf4623c9b557b9c32a-963-976.mp4"
2770,"1","Knee-down Right","2026-04-22T00:03:50.138623Z",2768,0.919,"2026-04-22T00:03:50.138642Z","/data/local-files/?d=downloads/pitch-pix-69dffdcf4623c9b557b9c32a-9639-9650.mp4"
2771,"1","Bad Video","2026-04-22T00:03:56.614323Z",2769,6.201,"2026-04-22T00:03:56.614343Z","/data/local-files/?d=downloads/pitch-pix-69dffdcf4623c9b557b9c32a-997-1021.mp4"
